0,0,0,0,0,0,0,0,0,0,0,0,0,0,0,0,0,0,0,0,0,0,0,0,0,0,0,0,0,0,0,0,0,0,0,0,0,0,0,0,0,0,0,0,0,0,0,0,0,0,0,0,0,0,0,0,0,0,0,0,0,0,0,0,0,0,0,0,0,0,0,0,0,0,0,0,0,0,0,0,0,0,0,0,0,0,0,0,0,0,0,0,0,0,0,0,0,0,0,0,0,0,0
0,5.9302620991210146e-07,1.1580879730445585e-05,0.00016473639675488656,0.0017123480341225338,0.013088883279292538,0.074493053613018695,0.32164647620992731,1.0794353932934315,2.8947287328406226,6.3858222312699429,11.922812284496819,19.349762600772603,27.9681463865656,36.795772276673354,44.920063742313943,51.746633044724931,57.06149043238662,60.945634341798922,63.629605196249706,65.362183956687488,66.334859011267966,66.679604604765331,66.497794550173651,65.875362376431653,64.889630375392372,63.612247420884749,62.110137916607869,60.445408259230383,58.674733177133568,56.848526340339482,55.010090849946643,53.19488418388331,51.430012186116244,49.734059793198711,48.117381807477841,46.58299436659351,45.128238192798825,43.747405727040203,42.43553130508505,41.193482225052669,40.034276059843734,38.989986723930386,38.117328015836975,37.497365272547533,37.219800346239424,37.333804100785173,37.735921225796538,37.959514232135383,36.865402503462718,32.424384813615305,22.418873503502997,8.4017375043539779,6.3387262226408607,13.190960218133128,11.897640756317111,9.5778076731571691,20.480949343130298,31.770521220359971,35.750681260914462,34.10953148172878,30.1059252406226,25.908836295283876,22.482953134408341,20.039767328643659,18.429585323881689,17.37666326376517,16.596077818214336,15.842309934864886,14.923855683180197,13.703121878762175,12.091168878407343,10.041517995829025,7.5445699177909056,4.6229630284586394,1.327715506376911,-2.2651409761024208,-6.0577078105899318,-9.9333276311824292,-13.759710944831417,-17.391974879314436,-20.675243951612927,-23.445984277423623,-25.530010600179132,-26.734290709240863,-26.85315090580086,-25.714896160060743,-23.263864463312569,-19.650455807995666,-15.278452069234536,-10.754796289958044,-6.7254160066602866,-3.6573896702273365,-1.689205411198343,-0.64579071507505525,-0.19892470239477397,-0.04806343433953307,-0.0088855486173705887,-0.0012308782794470546,-0.00012577113297528782,-9.3821362038175838e-06,-5.0768184084773663e-07,-1.1180776370430405e-08
0,1.1572334595903859e-05,0.00021001251868657531,0.0027738760147065916,0.026784915753778043,0.19054138889379843,1.0125760583339716,4.1019473597672018,12.993045643864033,33.111136871133539,69.906314294151741,125.78496811681735,198.00324290944064,279.17246299621343,359.98856916102233,432.37443156339054,491.4292785060386,535.70959863407086,566.31727502769343,585.57532203620349,595.89822293455723,599.17193172739042,596.74756603578226,589.6853086220284,578.88770555771532,565.16227848172662,549.24936702573973,531.83162335047098,513.53367189810876,494.91672406957127,476.47099520630212,458.60775195353119,441.65229274634879,425.83896978367511,411.30934998675673,398.11476567624561,386.22474155698558,375.54312798010204,365.93411773835015,357.26059264489169,349.43702655709507,342.49769801999184,336.67642811553117,332.48298316860001,330.7370038114567,332.47158608757792,338.52976446216786,348.53880776835922,358.80546315652339,358.80510935262117,327.36338063936483,235.43991745587959,79.987369954695481,11.030287848224438,62.45543346819116,60.862066784537319,69.043760535943818,179.47946975128585,275.51644261449184,288.8766462532455,249.61847130298258,193.80023725207974,142.25706950348581,102.94439191198191,76.609602916369766,60.876324497329989,52.473636518421422,48.255012619627031,45.573749254087815,42.361540822671543,37.091283751058974,28.708276709560618,16.563811767673126,0.36143943473178752,-19.883892541400357,-43.877198604746397,-71.069292381254712,-100.68046701661095,-131.72424678896797,-163.03208261257035,-193.27820114905794,-221.00147360259783,-244.61681826797528,-262.39824864859844,-272.41194255793937,-272.58660610483491,-261.14496275241885,-237.35047325455133,-202.33940702283553,-159.60916324481087,-114.67642725946354,-73.702350007778207,-41.511359451257697,-20.02263676510189,-8.0633166594961576,-2.638633466186632,-0.68264075059628548,-0.1360526094231628,-0.02042971568230529,-0.0022722325629652741,-0.00018507251454714132,-1.0962581479232468e-05,-2.9833026842856359e-07
0,0.00016439143426718247,0.0027700363395327023,0.033913303004748555,0.30343607727885913,2.0022675538949919,9.89649204607292,37.448960911103356,111.44018858680552,268.59267915248842,540.17346473901659,932.47508692884071,1417.6863822210573,1942.1005272904897,2445.5207231232184,2879.8899954475892,3218.9289337911705,3457.7512853112057,3606.2153096385991,3680.6927330101894,3697.5248366416763,3669.6605492678286,3606.7372996073832,3516.4788332956327,3405.4913579510567,3279.6549556024379,3144.304229106091,3004.2933425609804,2863.9975032057778,2727.2806040968048,2597.4474327517446,2477.1920038613121,2368.5509389213962,2272.8691246111935,2190.7855852067592,2122.2481477783522,2066.5679456160506,2022.5271663831047,1988.5572591078808,1963.0079852755159,1944.5295381860651,1932.5848223406979,1928.0867722412181,1934.0932354506749,1956.3437185620182,2003.1026141758839,2083.1407251114374,2199.5669536410778,2335.62018802889,2427.5637940083038,2324.9572499405895,1769.6851816836659,543.8012083851429,-696.11304550009095,-702.2991183983147,-567.44477448389512,-20.168356609006096,1069.2626046536257,1618.3890200331075,1484.9416863221727,1021.4368745432583,505.84304953127867,72.403238485383199,-239.28945974661269,-435.86446697946957,-541.13011737039108,-581.94084657001736,-582.48442568064365,-562.61888287634122,-537.88412598379875,-520.05083539357315,-517.72530567793217,-536.84366993990034,-581.02662866606477,-651.81804596401525,-748.84503557465325,-869.93539080520441,-1011.220700485374,-1167.2438796200142,-1331.0795436491258,-1494.4639782497438,-1647.9159656835443,-1780.8030888220137,-1881.2493451431367,-1935.7790918838327,-1929.8556619435647,-1850.6167635436323,-1691.5185439496177,-1457.6071245378362,-1168.9918569731515,-859.611963849875,-569.68530978786634,-333.59572639321033,-168.75966341767648,-71.912856739535712,-25.113990201050211,-6.9869062700690741,-1.5068686292646025,-0.24598799201411442,-0.029832388926879561,-0.0026538836303464076,-0.00017183923698631631,-5.6827478597097788e-06
0,0.0017050271041779833,0.026687628429924695,0.30274123919064605,2.5069589807551655,15.3145890428755,70.214703765115999,247.38234212111038,689.02744224958292,1564.2866479272448,2983.9767175250363,4920.2121125992753,7192.8814171607501,9531.6344233031741,11669.211159684157,13414.253224498663,14678.798284486646,15465.542516497027,15834.408667255659,15867.334052102198,15642.69311180076,15223.420379508983,14658.082779373985,13986.394388202749,13242.483836833182,12456.581381083473,11655.830081127255,10864.594260995422,10104.483406145569,9394.2175462409068,8749.416969044627,8182.3665166602696,7701.7975899077628,7312.720196731716,7016.3453130069001,6810.1380111199869,6688.0590241099771,6641.0632028150094,6657.9502889746718,6726.6852206376134,6836.3334114725258,6979.759710585241,7157.1873601716024,7380.5000715722053,7677.5887046783055,8094.6559717354794,8691.3731355296295,9517.746694368172,10550.825578031283,11554.492330451449,11820.424190385418,9821.8141215279466,3228.4675929405166,-8600.0961287436203,-11763.81729533744,-10038.383182472908,-3547.0377402026497,4774.2038953424626,6558.044264809193,4422.4927245866957,1000.7937682361471,-2252.947811769603,-4785.1708359397944,-6510.3401575376511,-7534.3493685062158,-8016.2470276905733,-8110.3079901578776,-7947.2042422946506,-7631.6641744195886,-7245.7734235086618,-6853.2792807828828,-6503.2204289678084,-6232.4904780038296,-6067.4406099027674,-6024.7744128020249,-6111.9957106177781,-6327.6286854553018,-6661.3746746531624,-7094.3149803271299,-7599.2136472623033,-8140.9173001392992,-8676.777383320903,-9156.9095602816615,-9523.8802653091334,-9711.4980648808596,-9647.6378933165288,-9266.256197871915,-8527.3395114399373,-7440.0395147291711,-6079.8496506572137,-4588.088012432243,-3145.299760530374,-1921.6734039155965,-1023.4207394032506,-463.22392547756408,-173.26958553362132,-52.004947487376391,-12.167970835342208,-2.1629917526933018,-0.28618490741108293,-0.027785768930782981,-0.0019624248191601606,-7.7490642251766504e-05
0,0.012990901638097078,0.18921509924815333,1.9908220146614697,15.261104135782949,86.257835593133336,366.34787176293503,1199.2223221915178,3117.5478437868901,6643.8709352901697,11972.591065453509,18770.819823207145,26254.278701908581,33471.455010187477,39607.347539669841,44163.844419352266,46986.070618834849,48182.820606873065,48009.0987401772,46761.730397990825,44712.411736864153,42081.823236212986,39045.999805916203,35751.542428460547,32324.961420487147,28877.765175255612,25509.016865111709,22306.365944860961,19346.181459023061,16693.164874440041,14399.696603406741,12505.077070167017,11034.799680667551,9999.9645088012603,9396.9663037023238,9207.5988999100118,9399.7808861346457,9929.158084998804,10741.950575928004,11779.521762850774,12985.311258621976,14314.905262760298,15750.072388778941,17317.264310903945,19109.763100234311,21308.873675641309,24190.224556553101,28080.039262157661,33181.804806176566,39109.249648207202,43828.32145195773,41604.281842404984,19949.353654200015,-41429.223276746299,-65039.772530100163,-54642.551815118575,-17704.362696392272,19838.838776120418,18878.359106951932,3853.812038088603,-13253.826909849153,-27635.368545407968,-38073.287600425807,-44817.639967242969,-48567.958558678918,-50056.182899070678,-49909.91310329605,-48630.671127751724,-46611.208771570025,-44160.416715415195,-41524.653724317781,-38902.808247036846,-36455.567569402905,-34310.277477997661,-32562.827600404646,-31277.763781978691,-30487.557458242492,-30191.698404555988,-30356.06040018714,-30912.777614410257,-31760.674947566236,-32766.05833068199,-33763.354327624074,-34554.500756407382,-34906.503126489166,-34561.747898592177,-33275.046781850389,-30873.496771894334,-27327.626057676502,-22811.162971581707,-17717.695635710537,-12605.269135563824,-8063.0121484625452,-4536.1845408169356,-2187.8704196780186,-878.97411425447876,-285.21110593126383,-72.488988125975695,-14.035460057252813,-2.024329342531586,-0.21408151131463166,-0.016440194573128866,-0.00076094560979809544
0,0.073603640415152508,1.0008341665673874,9.7923617423634077,69.621671590540615,364.49585481471695,1434.3881571822199,4359.5737314093703,10560.45768332813,21069.192243726327,35732.174338355151,53006.436095329547,70502.393582206016,85844.932482874501,97337.824740197961,104205.87359411216,106481.82685653669,104722.36630716662,99714.013794750426,92257.265271975877,83052.992930802924,72675.543252830728,61596.479815234008,50214.624868548985,38875.107863412559,27880.390784686882,17496.061720832266,7953.3563936047776,-550.38369398693271,-7852.4460447271376,-13826.190470842881,-18382.764247680163,-21472.860982940969,-23088.191178091874,-23262.42998115853,-22071.210235289494,-19630.705355998143,-16094.048063706843,-11644.622413681489,-6484.7982408791331,-818.16596038489183,5177.4235500533368,11389.527244515179,17827.536784663011,24699.056938305173,32504.10915389593,42128.05362640613,54868.325564286577,72218.192327578756,94972.356972573034,120658.2892147157,137169.34375613471,108512.34805352734,-53664.963592092048,-127166.21942665632,-92217.514652637939,12917.121815960711,83136.670540601088,39126.280736813082,-28277.426495258256,-88790.649421528753,-134389.90043464227,-165326.81810883828,-184246.01570880652,-193988.84480619832,-196934.18901944251,-194916.81588143061,-189324.51450082049,-181222.38161857723,-171455.27836811595,-160719.00500218605,-149604.00325642637,-138618.54481403399,-128197.9141474404,-118704.79533336086,-110424.70089902973,-103559.23288918212,-98219.107253595823,-94418.258829163839,-92069.779492234316,-90983.952827212648,-90868.090689048026,-91327.213516073956,-91863.562330201341,-91874.483681984188,-90679.327559376761,-87601.290415907628,-82095.057470255313,-73902.667438433884,-63202.485121303755,-50695.372854169553,-37561.643643630719,-25240.247313818232,-15046.259933680782,-7751.9909946676344,-3350.3885665166481,-1176.0827651643583,-324.56762057020171,-68.350621420617443,-10.719310693961852,-1.2304228423945511,-0.10228165862397896,-0.0054445299421205925
0,0.31590771417580488,4.0291150049940114,36.814556962332489,243.64277080565682,1184.8957231551792,4328.8475068840562,12225.764241370731,27581.79095386498,51411.136044661391,81742.70860188792,114058.9253587459,143070.97757106947,164526.12861300979,176135.01647237787,177544.14588167373,169762.17312593453,154476.20746005414,133515.65701243604,108544.69167194801,80957.743916392108,51904.065312074323,22349.710140786123,-6878.8486771026237,-35066.211086981792,-61590.277419220889,-85912.468698979748,-107572.95957415372,-126189.47927404994,-141458.00178034042,-153154.92131574883,-161139.6720268263,-165357.82852212084,-165843.77352088358,-162722.92331054641,-156212.3577665682,-146619.33582214831,-134335.88723592376,-119827.82212906457,-103614.91406056183,-86238.162314696805,-68207.470786281207,-49920.237157617674,-31536.978764713265,-12795.679763987884,7255.266961874152,30615.346145875774,60743.165530717582,102830.82445894509,163328.51449441854,247003.81736559118,347034.14508649969,416734.44748805102,294603.49376892921,223445.47825419848,286844.49185903429,385151.85714792938,278154.44687283307,45035.286960567479,-163159.5655673884,-318306.60109095753,-424032.98832235503,-491122.62151774828,-529749.58774170466,-547707.11071646924,-550548.21543134213,-542172.40888353041,-525384.45961147978,-502309.89936026395,-474669.26704046462,-443943.20440208161,-411461.14387185249,-378439.65243294963,-345989.12985369825,-315101.86528411647,-286630.27286868717,-261261.32394659272,-239491.30176890417,-221603.63630243929,-207651.61179024036,-197446.73774670577,-190552.72422606649,-186283.82945835363,-183705.1348147114,-181635.20860976665,-178697.82343036131,-173454.86032722058,-164602.93695374756,-151220.07281827659,-133036.46560955918,-110673.8691985919,-85756.519480900461,-60760.391512979069,-38488.525135014934,-21218.519259386452,-9869.7654195849791,-3744.5796649074864,-1119.6460805039976,-255.59603637005841,-43.398402981856634,-5.3791409748821737,-0.48120906679077097,-0.028901595734044438
0,1.0520387409173346,12.659908379089755,108.63289197537254,672.66390579580604,3052.2264174521783,10387.392129711829,27317.341461974396,57417.751491622672,99804.035701403642,148078.88667984467,192734.73092719345,224985.38435918954,239445.35777804031,234704.585139826,212390.0380986185,175741.61752485973,128411.94754849344,73746.993426099754,14515.6735443372,-47059.166268499801,-109141.74682390415,-170161.91969794943,-228767.98260724475,-283794.36889273662,-334239.51881934481,-379252.84838317049,-418127.28164850728,-450296.34382622171,-475333.42198541987,-492953.34527695784,-503014.677985302,-505523.40708274517,-500636.47758129879,-488665.73282709968,-470080.23050854448,-445506.68215747853,-415724.94122516643,-381656.52848645533,-344340.82582801662,-304892.66847451439,-264429.41860552423,-223949.68571452284,-184133.71313036437,-145018.70715868729,-105476.95661529615,-62394.030873114425,-9419.0322313543729,64811.023532789361,178837.95832576684,359942.78908866894,641409.96660616598,1043980.6843813915,1507800.5300898943,1681006.7141321539,1712023.0787390468,1451914.3518466351,591544.79532620765,-72393.272465387054,-521760.524189041,-811533.43012216955,-991940.74058872648,-1099044.6557145994,-1156453.2121034861,-1179026.3927085958,-1176066.380846435,-1153566.0112890301,-1115656.1856045593,-1065484.497563611,-1005719.0426964513,-938815.20466630964,-867136.1484814001,-792985.09289896023,-718586.08281409694,-646036.3298637761,-577245.1108994761,-513868.62020691612,-457247.45863019529,-408350.85766421113,-367730.93146549631,-335488.46718666423,-311251.19690186449,-294163.55365910009,-282886.28375785821,-275607.86421431921,-270120.30143341504,-263981.85669691558,-254736.01035523575,-240190.74873190085,-218778.19531011954,-189998.28309086111,-154881.17966374836,-116262.62473691255,-78509.218771573069,-46376.16391481398,-23203.96682249428,-9493.1704310414734,-3063.6933619176307,-754.36516494992259,-137.85829751163268,-18.33065654056584,-1.7524094040233009,-0.11657476530308325
0,2.7941727424863099,31.937419522101646,259.05811884095726,1510.160142483865,6428.7419547900427,20471.025351619119,50273.777613071063,98511.189693188586,159283.29771187829,218988.00703684293,262202.17554519221,277765.81032102666,261464.78247149196,215199.96105031125,144474.32000262369,55926.437161565635,-44277.529093956946,-151129.45445260394,-260808.26914330205,-370371.86400875333,-477395.46599346318,-579783.49797782768,-675733.38173808192,-763706.93797761528,-842408.45945676498,-910769.42637741251,-967938.16360439581,-1013272.795212041,-1046336.8239861425,-1066896.605566547,-1074921.0431229533,-1070582.9503225638,-1054262.4714594383,-1026551.7457495659,-988260.40838148294,-940420.38376072631,-884288.02207491442,-821340.49515940098,-753261.29320795136,-681906.84318923461,-609239.5634373863,-537203.06957964797,-467495.56433388958,-401166.15531124355,-337900.44450008933,-274765.19304613286,-204011.20203181237,-109261.37588963786,41027.623893661075,304561.00663907669,783112.49885716755,1650082.4789638584,3188379.5650407099,3800740.9901826992,3650079.8000794575,2630345.3789748745,584599.0690772332,-576534.67907321267,-1243946.3215230678,-1629150.3937380626,-1850451.9386825,-1972999.7319675363,-2032262.2916311147,-2047485.9320859234,-2029296.663960878,-1983940.0927996724,-1915607.2362861526,-1827675.6439392194,-1723336.0679584502,-1605871.272700195,-1478738.8389001477,-1345544.2344044456,-1209955.0318101139,-1075585.3370694111,-945869.25877967477,-823933.9501150985,-712480.36957059556,-613676.09717289475,-529064.67849727382,-459493.67431758903,-405063.92520957743,-365100.17173477542,-338143.13745694602,-321966.79349961958,-313665.67392472771,-309808.90035377693,-306606.29796890274,-300110.16944311361,-286541.6794714398,-262869.04308604763,-227721.10054973981,-182486.81136605202,-131982.1295226753,-83681.515767241508,-44993.552986075381,-19785.674191125599,-6857.8199685612935,-1810.0629427584165,-353.53599618721489,-50.053529849341352,-5.0742866871301064,-0.36743378690898715
0,6.0913078341419569,66.591757263693893,514.17255935113678,2840.748905010108,11414.365460804745,34175.851243022618,78615.930379537458,143630.69372743421,215065.19995893122,270643.89511725941,290195.05609639821,263111.68955796462,189536.28714967251,77083.773451536472,-63545.339631631388,-221878.62832806865,-389332.98171175289,-559562.31097203516,-728060.43281362834,-891497.41775376874,-1047146.9400541057,-1192647.4391842531,-1325989.9201668657,-1445497.6041040053,-1549808.1079831603,-1637855.0600328029,-1708854.4384651224,-1762289.0215494747,-1797897.7047418747,-1815663.2914738562,-1815806.7798372007,-1798781.1135773861,-1765272.8404494794,-1716204.1978821568,-1652743.0013067061,-1576312.9089850495,-1488609.0549966691,-1391611.8399566645,-1287599.4275843529,-1179149.2439118326,-1069118.1836795469,-960577.95410052571,-856663.12773938489,-760252.81689251913,-673331.15043103741,-595735.34662948747,-522719.11924254295,-440235.86695309216,-315772.59750446072,-80436.300106428665,406498.25354503357,1429068.3540243253,3562610.9933765195,4285389.8236906528,3778527.3322352776,2109749.6777791353,-532966.81467767432,-1761865.9652131421,-2388917.0361293014,-2716368.5027993522,-2889156.5424188217,-2975917.4981649765,-3008313.6738204653,-3000411.9983760579,-2958311.4743775502,-2884920.44268406,-2782284.7187878229,-2652665.1245475989,-2498971.902263016,-2324865.7918764576,-2134688.7867006571,-1933307.9639403585,-1725919.8319150042,-1517838.9384897256,-1314287.0886163912,-1120190.8150602805,-939994.1233031064,-777489.60814965121,-635672.12136506313,-516617.63454380212,-421390.81036824186,-349983.83187436976,-301287.69176514598,-273101.97868028388,-262216.1769138042,-264527.67673036002,-275098.1594112392,-288168.04163835186,-297268.80685924174,-295711.83395963942,-277815.8470012045,-241023.12374656298,-188235.31691454293,-128518.83850799914,-74210.427659852779,-34953.963656445987,-12940.460221076652,-3636.5631419339834,-753.46662188084065,-112.69858116664115,-12.019992350167705,-0.93261878531412679
0,11.209855357566578,118.0049845119016,873.29018399598453,4603.3782294549155,17564.627487601683,49686.767722822085,107330.49918243363,182575.24364095027,250974.22203171279,282272.55388218432,254667.21947213495,161892.98117779393,11338.631064464862,-182258.39331907858,-402848.23199429712,-636683.10213904257,-873539.20227716165,-1106442.984151822,-1330759.6748299995,-1543200.4423671036,-1741102.7218784406,-1922179.9901897323,-2084542.1144121876,-2226682.976474321,-2347467.3160182945,-2446105.9461002829,-2522137.1516055986,-2575397.3420564495,-2606001.2629375844,-2614313.8723798832,-2600935.7617365541,-2566682.9052303201,-2512583.7112013213,-2439873.5330625996,-2350008.5383814536,-2244680.2407443631,-2125849.0451364024,-1995781.0829374406,-1857100.8172491773,-1712846.6866816916,-1566532.9145231261,-1422202.9650020527,-1284457.0422681514,-1158409.7716560566,-1049481.0050095075,-962819.59397799347,-901922.69409474346,-865559.17685791908,-841098.68214300135,-790296.26518383471,-619064.92530167673,-112966.97547884376,1201707.5245230105,1224209.1536325258,271989.90405174601,-1336082.3752168419,-3089876.9066195479,-3607249.3935122802,-3805236.5745299524,-3877935.9194193617,-3902173.4436175693,-3903353.5529470989,-3885618.2425023639,-3845511.6524306363,-3778025.2996214055,-3679128.4338980508,-3546684.7476507029,-3380635.3401201512,-3182859.9948188337,-2956901.6156779639,-2707643.0631266139,-2440971.6030546832,-2163450.8420697479,-1882005.6735303483,-1603626.0066376389,-1335090.8734630535,-1082715.2486709701,-852121.32117786771,-648035.38464811165,-474114.22780570388,-332802.89160907047,-225230.81170968278,-151146.07911265703,-108897.69013539421,-95498.257315468145,-106709.12528051781,-136979.39843584655,-179209.72849918384,-224473.07931815129,-262093.0188693605,-280803.47583663603,-271724.3544677535,-232832.26509745512,-172336.47108594328,-106950.93064345447,-53794.88163151082,-21159.08254442384,-6288.8094551980121,-1372.0466619175852,-215.16062575560389,-23.960127605161986,-1.9647037265075979
0,17.876549396589667,182.3238544731019,1301.4031694266723,6585.5950721765012,23993.496893437914,64387.0893613312,130768.96874491154,206182.49863479476,255725.27538588166,243777.93348936731,150940.29909597497,-21261.459989226729,-256442.87454524674,-532677.14290975349,-829556.92745611619,-1131401.8844659352,-1427557.142242105,-1711308.0028454124,-1978475.7215677481,-2226210.6080724583,-2452241.3335678512,-2654669.3842494651,-2832027.4676704532,-2983270.4256827855,-3107763.3855708428,-3205245.6448830566,-3275804.2825390436,-3319826.0783062819,-3337965.5261960439,-3331095.1567102354,-3300278.0925460323,-3246727.7249482311,-3171796.137095788,-3076955.6068973937,-2963813.9468913572,-2834129.6274839132,-2689862.8003495112,-2533233.3809162839,-2366815.2275580131,-2193646.8930833344,-2017382.4328440111,-1842478.8973055403,-1674445.3657921653,-1520170.678056539,-1388355.9911953188,-1290072.0912376503,-1239423.3762247865,-1254234.3304782349,-1356454.8635377013,-1571598.8310250533,-1925625.3266091612,-2436138.1734448601,-3092456.8230389841,-4382765.9974503098,-5728149.4351631561,-6586698.2650903603,-6313016.9090975421,-5581262.6318721808,-5111068.570710849,-4826192.467761321,-4661325.0716307573,-4564801.0741845164,-4497823.9919940587,-4432457.1244197516,-4349490.5396087868,-4236588.6973749846,-4086804.5992262596,-3897412.7783863503,-3668996.4353402727,-3404714.5999609083,-3109701.8557754508,-2790557.6975822914,-2454901.8010104327,-2110976.4452225999,-1767285.0175065619,-1432262.4438478106,-1113971.3394048926,-819826.74500567024,-556344.00802152138,-328917.70674386341,-141627.66667486212,2913.8536789267937,103678.09203131877,161282.81103588131,177952.74430590292,157442.65378818472,105182.58540366688,28771.324304252859,-61236.905749286736,-150697.39057159575,-222462.95933406151,-259735.69311672362,-252724.13518395612,-205640.38845496534,-137674.34923689679,-73830.354400462573,-30714.202028611046,-9596.7185015720515,-2189.872936233804,-357.53913881999051,-41.284611989391244,-3.536267426818763
0,25.293969167266606,251.25805113200425,1739.1839229386417,8492.8972837059246,29677.481899343915,75753.013778784662,144476.31708981082,208948.25626499561,225349.64051970642,156318.95339563355,-11323.242990497181,-265921.31964082556,-581695.23136553727,-930576.13426820876,-1289488.8049028409,-1642479.1007808193,-1979741.0137398001,-2295658.5372184129,-2587006.2578723342,-2851678.1814270536,-3088031.2365058302,-3294785.4207011373,-3471124.0832530502,-3616682.8806441268,-3731531.9916882715,-3816125.5425025127,-3871262.1553182066,-3898016.4120755284,-3897689.3022182216,-3871734.9241150361,-3821713.707350546,-3749229.6233504941,-3655902.9339948245,-3543336.4923207792,-3413125.7164510875,-3266871.5228922293,-3106241.0322246342,-2933040.5232802876,-2749337.9716094364,-2557612.1221954231,-2360964.8737831963,-2163404.223583044,-1970259.1067011072,-1788801.1265943556,-1629222.8701797738,-1506221.6198350617,-1441629.8360594288,-1468905.0898193934,-1640979.8366811054,-2044419.9456763074,-2825717.9218668435,-4241842.2721777167,-6761052.2314574467,-9239819.8148136996,-10839784.210525177,-10881424.983640382,-8728138.7967856284,-6887394.8328258693,-5855627.7789789634,-5292463.8561233105,-4996321.6796955261,-4844158.7864440931,-4759159.201881825,-4692779.4020912517,-4614457.6752456147,-4505530.3081666213,-4355523.602539205,-4159801.3540352848,-3918012.2311381781,-3633006.002097636,-3310039.1181715298,-2956156.1620766805,-2579683.2628908819,-2189794.5622054236,-1796124.1172968645,-1408414.7978224696,-1036189.1206398685,-688447.15263619216,-373379.31390681054,-98106.844467742572,131560.04729614436,311326.17188791925,438583.41220259503,512528.74083269894,534149.29252846993,506130.20980395481,433037.4656831586,322034.29566682439,184207.61770676685,36108.488442715039,-99802.548334175837,-198221.77615842168,-239494.23853981271,-220751.22029443106,-160949.90710506108,-92109.595860727626,-40406.982115142637,-13207.828863478373,-3134.2664316231089,-529.60068176553534,-63.032918056422588,-5.5867534552012366
0,32.423219538535648,315.0009195466331,2123.3788380771848,10045.139557967808,33763.627908874943,82010.457973999728,146059.82726585679,189418.61353191049,161951.79520137751,28258.561366939739,-215711.16435706129,-547131.0234983149,-931526.35461578507,-1336369.4325216003,-1737779.6830542439,-2121069.3156851851,-2478346.2669022297,-2805738.5198845365,-3101330.8189596031,-3363964.3347237883,-3592775.511693188,-3787250.4725953597,-3947371.533422878,-4073598.6447174214,-4166839.725958392,-4228382.6600152897,-4259839.1858798843,-4263054.0917944573,-4240034.5995013891,-4192851.0197073501,-4123566.5240920503,-4034148.7603261713,-3926422.3297042907,-3802016.2080337089,-3662362.9951635404,-3508704.0042882571,-3342151.7269369215,-3163765.6876636073,-2974685.6194112515,-2776288.4787999159,-2570415.2529186043,-2359668.2052315148,-2147860.1378344926,-1940705.2305821485,-1746965.4742879055,-1580403.6683524433,-1463223.5784768492,-1432251.0504452111,-1550244.7335999291,-1926927.4107800387,-2758542.2782810382,-4402888.0059925197,-7521936.8322042562,-10403312.908478428,-12100594.61648426,-11873748.99420727,-9133285.7105346117,-6927287.8574420847,-5744779.7283141036,-5137026.1611667173,-4846192.1052183015,-4720565.0444908738,-4668912.589662767,-4635520.6840803567,-4586297.1523090499,-4500857.4161405265,-4367905.7854613168,-4182435.5363175869,-3943965.3899430116,-3655362.7225574679,-3322016.7358980207,-2951221.0004583318,-2551682.1464118445,-2133111.1748038651,-1705855.3631069371,-1280565.0518242554,-867867.47455423535,-478061.36137925339,-120808.78491156454,195151.8996636571,462291.25594361394,674542.53004399152,827532.21764082473,918755.99143008352,947593.14584856445,915183.68128393916,824600.61881236034,681730.78677161434,497115.3511598903,288481.58545756235,82547.698434293648,-87120.832732675102,-189830.04613384994,-213096.99771893647,-172741.89423688999,-106044.60972880022,-49017.687185989591,-16706.11892577212,-4104.5632504040768,-714.33058495019566,-87.21116518912622,-7.9395730065672607
0,38.339738189506967,365.37116154207996,2405.2689299546973,11047.791305571094,35742.173320630711,82351.66401677001,135098.70041441105,149125.07979372394,70972.521010014651,-129587.25044996287,-445646.85657648841,-843242.59411404678,-1280573.2003856858,-1722507.1375656861,-2146034.4494027784,-2538946.1957179788,-2896017.1783871227,-3215535.3147703651,-3497107.2463632682,-3740636.0770678814,-3946122.3673614883,-4113903.7145732334,-4244847.586568784,-4340322.6894073598,-4402151.4450756507,-4432525.0659777541,-4433926.1390602533,-4409017.2438238775,-4360543.9049881976,-4291210.76110759,-4203581.3387856847,-4099965.0767664388,-3982341.7232680833,-3852290.081700658,-3710967.2877005585,-3559104.9602849237,-3397062.0825900114,-3224897.4328869274,-3042493.292552365,-2849695.3573008524,-2646501.9935193206,-2433290.8587542474,-2211147.2123790914,-1982352.4711042682,-1751211.5806361381,-1525497.1822921077,-1319089.7849800361,-1156854.2498960239,-1083753.1641844341,-1181927.652788159,-1602651.0906196907,-2625608.3167124516,-4766750.2274592612,-7066607.5187314982,-8701324.6410382874,-8950716.2039090786,-7237319.5985292969,-5594434.3089511404,-4766750.736367139,-4393304.6671816334,-4263941.80680802,-4253945.4408124452,-4287918.784330586,-4319690.1002498055,-4321016.2826616131,-4275119.4221718349,-4172914.6679255688,-4010720.4909670884,-3788813.9244375327,-3510462.6074841334,-3181243.6970834755,-2808540.408888394,-2401144.1623937837,-1968929.3609002454,-1522553.1724804672,-1073177.6328225676,-632176.9899226235,-210849.2610374635,179897.378841331,529853.13254657621,829829.69424048043,1071965.4739069282,1250014.9179974243,1359587.4016877315,1398196.8301633641,1365095.6902275453,1261383.8434012982,1090981.8296667817,862933.90356300818,594967.65553198545,316871.14330494538,69762.282575309684,-104202.09823908818,-181077.01326269994,-170852.92558233594,-113905.17674750119,-55608.789732246274,-19733.683403701485,-5005.1010556148385,-893.99764490700238,-111.55030917443248,-10.374489673957811
0,42.465755768069222,397.61205068602652,2559.3698523486405,11415.510789101083,35462.052827457104,76803.124324131786,112553.98853217425,91174.258431445342,-41196.999737674625,-307083.33941042429,-687703.3778072024,-1138688.2257330343,-1612549.4039999256,-2073289.3098345562,-2500125.6068715723,-2884196.4085069178,-3223416.6659363816,-3518457.5225458383,-3770542.5252057239,-3980683.0832035332,-4149782.7263786178,-4279073.7951940699,-4370354.0580922859,-4425945.2741502579,-4448625.6167410742,-4441527.7607958168,-4408039.2681723051,-4351670.6254293313,-4275930.5693090446,-4184176.577855505,-4079482.4385280246,-3964497.4189951424,-3841338.9673679112,-3711497.6512615019,-3575792.4084316269,-3434352.8605508148,-3286659.2966740597,-3131606.2689056043,-2967610.3028411376,-2792716.5884790304,-2604721.4599593524,-2401267.0586355897,-2179936.907652718,-1938330.4672811679,-1674187.1583756413,-1385610.4177265626,-1071601.0492597907,-733209.19091331051,-375992.9371112982,-14992.031649319577,315550.25991738326,543988.94092650746,529148.57672812301,-431120.21783346788,-1865295.8985969452,-3159073.7433393681,-3643768.3716946635,-3258717.7421873002,-3167537.6511964439,-3237339.2475545425,-3383782.4859352023,-3552220.7903854507,-3706780.3453670242,-3823897.1959238676,-3888432.2273049834,-3891270.6709693256,-3827808.8321061237,-3696935.7021251866,-3500319.1426597973,-3241873.5552977677,-2927354.722654439,-2564053.4699823596,-2160549.6921151169,-1726519.8771919794,-1272544.4111875859,-809921.53818226012,-350433.78757405031,93902.781227853469,511148.03417084203,889762.18473958666,1218968.692421356,1489112.9022510971,1692016.6859791218,1821286.1194906661,1872404.7831446307,1842506.9414283049,1730367.0817361826,1537386.2804350206,1270298.1703609128,945775.64210861945,595538.15044140117,267389.56363079639,14927.263709420986,-125152.99564676553,-154677.43757630989,-114891.74640937228,-59647.509809073839,-22059.863663701013,-5768.3280855437806,-1055.1350624463507,-134.21822817323968,-12.704557987766908
0,44.610479750013965,410.48576504726412,2582.0113767605453,11155.743624739729,33043.956096711096,65938.509167318727,80115.834481031474,19167.999093610473,-168544.26121081234,-495937.6108685325,-932072.67085379886,-1423272.2772486852,-1918025.3663032607,-2380984.597064307,-2794643.19837907,-3154073.3043949925,-3460593.6400754079,-3717346.4385505118,-3927188.2214830425,-4092242.0739346212,-4214325.9189831987,-4295585.1167436885,-4338767.017896641,-4347165.972614347,-4324535.290153739,-4274970.3047183556,-4202786.5205642376,-4112369.2618517694,-4008020.0082899365,-3893782.1669449355,-3773272.1618656884,-3649509.0009529409,-3524767.6036229641,-3400456.5251089553,-3277041.4151817705,-3154013.2549796975,-3029912.5496889651,-2902390.6385771711,-2768304.3250598321,-2623797.8260607375,-2464356.901956989,-2284763.6491051088,-2078924.8707773788,-1839462.1455198315,-1556984.8801738096,-1218815.0074674271,-806883.12168161618,-294186.80036483041,361136.07073503669,1225877.6940952088,2408927.204049001,4090663.5285185701,6573547.34410189,7227234.8619529568,6080032.6325336937,3588624.9006660515,556222.01450124173,-555342.98469022498,-1333379.5037817545,-1916574.9697961204,-2373972.2302086796,-2737280.8989733262,-3019380.5465187682,-3224425.2726684501,-3353180.6102396166,-3405730.1094818376,-3382788.6926561114,-3286250.94383374,-3119353.9768820885,-2886653.3211281667,-2593934.8116496094,-2248136.6852532402,-1857288.1933142813,-1430483.3119924024,-977831.63704469323,-510394.36615041777,-40037.129501385505,420769.22920655936,859243.82779822755,1262639.2389662438,1618647.3685745262,1915822.6084124818,2144009.5148331053,2294732.3538938412,2361336.231590284,2338679.0609926009,2222941.7779858373,2012549.6186400217,1711218.4254131024,1333620.9860630452,912358.62518342561,501052.42662923905,164531.25379533894,-46810.875242151596,-124625.14790587228,-108913.70784726189,-60961.335020955317,-23585.955761882124,-6360.8999957426267,-1190.4592662053337,-154.15664861051914,-14.817487780994764
0,44.869511743709936,405.24123375189606,2484.0858662030942,10333.562699174197,28761.473415044249,50594.51954345165,39718.596889486813,-63372.695026466587,-305824.77501393156,-689545.53674246941,-1171553.348456399,-1690116.391185072,-2191286.1003734055,-2641662.113186643,-3027812.8593348176,-3349122.5467221416,-3610431.4703918514,-3817351.7693375624,-3974341.5643304992,-4084615.5767115387,-4150903.0749426777,-4176265.4211708298,-4164401.6018650923,-4119580.8808194255,-4046536.469963877,-3950336.8529518843,-3836244.1716134273,-3709548.2464799266,-3575385.1879725209,-3438538.1615589126,-3303229.4691522191,-3172914.6147100055,-3050089.2643620148,-2936130.3083274346,-2831181.5268525481,-2734103.4815571806,-2642486.6785706053,-2552721.4496995676,-2460101.1872205422,-2358907.4218624793,-2242433.1013557385,-2102841.7134739449,-1930788.8921855059,-1714611.7204343465,-1438883.6723067432,-1081852.3747512379,-611060.16016142338,24263.670555895667,906360.70775187493,2171848.0431352062,4051349.4293197319,6937420.4490355132,11499064.123658577,13597672.127600459,12789505.216906799,9357858.3174735028,4236128.0983372079,1855937.8396768637,340143.62980247842,-676634.55000295874,-1394318.8731110541,-1919158.7574451298,-2306281.3709795689,-2583841.128384131,-2766349.1345631378,-2861839.4736850234,-2875632.0211313516,-2812204.2867267639,-2676067.3351418474,-2472143.7738098241,-2205936.453212284,-1883658.5585454926,-1512363.3084627409,-1100111.6237873435,-656098.86953749461,-190747.47822966226,284330.40705576411,756464.63399881555,1212207.2390694548,1637699.0714539862,2019133.5584161174,2343256.9364948864,2597886.7363769175,2772395.3699290673,2857904.9455293771,2846870.0159882642,2732650.5266232439,2510290.3958519991,2179844.3443017891,1753109.7259251762,1262585.946359498,766880.19601120579,341799.69629138656,52221.441258287916,-81538.264885241049,-96263.200400061367,-59604.164973535699,-24306.436662844651,-6776.1044367254917,-1297.9305453785523,-171.01617708389938,-16.673907605358735
0,43.477830147027738,384.28655281456059,2282.8816128468206,9037.2196429042015,22941.093054900659,31671.44922653323,-6721.6926880916026,-153180.53452969852,-448413.07455729728,-882306.64945347805,-1400222.0197126025,-1933695.5878067017,-2427827.6884611403,-2852279.1051074998,-3198302.9647483253,-3469819.592823877,-3675203.5834599538,-3822474.5866873986,-3917630.3580627129,-3964942.9350310625,-3968039.3412490725,-3930886.7150390623,-3858122.3124979241,-3754976.0517436201,-3627151.6224996117,-3480690.0516333892,-3321814.375434231,-3156751.7506845067,-2991528.4221938471,-2831745.4933462981,-2682329.4704094455,-2547283.198432568,-2429435.2426164094,-2330231.138719066,-2249569.0333408331,-2185725.7065915707,-2135362.8014962063,-2093625.1960518544,-2054286.641858849,-2009890.5513369832,-1951809.4053639723,-1870102.3835888647,-1753062.6141282041,-1586220.111847932,-1350533.2819368532,-1019157.6688077187,-551861.70559528179,114762.33402603524,1084371.5011939195,2530722.5535668656,4749327.2730085654,8245534.4919962091,13881483.506366134,16901684.624039248,16481529.172891697,12723604.16181145,6541045.9195163175,3465063.5836616145,1545648.3442324786,292628.58477448014,-566779.7274258387,-1180403.3849739088,-1626810.8098321236,-1947391.9542006066,-2164264.381312205,-2289961.0048823068,-2332503.2210803065,-2297902.3812059066,-2191316.5095269242,-2017567.0311300901,-1781419.7765490909,-1487862.164242486,-1142422.7729445095,-751562.90334772435,-323025.58677874546,133876.51877181273,608157.0266597342,1087211.0269913685,1557080.6548824271,2002862.750702465,2409248.7194213518,2761127.579943982,3044213.6418723017,3245644.0110694161,3354226.786566183,3359887.1714102891,3252942.5966078318,3024666.6960577448,2670836.4702352234,2199531.6504747132,1642195.7941859781,1061613.5578315824,544310.63837908919,170356.11203753442,-26298.695570153701,-77337.85898622869,-55715.043053571855,-24257.266007085509,-7020.4966635478877,-1378.3476619331934,-184.85691930857593,-18.278388744606985
0,40.690139846155567,350.16555618198663,1996.1956807993477,7355.3431353207316,15903.320128125055,10035.824837680548,-57389.463565254133,-247191.91582265997,-591991.23585904227,-1068978.4805392516,-1612468.3470348427,-2148644.7283350793,-2623059.4521668488,-3009398.0627970044,-3304053.7605165876,-3515581.8155579916,-3655818.218483374,-3735076.5603783587,-3760805.1162024182,-3738283.001164949,-3672006.9758314569,-3566823.8312306157,-3428276.0565889762,-3262519.8292135024,-3076199.5505936681,-2876312.0075160372,-2670044.0743048335,-2464591.9729993581,-2266937.6499502882,-2083603.7495552227,-1920359.2557465767,-1781918.8723336936,-1671617.8477382753,-1591132.3353665548,-1540243.1941709334,-1516723.927434389,-1516341.6845101714,-1533007.6941307466,-1559013.9276583348,-1585301.1346574412,-1601648.1882477528,-1596650.0536273501,-1557364.147138109,-1468401.2407023502,-1310224.0842039371,-1056070.8727845787,-666617.92450175853,-80542.615237167862,802054.53641435353,2148820.8430054998,4245715.1457405221,7582922.5075500049,12996420.872571461,16262749.320221763,16280513.664502464,12964737.703374477,7030246.2348971702,4005348.8392992802,2120214.4921092214,888817.72257201094,41097.62287711852,-568498.97917357064,-1016664.6361212931,-1343500.7204838002,-1570521.7273695213,-1710247.1728992851,-1771013.5014339862,-1759132.5456468295,-1679718.5373997274,-1536975.5095407232,-1334393.047969155,-1075100.6049640249,-762388.0056135339,-400381.13827965868,5316.8749032663454,447080.36142196553,914981.72018124245,1396758.5221989171,1878080.9843261482,2343025.5036474634,2774727.5939880079,3156117.4329536366,3470687.4501342434,3703220.668037863,3840095.5417806166,3868561.9930456444,3775662.7784174099,3548511.1198781817,3178000.9354377217,2667667.4161552666,2046952.7989901823,1382002.9822935413,769768.97025869694,306148.14401672111,40308.905774113817,-52493.001045512814,-49423.493737338104,-23475.116630671211,-7101.8775348785848,-1432.923608991053,-195.81434736771328,-19.644218959557826
0,36.722330594594126,305.08268108166942,1639.7893567260933,5368.0584292745161,7943.4433315294646,-13500.464454022724,-110558.6072126306,-342457.1211708755,-732354.28553924838,-1244398.3686020549,-1802698.8581954984,-2329532.1992560276,-2772233.3337391042,-3109339.2437628377,-3342696.6228744253,-3485479.0789324231,-3552829.7368360567,-3557191.0793636716,-3507341.0896454891,-3409493.0403769352,-3268965.5770191122,-3091436.6724330024,-2883295.7743170266,-2651562.0368260592,-2403762.7230616147,-2147805.5526910424,-1891823.5110768266,-1644001.1728749583,-1412346.7013654041,-1204431.2541550407,-1027052.7285817047,-885870.88901245,-784986.49111559358,-726553.98456125881,-710435.88905535918,-734019.46755825565,-792205.21068265068,-877633.69660791615,-981077.08527230984,-1091927.2530174323,-1198628.7169408624,-1288908.3264249756,-1349685.4216391586,-1366503.527486718,-1322371.9748481538,-1195639.4984786918,-956327.36233238131,-559557.04061947798,66195.383640231405,1040189.4643249956,2566493.7895293189,4997573.0277464446,8939979.2039339077,11789480.922773981,12282594.056083566,10139345.977364313,5734897.44524079,3493158.2972510853,2069994.7180396884,1110722.5037135878,422694.66983333655,-93835.556872354238,-488497.94917831232,-785750.56382703211,-998582.88246792997,-1135382.143386537,-1202850.3870433629,-1206767.1709015463,-1151806.4623895243,-1041181.2744634026,-876551.3287210135,-658409.44173612655,-386869.45045788982,-62741.524996828914,311408.52824522258,730367.20573601488,1185768.912086511,1665977.1687919265,2156382.41701661,2639994.245379359,3098256.4782974073,3511964.9249218307,3862206.660833328,4131243.9779546671,4302872.385625734,4361496.8449997744,4290640.8680625688,4072871.6138696205,3693612.9093431463,3151052.7667016825,2471695.3437394835,1724202.7390379161,1015578.0594280827,458064.10175943904,117523.92995185823,-22031.310207756382,-40821.165558935201,-21979.774368686856,-7023.0090945065058,-1461.8504938932351,-203.88276077026734,-20.768660795609229
0,31.754439118385015,250.93192912004818,1227.584039893547,3147.886361324096,-665.78110538292094,-38175.773019803339,-164593.55821978956,-436169.85527490644,-865510.84844339616,-1403710.0001909123,-1965740.0587062498,-2471473.6529894248,-2871284.0998403309,-3149248.3668534388,-3312840.0475527807,-3379721.0425008712,-3368106.8598517613,-3292350.5292828442,-3162403.4196943338,-2985313.5614667712,-2767148.8294724547,-2514342.9083792581,-2234040.6692662374,-1934025.3092516817,-1622608.1341598609,-1308523.4461331794,-1000794.7674766936,-708589.90213391674,-441005.99253062543,-206812.90604097937,-14079.923466171727,130259.70069788142,220959.47063756612,255007.64149410126,232154.69411233117,155230.50284506867,30201.599503020756,-134157.59697116338,-326893.3602077894,-535707.74802902003,-747771.93307973817,-950333.43486937974,-1131000.3800223437,-1277650.6196968434,-1378067.5490635806,-1419279.9883682244,-1386578.177381597,-1261658.4397552102,-1018959.0681261249,-618194.75496366667,9835.9128068062637,988520.26733855484,2536953.9846192086,4504837.4271358829,5509039.3770472715,5067432.0301683554,3149164.747954336,2221130.0106056533,1565393.7281845766,1054502.8865026922,628901.8572417848,267070.59915108996,-34899.741980182662,-275474.70505906257,-453848.75628386211,-572064.71694706508,-634675.56620221899,-647153.80033494602,-614033.16253516823,-537508.63549236325,-416888.83495765057,-249049.91130917281,-29658.028369186137,245128.66348780607,576976.7061824319,963995.27606650279,1399954.3646956054,1874095.4052538464,2371528.9582666815,2874026.3351584333,3361081.1062406185,3811069.2529056082,4202406.756039774,4514608.0423812587,4728696.9920271765,4826046.9286867483,4786423.5930953091,4587488.7375726402,4208655.1999302544,3642010.473116545,2910208.3568410911,2083545.4520072062,1278587.8260817914,624268.58593916416,204469.39522107627,13726.809952595768,-29987.710272943244,-19780.782438960596,-6782.7224078900663,-1464.4024624202998,-208.91713357051381,-21.632806189858517
0,25.952749112101188,189.47136380628854,772.55878413462551,762.64885603471157,-9669.0123540554487,-63278.584987314513,-217976.22784487472,-525757.27277453535,-987874.72696802404,-1542683.7593272836,-2097296.4547679909,-2570718.5737519939,-2917523.2784613795,-3127872.0642289468,-3214900.2507404755,-3200519.0972745032,-3105705.5929718111,-2946454.577641462,-2733700.6017258996,-2475200.0925415447,-2177671.4868121897,-1848196.6470303882,-1494547.0938861952,-1125124.8336415335,-748874.26627776155,-375212.46337999491,-13942.299348956252,324839.34297357599,630906.31155116844,894127.68082305708,1104851.209779473,1254414.5912297803,1335860.7711607122,1344736.0819093215,1279917.8968308244,1144195.7317029573,944448.20153669908,691198.87192248611,397626.09102043643,78194.969812290947,-252727.10904485112,-581975.739524898,-898269.57561896474,-1192533.7925182215,-1458254.8427458878,-1692320.1375418666,-1897006.4448525442,-2083570.3255922652,-2278046.9226158811,-2529775.8700992027,-2923960.9695990598,-3600944.5032317755,-4788053.0724193007,-3858259.278909103,-2274032.8187671788,-769181.72117063939,128870.62786658997,690353.99202256231,898750.12756060471,887455.54504300922,751567.70109919494,560899.66178244853,364670.6977812876,193887.5551467294,63914.002982618396,-21928.444081671885,-67891.588728815303,-81072.283086908821,-67260.61639408581,-28118.690152541334,39909.101936497238,144903.86187625435,297462.12933692732,507966.67398551852,783933.6350402669,1127938.9427630026,1536502.0510284414,1999895.455225572,2502766.9643460433,3025276.1226133942,3544518.6352686696,4036018.0689764139,4475147.3877215674,4838384.3842799366,5103763.1778760748,5249442.4578551715,5251222.4424819611,5081559.8143101903,4713394.7098731091,4132042.7981535853,3355442.1092127077,2454611.3750208085,1555056.6801753819,802532.52576268837,300056.03080323606,54373.515650561676,-17028.047329045217,-16892.006691336181,-6379.9988910309075,-1439.7401864359128,-210.74349593660327,-22.214118624825613
0,19.480564901866344,122.41048357540362,287.21035071740391,-1723.0106087977588,-18825.56775920936,-88147.010166901673,-269317.86343985319,-608918.10489101103,-1096338.4294715624,-1657823.8330339515,-2194080.2580472413,-2624788.4255080316,-2909770.9920207802,-3045669.3084167326,-3051180.2655182583,-2952124.6930579254,-2771862.4958959022,-2527718.615723385,-2231391.2653917503,-1891195.0522583961,-1514373.3916117107,-1108515.7817702678,-681847.54544801405,-243189.3391348749,198103.4524480977,632154.05252395663,1048580.1879946978,1436490.1064520017,1784549.1564220269,2081109.9304441875,2314557.8753900463,2473871.5833277903,2549544.8530191728,2534755.0040632701,2426704.3385594762,2227703.1926118517,1945643.2928674517,1593436.2855364583,1187469.5801326614,745382.1420603178,283803.61251780321,-183407.28279909387,-646153.61828482337,-1098508.3555372171,-1539272.7428408724,-1973721.7726373475,-2417974.6108794496,-2907438.2984389793,-3511318.2140103462,-4355862.8634372894,-5661325.9786663987,-7801893.5947387703,-11406747.375861064,-11291781.468659941,-9053140.4036099687,-5743118.7569917049,-2355254.7335276268,-523201.55103347299,406925.15257055237,801414.03642164927,894632.13598629646,839247.47494789644,732248.56114678911,629631.13685537991,556650.77773550071,516963.24980101554,501634.80704733828,497691.20060570055,495222.40114298923,492009.84830279747,495148.39234253945,519714.4222738127,585319.54077675031,711653.87048641045,914318.51471375278,1201772.8641050619,1573871.1980267162,2021834.6486989639,2529344.3940798328,3074249.326953338,3630531.7153144307,4170232.7798891836,4665190.82404509,5088496.9144429388,5414966.9755109251,5619387.5339945108,5673447.5927271964,5544191.0730420835,5197740.0024829414,4612083.9487653347,3799658.4343348369,2831279.3197339838,1840631.4924992728,990175.18710999715,402918.98067556525,99366.649869057655,-2097.4897988191615,-13341.361283306183,-5816.6433734404891,-1387.4243374028954,-209.22726949405026,-22.493077959829936
0,12.502050214008603,51.440353562573613,-216.30105483649251,-4247.2523867855552,-27909.383124028293,-112172.1400631545,-317372.6073479121,-683654.42425599892,-1188326.367235478,-1746437.1161718387,-2253882.8093882729,-2632534.2606969196,-2848384.6977216522,-2904799.0339181237,-2825808.7438008911,-2640715.4444624828,-2374828.5980490856,-2046458.5634884951,-1667826.5787929874,-1247635.4168284517,-793504.0807554638,-313354.50535401987,184354.00272808163,690649.76914785325,1196074.5941104812,1690625.9469959177,2163669.221685926,2603790.7576341429,2998685.4159075776,3335099.1731396466,3599024.4965439085,3776236.9084407757,3853426.9010151685,3819909.3269887324,3669823.8617797331,3404191.322988926,3032052.8328142744,2569847.16841305,2038964.1954335489,1462077.7889723931,859433.72532307915,246153.65577571225,-368893.66441672313,-982919.40890547587,-1598919.4744992126,-2227014.0125341797,-2889716.7382371854,-3633453.0717926449,-4549202.6041573118,-5806019.1188390246,-7704115.217360043,-10759763.004079005,-15844999.036473349,-15988186.189669745,-13030151.270741902,-8389260.1546897572,-3439153.4981836216,-909853.29858420021,384352.1158104908,958893.83349422831,1140041.3156577051,1136554.0140844374,1077009.2574444038,1030841.5387148617,1023192.4929365962,1048520.446527589,1084384.3743077591,1104694.9296325212,1090700.0846832478,1037944.2443779224,958292.28533632553,877199.55574650364,827668.28658976604,842881.8638006252,949650.01283051155,1164016.8019383117,1489550.5371850696,1917862.6865664029,2430608.6183437183,3002135.6293569934,3602222.2907036729,4198559.386843021,4758830.9395313691,5252351.9529454214,5650508.3261818895,5924617.8786804723,6042206.6678204248,5964826.886344485,5651589.7355778757,5072761.1324019674,4234602.286125619,3206815.6956013613,2130370.8574412814,1184046.5693120216,511385.90179680259,148002.80613173064,14583.124287458442,-9176.7356904065145,-5098.9038431756062,-1307.7222071687061,-204.31331309961385,-22.456951483450201
0,5.182493545952795,-21.767154730332802,-726.1849977125654,-6751.3611480339005,-36710.764232969836,-134804.34087711223,-361053.46436580981,-748301.67541686876,-1261838.0833960094,-1806681.0935147721,-2275612.574724019,-2594149.0273450869,-2735231.6789166979,-2709043.5648573474,-2544608.575457246,-2274208.0232034116,-1924627.503293558,-1514798.7004844078,-1057213.1941510483,-560780.00960283191,-33324.590330884639,517104.50326499966,1082083.111242742,1652828.0932090722,2220192.0309588141,2774521.9957475122,3305445.1380890976,3801514.8825934101,4249821.0714350166,4635584.8152374001,4942007.6030301023,5150580.3921753503,5242339.411790939,5200284.7541681705,5013016.7892348375,4678663.522807301,4207516.6355828894,3621516.8906705431,2950273.1574120293,2224807.7986936104,1471287.8460132375,706806.69605769089,-61643.638865864661,-835331.09787736461,-1620877.626127799,-2429065.5167607488,-3278711.2413370921,-4208709.858520763,-5301342.6961427489,-6720206.6090217894,-8768524.1390564833,-11978896.536218649,-17255790.483644046,-16837029.338290852,-13067289.084578633,-7776028.7803656226,-2576574.2645500968,-152324.76606170263,1006047.8325722789,1444599.8349808932,1515901.4055062176,1448407.9426334274,1380449.080698526,1378944.5517114406,1454433.6748346391,1577798.2624004034,1699486.8425807164,1769109.6507495935,1751957.8946534258,1639187.6884082397,1449988.7834282219,1226083.8779794301,1021057.9766220006,888058.44982578023,869481.26306111075,990825.81519675942,1259166.8601831167,1665023.6651212345,2186052.970594984,2791180.5153175676,3444408.9593040743,4107943.0551259499,4744593.552496017,5319514.2041169498,5800519.6441130089,6155468.1352602392,6347807.6103140237,6333683.5164319901,6065194.1590737849,5504678.8755663559,4651707.2524286211,3574004.2238654802,2418810.1910475614,1380546.668192815,623472.27970269311,199406.68292040416,32719.906332610943,-4469.2527305343883,-4238.4095130280612,-1201.7906663605736,-196.05026485925507,-22.102142654047409
0,-2.3134239829219312,-95.577520651353197,-1231.1551691053212,-9180.4555735871054,-45039.094807130197,-155560.84101218008,-399448.19346623472,-801553.83579276479,-1315477.8592304001,-1837586.6304509309,-2259296.2571113352,-2511131.9722578106,-2573605.6557707395,-2463669.3059512936,-2214898.8810376851,-1861999.8434743579,-1432739.1166124165,-946299.9225999231,-415192.27619817515,151653.22007467796,746383.54302810365,1361052.6494097775,1987582.3724364832,2617791.0518682362,3243370.7409343366,3855672.04498416,4445348.1017180001,5001742.9008982675,5512098.7735548886,5960583.5048285872,6327439.5957927499,6588639.7735869298,6716901.0184429539,6684866.8269275967,6471038.4117760221,6067358.047128682,5485210.7055286942,4755498.2901534708,3921869.2206981778,3029643.525843991,2114815.3697854476,1197123.1839180549,279373.306074297,-647334.74209172081,-1595332.5457056651,-2573461.1216729125,-3586479.9067706093,-4644859.5427984456,-5787694.0393451704,-7120070.3905216372,-8866840.0653724298,-11448622.477325682,-15596163.529329414,-13760236.087558594,-9058927.0439316314,-3776505.0553487907,322761.49840740504,1795806.711419702,2279578.81080266,2233360.6036125934,1972970.8758049707,1713282.9014531861,1582470.8962006036,1628421.5546349648,1829141.2348999721,2111867.2734184884,2379796.3624531417,2541383.0477883955,2535516.971864434,2346598.3986758622,2006404.7635087105,1583389.188508139,1163782.15554086,830858.45004851453,648649.55780919699,653728.54314912809,855059.66143495054,1238879.8863486736,1775406.0174646643,2425211.7203524504,3144378.1563341692,3888255.7160986853,4614042.3279197169,5282445.882870432,5857718.2783082724,6304440.0213166252,6582248.855881094,6642171.1082371427,6429512.6611420838,5898713.0561030703,5042323.3742217915,3925307.1155976839,2700061.3136601206,1575675.8252744183,736899.7617357804,252534.0445500619,51944.588372795042,685.57344130067952,-3252.5942697729806,-1071.7697537168879,-184.60400678763867,-21.43557528117784
0,-9.8244555961610498,-168.42097471275738,-1720.6145607194228,-11484.371922494931,-52725.849039408786,-174033.16999374342,-431832.67357736331,-842480.31207209907,-1348466.7914526935,-1839052.0091282879,-2206040.1661036732,-2386205.5241248705,-2368090.1366128279,-2175232.8151975153,-1845240.3686887296,-1414654.4431168134,-911724.44820616848,-355526.97033636947,241647.9020840876,871021.2111034476,1524887.5907907987,2195639.2515578791,2875881.7181948442,3558506.97898487,4236691.2275041249,4903640.4558087774,5552118.9562417958,6173557.9518206511,6756757.5242083576,7286060.9108763589,7739268.2195071066,8085789.2045530127,8286442.1585115809,8296889.6526541393,8076956.2916490398,7605380.6968716942,6893684.3506905288,5987945.0374325328,4956631.0288451007,3870249.7324539674,2781462.9773819181,1713124.5123155166,658220.73212576401,-408776.64268065605,-1513835.3182908567,-2665851.2032430624,-3847497.5313842469,-5020217.4209817844,-6145510.6232477585,-7220258.1065027323,-8320916.824317243,-9651616.7317949552,-11597209.643313639,-7609008.0685151136,-1807174.5777127855,2991193.9765962022,4896122.4010985969,4706519.8628926175,4039369.611015229,3181289.4869661904,2372383.4614333678,1798249.7379435692,1567812.1656526702,1697031.4305485599,2110364.5256556771,2663311.3842299227,3181564.4373519137,3506602.045934129,3535380.7338638809,3243382.8888277072,2685436.3939711414,1975457.491297734,1252878.1396427269,647254.26224598195,252345.93694086175,115957.35889305442,244233.04994595889,612865.91579580831,1178954.3395741074,1890493.308079164,2692946.8779553939,3533357.7916787411,4362736.9205761729,5137320.1347165545,5818079.7698591202,6366754.303199254,6739678.0390899712,6883281.5660248473,6736547.7832690775,6246296.8298969539,5397954.0668447567,4253048.2059960617,2967940.0231714421,1765111.7642205774,849134.59707140829,306186.60587414529,71818.604820766035,6168.4975809153211,-2164.6798832436889,-920.8009000801917,-170.26209354128508,-20.47527917239232
0,-17.196113499089151,-238.82356119268809,-2184.8555117145575,-13618.559539284446,-59627.388920908255,-189893.22695488142,-457679.59760917613,-870531.80852527171,-1360634.8300924012,-1811807.1737520401,-2117953.8268625503,-2223188.3017358622,-2124375.9899136638,-1851338.5224065697,-1445133.2457582932,-943536.93416653993,-374799.6014733098,242440.42474326777,896321.22896056133,1578362.1084079891,2281156.5238818331,2997653.58913721,3721476.6950266017,4447092.6159940502,5169892.6818479961,5885981.9600685658,6591679.2223591795,7282420.5245321542,7950936.2089734776,8584330.3816734646,9160044.86845324,9641059.5829979368,9972211.5534799974,10081683.578732759,9894178.9670403078,9359688.9026851654,8486856.2907586917,7348617.0626167366,6058695.5566198602,4733089.5557308542,3453469.2024716209,2245960.9878467917,1082044.1896098498,-99341.283003424032,-1356533.0657828394,-2709198.6116407965,-4114657.7154458105,-5465860.2897116346,-6613110.2430419968,-7402445.8884753995,-7715327.4882401265,-7489090.4090630459,-6699906.7437358797,-56271.937590855632,7097959.5248651467,11277971.672591981,10426922.493119024,8143489.9817049587,5984024.6530972905,4040055.9078911617,2482649.6640687394,1485352.0985654669,1149180.6034469053,1452742.7849829474,2241376.7424358772,3257378.9407044481,4201545.7885799697,4807378.9172851685,4905979.0808927268,4462672.160387937,3575492.6085136379,2437542.502681125,1277019.1470222082,295807.08505508205,-372492.64060180425,-673229.0309503068,-614305.22620336234,-242130.69035576854,378424.0324999927,1177169.0175377289,2085992.1265791226,3042475.1243690625,3991363.5403350941,4884904.3931121556,5681508.8615338365,6340862.4730123766,6816792.5008790614,7051919.786844437,6979634.0451423032,6539681.0704035964,5710487.9086653339,4549608.1084938766,3216115.3139845333,1944309.5140918233,957444.05908564234,359037.76629180304,91842.140535791739,11838.88298432245,-1003.2505342350286,-752.97489987719223,-153.42972904695785,-19.250220685951732
0,-24.284061976646182,-305.43777079496545,-2615.2476439750735,-15544.863812142188,-65627.140439223076,-202897.03399214262,-476660.90725337574,-885533.20275966823,-1352391.2198397862,-1757347.9067688994,-1998036.9034793724,-2026829.0682666828,-1849038.678378551,-1500360.2292918877,-1024680.5488204519,-460420.23374674551,164619.2459686829,832525.34489701875,1532029.0118751165,2255048.8498248504,2994581.0128008253,3744298.5341040823,4499129.3369762925,5255586.256264572,6012026.1015942525,6768616.2086629905,7526996.777863523,8289212.0418440234,9055590.5876356773,9820748.0392282456,10566990.628141582,11254486.441638172,11809623.9571588,12117883.765450537,12037059.608751927,11452007.200144276,10361009.601879807,8887192.1491357163,7229092.9979196973,5586357.5888618864,4092225.2088079331,2775814.3647448639,1564686.6388977331,325786.21871050505,-1069299.4007387159,-2676644.5432144552,-4431911.2186297867,-6138853.8074984709,-7498028.2931634784,-8163018.1645862069,-7795476.6918928437,-6076565.9116344713,-2628375.2799768024,6923614.452372958,15779769.050474398,19598579.795255002,16068630.359742215,11596119.201726949,7751542.973785555,4488227.6298214039,1978491.7683585747,450172.54441622156,38971.514712932149,691322.43898500456,2138558.9549094713,3944172.7699209182,5606323.5207677577,6682881.154193012,6900702.2752670366,6215873.8694843417,4807680.5728991367,3009475.0257592527,1200859.9018739213,-301054.00720047095,-1311887.9047911139,-1786837.0748322038,-1772406.6421085377,-1357283.3159616236,-640993.63349275046,281656.73813979211,1326625.616383136,2421932.3815865624,3507015.4896027748,4531457.7316880366,5452453.1706248103,6228867.2127265809,6813143.9282460818,7145148.0407949593,7153660.0238653682,6772151.5372786541,5972412.0303087225,4807621.55133643,3438273.8074064516,2108620.5355231999,1058968.9450231357,409668.33294857806,111467.82693866963,17538.632231434265,198.5643241812669,-573.21179017989175,-134.6174603890162,-17.799381484420064
0,-30.957259152608856,-367.06967904028102,-3004.3934244410025,-17232.103380066263,-70636.848087328122,-212885.48751069044,-488642.87646118563,-887662.41569063382,-1324673.28282111,-1677841.9333137048,-1850034.8319408437,-1802608.2537007309,-1549287.3841842746,-1131137.2905211125,-594234.34047063487,22922.996770089718,693380.39122371969,1400184.3711575801,2132765.5773101631,2883482.0137478062,3645761.028391825,4414073.9032145739,5184831.1436242908,5956948.626398718,6732394.2827168396,7516518.4764958182,8318177.6621743506,9149169.9291437659,10022482.873767015,10947970.977387015,11923462.092756316,12918108.02397467,13845626.246259484,14532116.34624387,14708070.990529224,14100934.535191322,12684285.556987107,10681665.300258799,8453958.9744159505,6355949.9328001728,4613390.3836853784,3257309.7378345267,2129866.0267452965,958485.96106328908,-526153.54111439642,-2467571.7743760939,-4793080.397756598,-7188398.9905307014,-9145324.9475946575,-10063776.715608813,-9363545.6292797346,-6532697.5793465329,-1028278.371429834,11453999.187685777,22497811.55218282,26649772.13634441,21115926.461369291,14652946.090692347,9018360.503902996,4167872.4478882612,427833.85416166292,-1782824.1299039682,-2205198.5662806924,-906433.48344209243,1676451.8520264761,4818277.1114002019,7682374.9847870721,9535843.0285389721,9937405.7753441781,8839111.3903415576,6572353.7398520056,3722023.1511569107,931716.19568863988,-1293051.210637917,-2709235.5688565029,-3330983.4870585883,-3294393.036100301,-2762984.9125019708,-1886527.2878820917,-789535.86902227416,428149.37024047435,1687212.1433438992,2924515.3013996356,4089526.0137737668,5140353.8980135964,6036773.290568728,6731290.2203924693,7162307.6434444413,7255199.4502521195,6938187.4134233426,6176995.4680573968,5020168.2787516667,3628293.2260713573,2253427.1186489468,1150810.029215676,456611.25798106176,130118.72230223274,23097.606063961583,1404.2780658171102,-387.07544928626641,-114.42083576796671,-16.170096638867552
0,-37.100613540683312,-422.70036878833389,-3346.2368673782262,-18656.376501704613,-74596.707570043713,-219781.70003787125,-493673.34665821702,-877415.07525044587,-1278874.343007972,-1576009.1610253658,-1678266.4710778205,-1556514.8835178835,-1232694.048122111,-752662.34032087727,-164040.94045295627,495117.08934489894,1199045.5387572404,1931919.3604563177,2683913.5131179751,3447790.6558675417,4217337.3909413759,4987754.9485562937,5756938.2667194046,6526341.9080147287,7301916.0151370773,8094991.7665914856,8923245.0586987324,9811340.4252793975,10790816.140858404,11897496.902898293,13163070.088791156,14593311.230898811,16120039.141494062,17512455.493285045,18270485.530172136,17702326.254537281,15748181.778928464,12848022.125684777,9676596.131565664,6875668.6112567931,4836086.7615003772,3587777.4023506269,2811819.4360292889,1973174.7853487672,532587.71587974695,-1836712.7436444673,-5081526.9062308241,-8719986.0391696189,-11926275.423285423,-13723262.336913133,-13223545.099922536,-9798896.186310105,-3040547.3051141906,12366120.449919213,26231277.357081018,31739505.233193707,25277496.68491875,17194334.080316059,9611447.6248414908,2712707.505677728,-2753566.59447602,-5933562.036300553,-6286315.9301428739,-3856825.9915586538,656835.77582167066,6050338.7821524469,10922324.232000178,14048904.347709918,14711443.324204108,12870824.711743226,9141268.9728264008,4562888.2778639589,249845.69605135036,-2972046.3668092,-4803606.470749707,-5455497.6672676094,-5253481.9899623375,-4480910.5475659594,-3350242.7138361842,-2014124.4211267079,-582218.94028512458,865140.10640262999,2267552.5410848199,3578433.5031768363,4759783.3507849695,5774461.8230562415,6576727.152713351,7104976.2241728641,7282528.8946738522,7033547.8708486725,6318434.2854536129,5180950.8695071982,3780419.3477989528,2374287.8891614778,1230125.8394184033,498404.04719633935,147210.03425117949,28340.363956334877,2575.5687448719486,-200.52877738492953,-93.492666964934486,-14.415701761295553
0,-42.617002404070412,-471.5002272487705,-3636.1165987047957,-19801.059986604432,-77474.277395052311,-223584.77108567892,-491961.04778745334,-855555.47609483486,-1216752.4002753946,-1454979.7391243656,-1487431.2401405377,-1294807.6527173768,-906918.03575627704,-373773.42731538339,256094.0731992315,945552.36787378544,1670299.5053452277,2415747.8633809621,3172799.2920838725,3934513.2624490261,4694841.1373856282,5449446.219040012,6197469.0106986184,6942721.4970542192,7695043.1998002883,8471865.5451654103,9300327.4688057806,10219878.782458836,11285470.215156028,12570287.369875403,14164916.756308468,16162553.184535598,18601569.269722119,21293535.213993177,23410362.383285575,22987230.217706274,20055594.916633189,15546927.810969844,10735984.294791356,6788112.2823767709,4383196.9036176801,3542892.120133603,3650169.6593941357,3684477.9156089746,2605819.0495580598,-274102.3087855897,-4974594.2849429296,-10756539.107821867,-16269732.764372274,-19898602.461798914,-20254564.178285614,-16607073.848568656,-9120053.7498997394,9345366.7867247202,26755220.675959002,34864910.200979628,28891228.834338389,19608765.370679371,9638301.8765292969,-244170.61295565288,-8409702.603193026,-13149495.396428501,-13367502.774000248,-9027000.3224610649,-1251667.9894455262,7939261.9228789508,16175449.246716991,21388783.491693836,22393593.183837131,19184519.940225519,12897759.33698706,5401029.0458706832,-1336119.0584584146,-5911959.1138345189,-7981605.5577492379,-8352811.6269793436,-7714074.636855619,-6506522.4598633358,-4996514.3544746796,-3346410.0387882045,-1659267.461599157,-4280.8359312579851,1569235.91162369,3024184.5447305529,4330075.4773236196,5455268.0938178226,6357527.6897322796,6976722.238426703,7235512.2980514094,7055278.3323157793,6391953.7865816457,5284455.528003932,3889441.9898962737,2467090.0892804065,1294238.5165591519,533646.97785396618,162173.7711246548,33093.961684984999,3674.0721049788913,-19.639975358034526,-72.509134547330689,-12.592596898670115
0,-47.428587341377487,-512.83558993800568,-3870.760596042971,-20656.49336356721,-79262.169726293461,-224360.07983133569,-483847.41841474077,-823054.87694543926,-1140321.7760847479,-1318133.5142426225,-1282400.0112627144,-1023768.5031417977,-579432.72062052228,-2865.5736076046392,657109.54851260106,1364703.97144935,2097298.0193319703,2841594.004958625,3589160.5292279306,4333195.4238565611,5067503.7115421034,5787637.6913731759,6493479.1099817995,7190658.6418810654,7892226.7220695904,8620835.0477436502,9412042.1004332807,10319187.475623852,11421056.151382839,12833522.041347474,14726652.690357916,17345058.891420487,21010148.741127599,25983544.198071118,31573771.438829705,31328664.086054567,26460157.670295324,18974621.971124593,11238931.924240705,5354987.0340473782,2492198.7115440061,2652262.3374878825,4674198.1304190308,6643847.0108420858,6618260.3807073124,3208685.2457469278,-3775341.3251107666,-13179729.586182913,-22755078.59308134,-29718333.523524486,-31709929.043010823,-27633080.477608569,-18581139.730102956,3271491.2358538322,24798681.458378155,36781545.271724723,33228282.677541867,23126814.202624954,9673155.0104566887,-5092371.6423052745,-17860397.912714269,-25346798.936304457,-25436653.409607291,-17914922.575217728,-4625679.8029358843,11001212.756759968,24913196.089579456,33566977.231132068,34980858.184312299,29221262.698617678,18381935.077816732,5832112.5952194063,-4885817.8472085837,-11267492.95768594,-12812697.748079835,-12210252.693496548,-10682902.356984204,-8776796.6062304582,-6744245.4003377166,-4708804.5095317392,-2736536.5647935644,-867280.6837448614,871479.44977861154,2458423.0586733152,3874253.0880077416,5095058.0179938972,6083639.2553291237,6782635.1515952768,7115346.3430493595,7001635.6752324356,6393868.3576844875,5326094.4727004943,3950866.5097037554,2528204.1737744575,1340743.8843491424,561064.69146268221,174485.19597995299,37196.424733249849,4663.3528811851156,149.74404697581397,-52.131677488449867,-10.756902828502268
0,-51.477466921710956,-546.26823012137902,-4048.2268877603228,-21219.37397814012,-79974.629431421024,-222226.42993202564,-469771.68389710109,-781018.59666220262,-1051729.9263308931,-1168924.2937540505,-1067995.7371604708,-749454.44023936056,-257266.84457454158,352369.4944367166,1030942.8485084432,1744387.2861735015,2471928.0075865258,3201566.5988914194,3925458.4727573488,4636815.0304491948,5328975.2972255331,5996175.8301676521,6638361.6195591809,7262184.366650505,7882674.6093841298,8525763.1191970184,9232332.5116743855,10064694.833534455,11117826.723202448,12539334.4733938,14567349.358689543,17608277.895135753,22419061.681271769,30618300.16767564,46434952.674183592,45246752.268629819,36345853.05022122,23311493.258608066,10308101.806225786,1109676.1836791064,-2333632.3876467953,-33828.939390779226,5870916.2512364499,11800899.208170176,14258181.670255387,10469321.663471218,-96165.709699048704,-15600858.675742235,-32273777.888312172,-45140542.345413387,-49959268.46936249,-44307253.052312784,-28864675.265725404,-3969800.4787986786,21424394.213925134,38106304.132828221,40634008.755193628,30456411.321949709,11062616.88475484,-12314487.005925009,-33304081.119476024,-45823701.26694911,-45956646.322062522,-33147854.707046609,-10486879.328070641,16124604.415393714,39701532.541293427,54077032.555459581,55924057.6177627,45404514.912530363,26372441.249051977,4891238.7766559068,-12617430.473407669,-21501557.857335258,-19892880.715543643,-17030551.126200262,-14007661.662948815,-11123042.742937358,-8447920.5776843112,-5986059.0589158749,-3726191.01210143,-1658290.7203730275,222524.32625861009,1916111.3124323557,3417102.8285190887,4710752.6367023187,5765831.5470784847,6528641.46304431,6924179.5594183076,6871943.3930730121,6321604.9793619951,5302331.1747641433,3961078.107394937,2554636.025975687,1367621.2604774619,579568.19049559184,183689.6552846636,40505.401862445418,5510.9314662106144,302.33561129992609,-32.967307132361043,-8.9609526232995353
0,-54.725835134627431,-571.54944795562403,-4167.8028796572762,-21491.927118142281,-79643.231438799485,-217340.6477909073,-450230.35315015906,-730603.55937284511,-953121.51433573675,-1010690.9904361635,-848765.06587081507,-477452.00354722486,53238.185584842031,685164.61659836653,1370728.1271800261,2077932.1834622133,2787967.5062136413,3490091.1486246879,4176950.2466065972,4841832.7886262853,5477975.9346845541,6075045.8618298741,6632842.6261992715,7158262.5590641163,7666779.7586216033,8184965.1804414131,8754439.7540893517,9438233.430969974,10332053.054750163,11584546.901616814,13435437.680480951,16289053.750248423,20858964.347058073,28439897.888650689,41283465.74546466,38249230.177235514,26721523.537571076,11244611.435058415,-3077455.1110057603,-11755478.583937617,-12642424.886116577,-6042474.4986701505,5095452.479730159,16043744.365896054,22234058.448969342,19998119.178531043,8502945.973878352,-10142129.03207083,-31318039.447289351,-48795473.579020269,-57122851.505994111,-52822151.107072785,-36020136.319768891,-10023200.017451765,17254031.107855916,36859659.403965585,42694489.796790108,33453625.299461659,12092014.119727664,-15229525.905394724,-40586548.286455177,-56305407.968100116,-57327245.785485998,-42741648.974686995,-16129632.957225898,15249957.849808408,42760630.909891397,58833169.237986423,59445427.734331675,44967227.63590873,20549630.085166238,-5948737.4432814075,-26237798.95644844,-34409389.721709512,-28570178.738203585,-22199461.569521632,-17236566.754133768,-13230463.764994293,-9890835.0092041884,-7029027.03438434,-4525227.5190632334,-2305882.7776635871,-327956.14432282379,1431762.1241369222,2982399.246073442,4318360.2188178012,5414365.810146573,6220667.0496611642,6664649.3167811185,6666403.6922426317,6173703.8408721946,5210791.8365075216,3917496.2833344904,2544171.5900044204,1373337.9617398693,588313.83717664774,189428.12035283417,42906.413165464903,6190.2190144295255,433.72962155973755,-15.530548007478215,-7.2499156563967722
0,-57.155976213966987,-588.61209278730223,-4229.8865685299488,-21480.964293606001,-78312.081663670906,-209880.55451732551,-425732.68476469006,-672928.13457544881,-846490.86396275705,-846455.68881918222,-628741.07299580472,-212632.75740206905,346648.43456561782,989854.585550713,1670919.4578137619,2360265.5986641636,3041140.5360841025,3703926.3254138506,4341468.0371455494,4947248.0305702183,5519330.8069284,6030883.6595814964,6485401.6039902996,6889436.0249993438,7257337.4755612062,7613739.0614208849,7996455.3017054284,8460858.8201231156,9087454.1717711147,9994711.9312011823,11361024.630192544,13460735.003405282,16718948.323514737,21776061.302581687,29498354.031148564,23458435.047299407,9893599.1543541998,-6427959.4921843857,-20244181.519153319,-27039335.111576114,-24686782.420861475,-13796875.470870487,2242128.0530102588,18201444.562077384,28903143.400836658,30136917.777424812,20662637.888218462,2308686.0614601923,-20185876.402370565,-40243691.101925462,-51848243.762510568,-50801347.912034586,-36730802.080863193,-13098560.831811106,12991787.731453449,33148840.280614045,40889925.525934383,33664387.197084628,13459703.425227556,-13848353.431739887,-40077190.535537511,-57179170.431403078,-59519143.727261931,-45813017.018555313,-19550176.463462371,11717192.639855197,38856372.010705836,53874105.468412295,52529370.640264176,35423146.722762704,8390865.1844143942,-19813408.853376765,-40035710.790415108,-45870272.663770244,-35667127.024061494,-26281489.649243075,-19617343.516405586,-14667974.57604325,-10812885.050415812,-7675725.5524201766,-5030546.1778302379,-2743316.7619974501,-736154.72799558402,1034436.2389274816,2589515.0553686856,3930722.5172205265,5037545.3934413828,5863760.0749620441,6339411.4549556579,6385910.310041409,5949816.8247997668,5050368.912425925,3818716.8556751632,2495508.1260772939,1356942.9774991232,586755.68225535913,191459.65551810697,44320.061950738738,6682.2020796527358,540.68415215512562,-0.21049567328555435,-5.658879511043577
0,-58.770630121589406,-597.5658861874856,-4235.8868491839403,-21197.00842741903,-76033.118267299375,-200027.6995200823,-396754.31918923254,-608976.3487035227,-733523.33214981412,-678705.98600280064,-411190.6894699274,41094.742335859337,618641.21513311833,1262000.0023184416,1927326.661728346,2587873.7419526111,3229081.9873911971,3842249.2312418916,4419399.4791129222,4949963.1719190152,5467884.2855366953,5876773.7028453257,6211815.2423794689,6475304.624448604,6678858.8884005686,6843492.5898029394,7000402.7589178104,7192173.488773589,7474791.597672292,7919929.6143559534,8616107.3779808357,9663297.953050375,11147622.148020847,13064053.290173311,15123977.220340844,6303929.6711843126,-7991486.8150738142,-23369059.569595486,-35114927.843944274,-39323347.436187312,-34182727.747802392,-20474274.686471559,-1460437.8134051978,17865223.506201949,32397864.997565825,37908784.692882165,32710167.736845162,17865782.357175581,-2554207.6654494558,-22624432.145918146,-36511591.622427374,-39713383.4333736,-31095676.443588946,-13047761.281195464,8752865.7228713837,27165799.70825278,35916031.731533527,31846631.696788996,15743467.665835269,-7749729.0016195187,-31445070.422708124,-48028541.551346563,-51872458.944179751,-41377050.598489314,-19401869.566340894,7333382.8303433089,30374776.143777464,42195049.996049546,38772427.871708035,20884637.768091515,-5723142.7565590627,-32429749.435725663,-50262406.35189189,-52977912.847159877,-39272453.367093302,-28065197.398553379,-20444264.854101762,-15030188.656793512,-10979956.13394209,-7789541.561788829,-5161503.8512984514,-2922381.2096013883,-972803.04759932903,742254.48043258628,2249948.8260692083,3555343.1089348639,4640396.8022813164,5461338.0708375666,5950764.072824466,6031919.145340357,5650730.4703640193,4821323.9585454194,3664638.717694432,2408365.8167360798,1318144.049610514,574687.42398768966,189679.05270016956,44707.595614954043,6976.7225318411583,621.33096035988581,12.753625739578835,-4.2107058114799862
0,-59.594513068943826,-598.70402101516856,-4188.1988652585069,-20653.758004849788,-72862.430761130177,-187951.99238903867,-363692.42654399527,-539499.52868153038,-615425.09529285296,-509155.02402614825,-198334.53877330941,281054.16265571973,866200.97253478703,1498460.3702366806,2137030.2057242524,2758571.9507793146,3351077.2592055192,3907036.2830473823,4418363.3953429125,4874010.8132108469,5323578.1563618686,5627491.7577259671,5833640.3781387871,5942967.6330558024,5965017.2070607953,5917388.8116683941,5824609.0609809319,5716217.6607926702,5623670.0288082249,5573765.6475264821,5573862.378351721,5577772.368272664,5410814.4058535751,4613370.2649205392,2135371.5000612615,-7882588.3780604731,-20833777.083951619,-33267069.445833869,-41703749.834353119,-43344638.413744926,-36941950.698336497,-23252484.591142472,-4754204.7233492453,14674078.77484294,30789762.97699384,39894822.650799677,39994700.697343193,31121015.314132106,15888745.951829262,-1409871.9705920659,-15899000.857288253,-23274138.197667658,-21497436.19171511,-11260235.924109582,3827156.5149808307,18631016.022528592,27762686.356491052,27843875.504990038,18288828.700067043,1811108.0364158307,-16435829.768907117,-30698277.959542118,-35941041.748367682,-30292797.159702841,-15445580.608356947,3618255.5417961734,20096091.515891828,27693558.797268432,22934688.165947333,6517048.7778581483,-16718008.519573463,-39233149.038237125,-53204220.419772297,-53129245.587159075,-38007753.326365076,-26731333.428172447,-19249428.160124924,-14059257.297632763,-10254415.845219119,-7299534.8750286633,-4883181.0271831527,-2826997.5528358538,-1031204.884792911,557636.5767024603,1964517.9304608551,3192764.2794382577,4223772.376546178,5014737.6166283032,5500471.2920649769,5606434.4469229616,5278439.8315266492,4525396.9627121054,3456572.4025451387,2283573.4910288309,1257362.6388571616,552270.59376256098,184128.07240187452,44074.285655756452,7073.2221893239803,675.29305756110489,23.285594500758286,-2.9149218130463486
0,-59.678061177187388,-592.53223701750221,-4090.3354995568129,-19868.297226710692,-68859.0158294172,-173801.66428248206,-326827.96615026519,-464920.67532092071,-492741.40114577446,-338468.34119401232,8984.7457268862418,506121.48771411827,1087841.3130644949,1697430.679280452,2298168.7338193851,2870956.8610539171,3406919.1426246129,3900064.8386210334,4342247.1834231587,4721140.1983787399,5110681.1587802926,5307196.4693080559,5378958.4695614884,5325389.8299640073,5155064.4622637257,4883969.4643095983,4532542.8526707496,4121320.926917769,3664715.8890910624,3160205.0189319397,2567481.4005830195,1765575.3750665612,466211.13544019859,-1955683.4013636382,-6779452.9713660348,-15505506.026057832,-24624392.482796088,-32169232.282973934,-36398824.548327014,-36041426.692904621,-30551970.653825801,-20380990.413545631,-6699826.6499765208,8527032.2822798043,22794193.277582206,33502518.081771772,38623915.132138021,37061236.814597279,29365683.226800259,17431214.287333045,4473406.5841783592,-5961221.6508733463,-11106332.934466699,-9652536.5100708418,-2661894.3695256775,7257592.7556302128,16230492.083182901,20977829.827859484,19520899.192740839,12193965.837852839,1498421.0054786282,-8924688.0017821174,-15168442.219602138,-15065022.587620076,-8752766.5284109116,1116478.7504698532,10133228.097562974,13768480.789282599,9167950.054886207,-3401627.5688713952,-20678633.060354695,-37029121.534923486,-46547682.110579498,-44943355.446033686,-31362845.942842234,-22039930.910624079,-15934173.049062042,-11729955.823395688,-8646405.9048702251,-6230115.8302751984,-4223151.7093125992,-2482537.2827611663,-932316.69389981404,464609.21833078272,1722005.3081042822,2835957.7332842704,3784146.3672407423,4523223.0274852272,4989872.5053360257,5112153.6030976586,4836290.6024459098,4165924.9847925459,3197326.3690248094,2123122.6245720629,1175762.0871825672,520046.26226631395,174999.12406930357,42470.25163892992,6980.8638180205435,703.69440042119857,31.472222278903075,-1.7678111966248058
0,-59.104718985355866,-579.83509232062579,-3947.3279162300346,-18862.651667732185,-64088.179873486741,-157704.220127793,-286304.9813969814,-385252.3592807143,-365165.81320926442,-165941.78515192535,211724.00912714159,717154.0091724589,1283910.6128589041,1858502.8303722851,2409673.0923633398,2923817.6852213168,3396141.6978009189,3822701.6301957406,4195272.0658979183,4499476.210893346,4853076.5959540866,4944847.9248276465,4880775.0236332584,4659285.0719215758,4290052.1864098171,3790752.6714754901,3182221.5786155374,2482364.7927428279,1699016.5055946985,820028.07488054829,-203198.83514475264,-1487379.7941794859,-3279140.1030421029,-6072709.2864569686,-10824909.48883546,-15748492.235102959,-18798706.339168657,-19897150.544404395,-19362263.996134289,-17721309.740430683,-15231279.721240686,-11831509.974631611,-7008895.3191457363,-251605.50848085812,8421140.8773296177,18057438.217006844,26939874.131685257,32879390.259506393,34042191.730987102,29513723.507606115,20241426.538456615,8503982.1069803517,-2539867.7593884142,-9633213.1744560041,-11079833.974185996,-6720742.5620101178,1534473.754749239,10789978.594793744,17837331.642293319,20471791.81034933,18300792.657566447,12602987.080290128,5872628.3558475384,631413.16499593121,-1540285.1772273737,-743677.67280683015,1358138.7748998334,2289400.5946250097,-229346.56986188309,-6744979.9216381181,-16081789.446641441,-25135576.4320224,-30369681.026253186,-28913632.63550894,-19968682.231936112,-14455753.203849088,-10835688.7918553,-8287133.6678991271,-6334456.1786545692,-4711693.1933562066,-3276432.7421013364,-1957680.0322820134,-725039.91670223582,429230.10070886556,1499849.0634683457,2471052.6045344658,3314276.6579814157,3984538.7062422335,4420314.4511646722,4552782.2307974808,4329189.161611015,3747964.8378606909,2891264.7283038581,1930184.408568928,1075245.6406159024,478928.63135229395,162630.78715379268,39988.568676391616,6717.9975137944575,709.05744700860328,37.549874405740823,-0.75373441639457295
0,-58.00312340759853,-561.79661104730405,-3766.5419919894139,-17667.543329041779,-58633.000678816119,-139787.82573111661,-242144.89744168398,-300050.19038445869,-231352.11859810245,10887.633547448344,413209.12876180955,917615.29543134768,1457078.138058047,1982813.0265659755,2470954.7297072206,2915356.5937892925,3316919.6899243253,3674734.3282580678,3980696.1635442236,4217720.5095915366,4578804.9372259239,4574596.1918740114,4376632.343690183,3983676.4315734818,3409855.8556196475,2679348.6629052032,1819102.6520926002,850940.56881733635,-215336.65578152784,-1387575.9414998766,-2696135.9545395062,-4200720.3240248961,-6002753.5976193277,-8267476.7303280281,-11256639.259116895,-10756871.275011908,-6449057.9276888631,-243274.26884558317,5352042.1465639472,7847584.3253411911,6073407.2815153413,679603.56709104578,-5960843.5846176278,-10649769.803207913,-10549445.104526121,-4518650.5766746504,6384211.4631752763,19043897.498533051,29292641.982293006,33343312.587102108,29448349.557442121,18309608.235477377,3130854.4854074921,-11325065.475508567,-20672570.659397494,-21988848.03030283,-15066987.793924497,-2202263.0231110663,12464320.606924396,24441786.28194543,30491465.999969862,29582381.277276762,22833658.272883728,13068213.640817767,3532939.446273807,-3314414.5603248654,-6476460.1576969633,-6487696.7499904186,-5137076.7217071094,-4037278.0210285508,-4335396.9970494686,-5776170.624243157,-7374149.0583844809,-7619876.4105614424,-5615216.9016742706,-5125966.2079211725,-4700353.4675702853,-4223668.7831678661,-3648712.6370918611,-2968104.2596006091,-2196047.3604133516,-1357319.2247386142,-480898.27014542994,403559.94443333347,1267081.5270673889,2079485.2894136142,2804750.3990424997,3395992.7826311002,3793880.1559769292,3933492.3061221372,3763857.3782672682,3278403.4436487118,2544326.7104736143,1709085.1956819687,958422.65548193629,430180.21133153897,147495.26517359132,36760.751235137453,6311.0076248821251,695.09647977541681,41.878626331814672,0.15244140622374647
0,-56.564838658301824,-540.18990619610543,-3559.0744515333768,-16329.474291756511,-52618.949087139023,-120238.7124878844,-194328.38673794692,-208446.98952459174,-88762.049076220603,196712.33285902088,619937.33210885292,1114542.0024085499,1613154.8105654954,2073388.3866413287,2481548.7352802414,2842092.3490051739,3164369.4201022396,3452315.8642765167,3698506.1660879455,3882378.2877543792,4322594.2199533982,4237816.6356902877,3909732.3745582532,3339667.8417325364,2551372.7828836981,1582427.9312547955,472913.17567092826,-745769.87707751524,-2058425.789225027,-3467184.0962962913,-4983172.1674854448,-6605339.3214321258,-8278595.9601054257,-9813686.5364380609,-10729353.244844962,-4668582.2945445515,6949976.8447602242,20394098.861011244,31039989.30680583,34478893.782374173,28553337.86807489,14337530.741906835,-4103441.4800658678,-21014114.982467484,-30764543.512573991,-29978338.683841947,-18760942.849544547,-823353.78767067916,17719860.528737035,30441697.147762947,32850309.519922864,23959988.897187125,6628950.0331951566,-13419132.845947588,-29474450.909129269,-36163126.601699144,-31240100.973251607,-16256495.881020604,4033523.7699347171,23415133.786354903,36222016.028890215,39379367.715794042,32833616.030555885,19617901.561654873,4424656.4709954718,-7975751.7980132559,-14323636.015152467,-13579717.974240255,-7190688.8398380661,2074440.6786302482,10797659.228537604,16488333.818564394,17792402.805221807,14958596.187934091,9107993.0525228977,4329821.4784653326,1446820.5444067523,-197454.17152629179,-1017486.1333713436,-1281760.3281425154,-1169984.0780882423,-807123.85804607393,-283573.96473750769,332812.03356251586,989230.98501293582,1641348.8814934697,2246245.4529015291,2755944.4381752769,3114321.4287465038,3261456.6336196787,3149088.0887050335,2766029.8699340648,2163995.3565453771,1465236.3384067211,828543.04342642799,375369.67206594936,130178.58094574485,32949.964462075797,5792.6415304093771,666.42655000469153,44.906715893784806,0.98206800149544893
0,-55.065719551238651,-517.63272352526974,-3341.8371551086561,-14922.385895795633,-46258.745464810141,-99419.518789609298,-143002.89739393923,-109357.59784598155,66368.513586262692,398999.12555108342,842731.28289678239,1320083.5964379315,1762519.9727054997,2135886.2542982302,2440761.422374486,2697309.7226568018,2928025.6963684321,3144901.2093037092,3342331.0073895329,3495168.9418447353,4129702.1938129086,3987268.6567684449,3532109.0763896462,2771691.8360627163,1747610.5143711623,521440.09639244142,-843750.69729842746,-2301285.1524349083,-3832334.2081818618,-5445805.8425338594,-7160980.1260810923,-8965712.9956058022,-10735395.588122651,-12081090.903382311,-12059821.857891362,-1944530.8498706,15502724.16697262,35129039.24576363,50456645.490942098,55455419.128478892,46982023.493360095,26114047.59577135,-1893380.8900657548,-29248279.630495999,-47989246.450493172,-52712031.99527359,-42418183.277262151,-20995142.340729959,4092781.2032361692,24388571.276635982,33041941.007461604,27400626.039418031,9702188.3925483283,-13849104.880502991,-34927445.760226771,-46307415.798126481,-43989949.519520715,-28716451.52883767,-5465126.1608767174,18451121.542402484,35657076.451301157,41501974.810587905,35097098.941285439,19577215.517716151,670876.43572076526,-15087241.594264597,-22777637.798472635,-20199553.532749139,-8643765.1857453454,8020278.154904671,24523120.330227114,36110103.607423626,39584183.714556806,34164299.653711244,21331133.017189242,12150533.751680434,6507687.202256429,3096197.3578863568,1112647.9821131804,56970.427277237352,-388718.7956294156,-432435.63343366422,-215042.22180943986,164538.24798503044,634427.85514803324,1139436.9573637329,1632167.5670356092,2065468.4850913696,2388044.1383634,2546362.7851712019,2495942.0934068691,2221537.0504583218,1759201.9020032815,1205015.6666181963,689401.73606722406,316314.72341568698,111354.95350272855,28742.537421671623,5199.9774985875865,628.21778120079011,47.129177772591049,1.7689775702697987
0,-53.882048635681372,-497.85014086295172,-3140.1698056987234,-13564.562914563068,-39925.692928510733,-78085.993526696708,-88916.868705220579,-2030.0048447070651,238757.41127079091,628539.56016020221,1098405.0633307176,1554000.4778385749,1922621.8264230865,2180092.1158869625,2347415.2247434445,2468849.9538996387,2588039.4148688233,2730649.7925909376,2895014.2532897401,3049710.3341896851,4062896.236233355,3894834.1953691836,3310886.5172720649,2330572.5575752887,1026882.0095727687,-497161.30119099334,-2139347.0136993597,-3828613.0447986787,-5546152.5610454297,-7329943.5654098149,-9256135.8202465456,-11390473.172464622,-13696030.550130259,-15865726.003315449,-17008359.641088743,-5534285.1039283294,15070356.769434225,38908164.242022842,58183859.599948525,65648336.629839748,57249075.899582781,33663486.019721903,539690.00424265047,-33232182.872851957,-58162523.773892038,-67330063.993635952,-58661461.46677468,-35709664.138039276,-6572761.5482390402,19094268.479033869,32880738.587858014,30725720.961266264,14088327.593676221,-10848160.789760221,-34964493.2560049,-49956859.191864036,-50590845.773360848,-36803048.605029315,-13411377.623491926,11839720.470824972,30737000.860129178,37636251.642797261,31122513.007217612,14322715.209233962,-6457235.063307154,-23664890.986880079,-31418464.683510982,-26862727.668465942,-11252768.436483584,10750028.30760373,32680819.114304874,48284556.299319766,53183520.802291408,45990481.24186857,28613717.972740386,16837218.581751794,9549484.1446200032,5068886.2669989867,2365727.8346278821,805308.65184787672,-10035.555919490533,-335719.63682546036,-340970.86269547313,-141853.66629735497,179617.72176235882,563268.89549136721,961202.92476383585,1329900.2973358198,1624960.128034797,1800793.2950784422,1817822.8521000892,1657421.7067315564,1340154.5049129892,935600.11075764801,545216.63503086357,255013.37838286319,91757.250281759756,24338.503811211191,4572.2249673017022,585.83086922468158,49.045271284982149,2.5457268263075892
0,-53.476553573522516,-485.74391597843783,-2990.0177578432313,-12438.776630600625,-34260.464036329671,-57751.351482641054,-34248.858040910935,112721.96257164434,433090.44812297705,899779.04075371113,1412137.0017145816,1847754.0480547487,2122382.9295555139,2222827.2626133212,2199887.3943629023,2135866.7754575731,2109282.7160063353,2169251.5713322805,2321862.6787386555,2526733.0220444365,4214972.2554652197,4065347.8120627175,3339624.4840230509,2079235.4705563195,411305.6115312617,-1490070.5350672754,-3455191.236449182,-5370278.3668077188,-7216185.9115165528,-9084488.5281217955,-11165121.193702273,-13703914.886534205,-16926975.470867816,-20917703.932976019,-25400664.383655448,-15651296.795212083,4837538.7870503357,30218599.767212495,52224851.932043664,62979725.602003381,57618250.749113075,36031500.635230616,3360577.5697427182,-31511955.342284966,-58631897.904986121,-70280628.712368503,-63520435.963495083,-41118515.481398501,-10940858.026246529,17098778.672541,34025697.553141937,34881453.861556642,20320595.590835329,-3985800.6962702074,-29014124.770141862,-46135282.301061571,-49529446.584677011,-38508799.94828508,-17415210.530340064,6236199.7455764906,24237603.919043824,30653545.739470016,23803541.100479197,6678406.9619379332,-14320887.728644727,-31461992.276219096,-38594548.815124363,-32767188.508267969,-15277185.109270843,8963159.2245860137,33037704.606314227,50153836.981422149,55661032.623741873,48060321.322900787,29517765.888704076,17494217.586799964,10009482.942533972,5363469.3449329389,2512983.5598116433,815834.28973924776,-128874.8989954804,-577338.28938771249,-698366.30605289689,-607132.04793467443,-384317.64795504906,-87668.398249388891,239295.83268913723,559952.72697077272,839015.5091339458,1040361.5565520634,1130370.2098217735,1087756.8264459525,918084.86117395188,664752.12668634951,400485.13973121828,193567.62436878675,72145.628320173171,19941.950574213352,3948.5602997128494,544.47074595469508,51.119389076345087,3.3402716327071036
0,-54.296650726279012,-486.75219197252108,-2936.6994719110439,-11805.550439626151,-30298.455490770644,-41242.770279680648,15907.94836006695,229978.61711413524,651461.28026824316,1230328.2427211329,1820743.1777811795,2251261.5730390605,2409997.4175938806,2293470.6581251719,1996795.2730221618,1663895.831169625,1431878.8621911788,1390334.3039695676,1559855.6206413214,1886739.4643964244,4730768.472409891,4660903.8329695472,3758380.0164891127,2102984.4951089933,-85887.451048132003,-2512781.8717238661,-4890900.1973501164,-7027952.6159411799,-8893062.0010997988,-10650814.746344831,-12657893.663546035,-15429596.590929279,-19592455.869185638,-25841996.948025692,-34912335.938806586,-29494911.82664698,-12323756.933765944,11602959.599230742,34605614.249604985,48882721.412973396,48956695.623892754,33665608.64785707,6820329.6124762017,-23818678.973226186,-48970849.148596339,-60912061.866469726,-56172939.763675533,-36487573.69069086,-8554222.2564703953,18492698.946936153,36086520.361353591,38969628.240618587,27097305.694732767,5272738.4767453214,-18449373.587040123,-35845822.134073794,-41222372.804042794,-33526662.464396887,-16340235.463645613,3555598.5312063084,18669051.3742714,23476139.198610175,16325083.820737863,-90941.245925784635,-19788840.84128461,-35638467.859695554,-41916109.544790082,-36031929.541189902,-19371587.399826594,3430029.3309499635,25881006.442471884,41681244.291286103,46800983.794083521,40138261.59369202,23910610.775236495,14019311.818124792,7813070.9383196086,3927493.2074398361,1518792.3020250772,65468.729204989351,-758923.08282370586,-1163793.1727983966,-1288049.6591605069,-1227451.3630797206,-1049562.3367080714,-802120.19123976899,-519363.51673493464,-227854.59814057712,48240.58109388662,283517.11218773841,451131.86242247879,527822.80307007232,504913.35556048073,400566.20094745903,259825.70850556603,134103.8174976944,53276.45149123454,15751.908164324585,3366.1827247320143,508.89121131116696,53.749523780246449,4.173455138415207
0,-56.470993700109112,-504.37224982876387,-3022.8622963360813,-11978.665169328502,-29546.389552280609,-33421.730310739535,51059.570198019035,335730.78814081789,887444.43129088718,1638212.098677408,2376915.4445083011,2844148.3475383185,2866838.175340564,2444307.4874785719,1739003.5298550767,997060.87319956394,455547.32830464689,274194.9328225709,499881.14709146018,1058276.2427799175,5845571.433955621,5943307.5427948423,4789058.3569350671,2528167.804019968,-464041.49593783071,-3686227.3743129331,-6649704.1577342199,-9019201.8754157443,-10722905.475088138,-12009998.941167159,-13450489.114078593,-15895243.117194204,-20436833.427439455,-28434690.489857584,-41682814.125047289,-42061262.792167775,-30773262.991542798,-11191153.380441571,10584229.512668945,27574752.090823241,34142483.101340987,27977388.37434848,10930724.976910664,-11297720.746789986,-31181533.559414152,-41760524.783439077,-39298039.383992307,-24363869.826054033,-1782342.50186701,21038805.788293488,36794423.945843421,40550022.913038157,31734487.266426034,13995752.746909013,-6214398.8618311882,-21846085.296310093,-27965380.026067507,-23373892.48572772,-10776358.730627419,4171671.463828953,15294959.760076463,18003544.920823127,10949503.535494292,-3579784.6108947499,-20486591.957464349,-33913775.290638685,-39202940.190424137,-34484183.619986005,-21210303.042185556,-3347419.2704452737,13836700.292593883,25518537.796029374,29038230.332423031,24144558.783176467,12962224.460077837,7107620.0970565835,3380198.9802406454,1019510.9863528352,-454147.55277224461,-1340657.489456825,-1829889.4835840126,-2045907.2469199221,-2073523.6250041032,-1973726.2549796768,-1791119.0226902938,-1557099.5877563842,-1292588.9287906324,-1011602.4450089805,-725763.95538713038,-449021.72246835014,-201002.03630617951,-6401.2786306196485,112841.52270932002,151185.19080940058,127811.82813186351,78694.013613234842,35873.318613131931,11954.379977211134,2858.7323009566207,483.17455887450171,57.246160937556901,5.0575688064783249
0,-59.127987473788309,-533.80545979835233,-3249.9393677089874,-13185.052801097976,-33776.281899480084,-41751.96463094341,51542.28923478051,397466.07601418113,1113091.0172672891,2133491.6767558912,3154012.5983900786,3754713.4834833606,3632517.8279488115,2769827.6044772873,1434164.5704766056,45290.363589633489,-986926.636769137,-1380889.4749348164,-1043167.9256317203,-81349.206694577369,7951784.5962021416,8347951.3955651745,6797462.6103798207,3556088.5437941039,-738935.29701201024,-5239308.015231953,-9112222.4088741988,-11769969.216701269,-13046497.114017677,-13284984.766350821,-13324709.71274492,-14415253.891704155,-18122448.199170977,-26338923.126269676,-41557520.385044158,-47762366.894241482,-43970161.180967383,-31246390.351065923,-13283063.946901469,4557335.789383579,17017342.541289646,20726615.004768118,15266959.955352876,3654201.2489630361,-9151838.3696574084,-17599602.44046402,-17916177.495279025,-9456078.6409412995,5268792.7473919336,21261448.620790213,33107447.513956573,36767124.658841267,31285526.508398328,18922311.437877566,4155929.819255651,-7784076.3633656008,-13165790.855930306,-10891529.473249981,-2805177.0322996206,6905240.518018486,13761605.289235111,14509541.903522404,8295619.2293631947,-3079152.8086943971,-15732488.641858689,-25554237.183588244,-29467729.882614326,-26621676.391408101,-18533183.538570758,-8242306.9066719096,823409.5261652231,6073547.9683872014,6676822.1262361854,3571798.0977859772,-1173360.8325969616,-1927538.7942823104,-2477359.6905187028,-2850830.030655154,-3080351.2455424974,-3190675.2628988507,-3200754.2859135293,-3127201.2161598327,-2986423.7838740745,-2795309.5147920609,-2569400.8274235576,-2319812.673250488,-2051709.562224552,-1765221.3839776607,-1458895.9951985192,-1135191.6123145113,-806580.97913839249,-498865.95873476285,-246110.84692009917,-75500.833162221388,8806.06168026667,29281.961094168593,20601.606287803959,8715.9086338981106,2455.1522117008208,470.59835708511997,61.822861573193968,5.9960839231612173
0,-59.22741275223531,-549.31533066259863,-3486.6529320113345,-15140.371339765888,-43909.085880750659,-75498.720969401518,-16091.393005862059,347065.58081412199,1251152.5203763228,2696541.3429924753,4249641.5733483303,5192390.002173177,4950621.7160794185,3442628.7412388269,1105901.3131924949,-1337406.3625005523,-3175462.8681893954,-3914909.3852910385,-3381419.8532045614,-1738434.6445151358,11714188.902945822,12611773.0699149,10401533.351207584,5523732.3777626222,-945541.18157919915,-7576011.9220527466,-12953649.96456385,-16057752.935976874,-16542730.600802306,-14869109.688654803,-12250968.833369548,-10460419.801473295,-11565961.647755029,-17767669.291962814,-31556874.004091617,-42420338.043478213,-46758755.68694032,-42831865.715190761,-31283908.972979777,-15191454.908913584,1088653.0409374256,13379626.198246177,18976195.261248011,17943007.783871908,12379045.937539479,5964846.5607915837,2226351.8225886552,3068859.638870405,8445807.2235380989,16097192.97305312,22859021.857049998,25926695.336899854,23987448.023466699,17855875.032144979,9887881.5221652612,3082068.9546934534,-247373.36858400391,688015.24032013211,4805072.4281817917,9617697.1609143037,12516717.115761852,11769853.944084104,7198497.3854492502,156512.22890681651,-6932027.8239679746,-11938020.127423413,-13709243.06732733,-12606717.721839165,-10243009.546105403,-8661112.111099204,-9187855.4203624669,-11825203.417366805,-15318509.148356242,-17359065.707622793,-15865401.115553414,-11457489.513513964,-8736749.4646642357,-7031635.7595908986,-5937965.1666128524,-5207124.2246749997,-4685683.2786673596,-4280504.9051034702,-3937376.6305914391,-3627245.9540854259,-3335205.1741052438,-3051173.3847072553,-2764142.4850392146,-2460441.9649069882,-2126074.728073569,-1752789.6718308164,-1346538.558645756,-934161.08824678569,-560598.75282242487,-272158.40112601919,-93198.409613226337,-12383.295802380768,8047.3903179871268,6178.8464096408325,2179.0116670455623,473.58864364157438,67.598071270812923,6.9844784462175395
0,-50.561346408184903,-487.63448893956593,-3304.0199315536952,-16048.651146607363,-56484.610558285145,-139804.36863176787,-201142.29379832168,51311.962783587027,1116445.0129173677,3225318.8393990211,5782833.0966010094,7504457.0159315076,7253309.0788857201,4780076.4025479527,810930.58940769441,-3391041.3446779554,-6582607.4284559488,-7903682.2028990267,-7041744.488403813,-4257946.3761623204,18267772.413901087,19993045.357950155,16658110.113985352,9009988.1409394946,-1138672.0527953545,-11383697.387657186,-19332571.266407918,-23235946.348184746,-22435774.510752618,-17574378.653896816,-10462830.913484808,-3696015.2235272182,-57787.86564105584,-1947038.7485330282,-10998182.652969312,-24951437.721910667,-37294450.977619983,-43296370.560577601,-40268841.364243388,-28635656.109128043,-11470869.186695285,6618150.155252899,20960976.33245619,28688254.715968795,29136994.130407359,24047363.697616488,16498385.365594367,9548023.3836385198,5435607.6595370639,4623908.3903276287,6176006.2831425536,8604017.8052992597,10327511.32903265,10715519.281803068,10054397.741620664,9066454.3401868958,8576594.9241052568,8946256.9277573787,9748696.3897580598,10229366.122539734,9655570.3428888693,7857268.9095172547,5462915.8862033617,3485495.1194603257,2820841.3599881525,3654353.1854066905,5107962.1424755231,5467722.6210861346,2931547.7482570903,-3592128.3054876956,-13511579.909578292,-24348562.826467123,-32649729.267543685,-34780607.499479443,-28612759.76387028,-19893101.647682507,-14377031.093014536,-10858967.920887776,-8589655.9045183025,-7097983.0473613944,-6086711.1495258734,-5369213.5341602471,-4830044.020504538,-4399713.5929762265,-4036181.4652628046,-3710333.058282326,-3396642.3968272465,-3069186.327034791,-2703038.2832946018,-2280838.0115712727,-1803216.699551261,-1298253.8769757957,-820444.05952487513,-432301.12122291524,-174722.0500148682,-44804.179615604917,-1298.9505905129581,4458.2732323921409,2048.2438495370079,493.74696524979379,74.606131159215067,8.0119293163662082
0,-26.860883308750648,-257.3743870868517,-1835.5706340728834,-10802.051915167431,-54587.608443019497,-214151.2234666154,-554956.86624997004,-734600.70620665606,292193.10787747323,3410947.2078254037,7871490.4513456989,11277921.860488277,11319990.9690252,7367507.0470739324,668205.15067747806,-6518289.1043999018,-12013700.095183259,-14328452.028246088,-12916586.796187611,-8217805.9140069699,29553354.454591531,32643767.057932016,27380502.041648533,15016135.269306799,-1391546.4411707288,-17813460.274147604,-30202483.309803698,-35598709.698407635,-32813281.75612035,-22817312.571397945,-8445908.6215542983,6231773.0182474228,17078173.368673515,21063602.266557887,17847589.240219504,1793903.5074136418,-17906833.420392361,-33894905.509507611,-40412631.452221476,-35252438.960964769,-20056775.988980126,505622.70596325974,20307314.164584782,33967017.773336694,38455474.214128979,33804591.591144621,22615825.818770796,8869135.6746620014,-3393728.2989020897,-11374527.492974253,-14086849.087186798,-11908505.26740527,-6565495.5703779925,-42617.702109280159,6106937.934597373,10609014.090384778,12927127.375549428,12961148.675560812,10899782.31976147,7551436.4281338165,3886371.1166348001,1289247.0920490378,1103452.7775772696,4087193.7796855355,9890152.783512285,16985380.857488237,22662274.440433398,23880093.68635729,18437778.280785836,5965465.2854472762,-11467179.989267571,-29420070.651139367,-42512162.053378932,-45979120.570133232,-37532641.387477286,-25989196.293786298,-18569109.548360523,-13776697.288888928,-10659230.203175806,-8606284.3520524763,-7226274.7835418172,-6268885.7610005839,-5575646.5056567602,-5047919.3787679654,-4623673.7991339415,-4259487.9547372321,-3918741.1072299341,-3566073.5959884818,-3168196.2949109282,-2700959.6290763714,-2161372.7139025112,-1579195.2392603413,-1017092.910854006,-550550.86619395425,-232923.32532497423,-66780.582270498227,-7054.6346660211275,3640.3224311361068,2075.2050841028208,531.92977292058606,82.814315158543266,9.0635283393986512
0,-2.7381874254017791,88.353778276933937,1617.2459624897517,10360.194352449593,11675.399828205822,-187690.63035525088,-1056849.5905269086,-2426735.7720327447,-2132953.5538587212,2446794.7539147735,10558903.789341621,17529785.324206326,18578970.326387942,12284183.016063048,900995.64275092306,-11410482.824778259,-20851633.370385922,-24870203.478730697,-22521438.353409756,-14590159.167988686,48878297.152054638,54228366.209129505,45670057.879569374,25262015.720007323,-1793221.5260842196,-28788781.079572946,-48831550.837134257,-56993710.505852386,-51147647.377780475,-32909484.043803744,-6845345.8489511143,20244020.423113383,41582754.804325089,51859763.003841028,49164555.467827484,31269653.785870764,5459220.978704283,-19227434.043532588,-34766293.808470897,-36719702.86692486,-25376428.441260427,-5250336.4560001474,16669004.803589562,33292918.831321232,39878819.483061805,35119906.055553399,21185996.844604593,2706250.0013797912,-15114523.512743156,-27819012.707267519,-33004063.069126468,-30404449.354005367,-21850265.549379017,-10337774.773285581,1119905.9264157391,9756549.4128873963,14019140.669676738,13447284.564413987,8771711.5908169895,2005162.0011113144,-4497964.3016534336,-8061346.2577234078,-6763018.6046507116,122706.15432979798,11426455.198735977,24309294.273042198,34658004.730407298,38361075.283232711,32635432.616210595,17393853.40515478,-4404247.086567888,-27170600.045386206,-44205572.175757624,-49890820.407408454,-41659190.239693522,-29034082.883023493,-20801192.734983746,-15420601.796979694,-11888340.962287471,-9548546.9072452802,-7973410.1395726847,-6885220.7274086075,-6105390.9559432929,-5520765.2980282512,-5058820.8928012168,-4668221.8069387851,-4305876.485593142,-3930703.1344451401,-3504310.532308944,-2998614.4873341643,-2409071.7113677119,-1767735.2556846049,-1144006.4048069706,-622855.29937446769,-265698.66069306404,-77444.726566979734,-8952.4088274113383,3781.559193677198,2266.933577502336,588.35390462552039,92.142138525740691,10.12262649698172
0,-7.4153810512693417,124.5529813182272,2758.8408635680244,20604.262798436084,53272.661039452789,-136452.69346721677,-1242545.113701242,-3259085.1243046839,-3482770.7812905442,1696051.1434251936,11643285.092837006,20511344.309737265,22148688.555017691,14646243.386484932,768717.58075132221,-14312191.785333516,-25882668.949582539,-30777906.557830982,-27848227.179753888,-18025086.410694174,59914067.064245738,66671999.64006453,56441623.375905804,31719503.275861137,-1055062.4861860801,-33657770.05790969,-57611058.421371199,-66880891.436989531,-58762281.122146197,-35235702.938913971,-1784829.184956264,33253279.253873881,61587250.575278789,76318148.907995865,74024494.470878825,54756924.029417224,25032825.45283094,-5548480.8110589935,-27746807.823277872,-35655103.11571645,-28536656.432989009,-10659373.423237629,10755533.933353309,27830611.133166116,34926203.734363392,29992170.148802981,14880815.196691016,-5508491.3577670669,-25434595.003531925,-39667258.737724565,-45176570.776194751,-41477025.732867032,-30522440.594396006,-15903998.538401468,-1487281.6472728364,9155154.6746815089,13887890.343242059,12158605.151000554,5113946.7738964818,-4555828.5439756773,-13610550.481068071,-18572402.436250418,-17079042.719153531,-8260088.0549167115,6432076.5540273134,23528320.582157712,38073723.848654203,45293122.504537515,41828906.209550738,27350718.069501366,4976110.2765878532,-19431947.96534751,-38713956.043712422,-46858162.670227513,-40921883.04787337,-28882292.572102446,-20919040.779930707,-15653744.580100531,-12164564.974207703,-9836081.5363138597,-8259554.1918173693,-7165634.685554984,-6378903.549885896,-5786978.1512933066,-5317018.5641664974,-4916765.2931661503,-4541787.754396921,-4149424.6960847895,-3699806.8033581115,-3164065.3816504157,-2538380.9819254722,-1857797.8608929827,-1196957.8591835045,-646650.2552111129,-271754.85755726555,-76285.027858499263,-6845.1989789586987,4909.0228933709268,2625.4818341769228,662.70176710212195,102.47923457764122,11.172922356629448
0,-7.6765702054775184,121.99544853244109,2748.0759016344023,20639.534849374832,53923.14575408621,-133082.49153980755,-1233340.4134772846,-3245622.4445343716,-3479166.1072917581,1665668.8567558527,11556998.903104592,20351365.227465019,21916766.511836797,14365401.725539697,457361.65015786397,-14630970.573646609,-26188460.569739401,-31051286.424515098,-28074623.380896028,-18174056.098263022,59842378.826296002,66748089.154589199,56703569.696057066,32205344.082669947,-274587.97498480632,-32515893.252401311,-56061233.416620851,-64839221.187915325,-56123628.923646778,-31885232.546708591,2443036.697958664,38565716.331704184,68196911.78515166,84348253.689368725,83235380.306376085,64484550.912183963,34153498.678033881,1778095.727095295,-23116601.985005315,-34198173.389845967,-30237344.237792604,-15124129.127474876,4178632.1799319829,19914539.842257753,26434484.642438047,21643939.868975919,7257647.8901325958,-11963624.729957556,-30379487.402221587,-42930384.397956274,-46744948.309903406,-41527844.645550378,-29397925.020482138,-14079476.234773869,440865.38362477929,10577892.972608667,14236123.645614041,10986502.412963677,2101341.2226583324,-9568623.3484688755,-20578583.509382237,-27278678.635044988,-27035781.159812044,-18752481.455058634,-3643490.9528869344,14976737.763713427,32126078.420640957,42869517.595268205,43420576.577122577,32874323.263541121,13672855.643840376,-8958873.0638816897,-28257625.613178413,-38351782.896206707,-35997409.017655954,-25881664.548852943,-19094876.067491718,-14556154.539830474,-11520557.112027491,-9477956.2092519663,-8082631.7441237532,-7103286.0934783984,-6387738.0020095529,-5837991.9200142007,-5390209.0560786789,-4997781.8712895969,-4619893.1243381742,-4216394.9067198019,-3749578.6283643064,-3192979.6658415459,-2545806.0797041198,-1846778.8217444082,-1174218.0543347201,-620959.36867934326,-250652.2171889036,-63159.385443080027,-708.14020241528146,7020.5902891560409,3148.2152690074763,754.20409848477937,113.69873411789263,12.199979752437864
0,-3.1318139017330395,85.150028835760381,1613.6445678083335,10526.082482737585,13246.433100810678,-180751.4351333307,-1039897.6788895748,-2406806.5961096943,-2144107.6637239172,2348922.4398376262,10320962.356045131,17109318.992316023,17977507.353382953,11557888.135772567,103018.70410602835,-12230538.095433388,-21640170.720709324,-25582202.071128976,-23121166.20276336,-15005338.328407155,48647043.187167987,54368425.715545535,46291127.94989004,26470909.55704236,161414.68622720725,-25929693.604668703,-44935469.843945079,-51857713.286757529,-44516122.755550899,-24479909.19174435,3798686.0594309163,33653133.177788369,58412151.043898188,72659155.824551165,73387748.974882111,57330364.063297026,30046088.670934588,486805.14285234129,-22420552.272272099,-32987586.775452334,-30160579.549803637,-17388692.982497282,-1015057.7345236797,12195124.195275981,17400025.404879916,13122397.675488474,1178406.8430475106,-14172171.259603726,-27965227.836748037,-36206099.534239791,-36848929.852672234,-30171945.956696749,-18455440.137710769,-5064822.4094757996,6683624.8562751515,14002886.792525308,15440987.379365992,10847963.067534517,1297276.4199430232,-10796364.693107149,-22541329.270576961,-30802213.519497823,-32971045.775804333,-27685876.821327459,-15461283.090215899,1322727.2986596155,18546585.819348063,31672377.10134773,36822254.828823335,32326371.40999043,19285355.002602335,1498044.2342692702,-15492176.529128399,-26462242.310359847,-28044747.524895191,-20724502.180148147,-15745006.618680211,-12379879.426179219,-10109913.664860619,-8568311.6847155225,-7500607.6732854769,-6733976.1992455972,-6154041.2220128989,-5687512.0534123154,-5286881.1265507946,-4916556.6995075187,-4543543.2861653678,-4133832.8932683971,-3655216.4935912006,-3086619.3720139223,-2432437.1052987813,-1735648.7077956365,-1076619.3368316991,-546427.49936433753,-202817.84010551186,-38298.386995783629,9361.5274344092177,10085.425291322588,3828.0057175224906,861.68588308525682,125.66417099197101,13.191973951943117
0,-20.461056803232694,-193.51653039102587,-1385.1184760494664,-8500.374881208234,-45914.350760089023,-189628.21959468938,-502311.37454878556,-649225.9519409521,390406.90768489783,3465658.3695546691,7796936.7703838097,10990054.6986809,10782122.52208221,6607100.7985352771,-251528.26823941898,-7526059.4775706111,-13048865.218696157,-15347591.997140968,-13884838.369540192,-9084564.9478715993,28443946.940099064,31866816.189207971,27161079.977552854,15564675.184193036,124842.32494659116,-15178923.639237896,-26333946.057083286,-30391186.925245617,-26120990.580722973,-14430897.911703365,1994171.0153751613,19293030.795264419,33665793.17817606,42694571.279387377,47975562.944095962,36066909.125211172,14736741.367327906,-7930752.1275767162,-24557453.418876391,-30998025.767053254,-27039655.031825919,-15891743.005732831,-2928850.3438405115,6789391.3524089986,9948698.3810531795,6224677.4940775037,-2230250.9401870403,-11895686.083589783,-18985024.975929972,-21243559.069809996,-18061206.472924352,-10560154.025450487,-1039826.678249613,7995931.2232685052,14590864.218148077,17454153.118923414,16190989.376488855,11095922.603913302,2833874.8407601593,-7322606.8703294368,-17763202.688249908,-26571717.231867004,-31591613.360316519,-31214289.75620617,-24863005.599198479,-13304873.729429878,961631.85868381429,14435296.575078405,23559707.340824768,25815137.521991301,20655440.199743081,9916157.5164277107,-2773818.577073697,-13307888.899980756,-18397082.420735862,-14268089.622329729,-11423491.35662842,-9485443.1855399497,-8168956.6095338417,-7263241.3164281389,-6617417.9677154226,-6127540.5316815916,-5725254.3238565819,-5368235.7188771144,-5030025.5918218931,-4689713.5557624754,-4325208.1629561111,-3911499.721956532,-3424670.7697709287,-2851620.9975014026,-2203804.8152597873,-1528860.2992042806,-907498.51476108527,-425288.28168961318,-129529.5600734122,-2298.7986233677748,23146.483593068668,14044.428036052703,4653.2951409811712,983.5706282975799,138.22927803387907,14.139603906491171
0,-41.609641974914098,-404.21339038870542,-2769.0492038610791,-13659.950180690115,-49020.269713808295,-123560.4558543898,-177912.14271069868,65552.417408746041,1086907.5692827629,3103002.8663711785,5517587.7317116698,7062180.8514283141,6631353.9546772894,4008782.0406952822,-60907.144076266872,-4311518.9318492366,-7506251.439933395,-8793237.3461720981,-7861594.2214576649,-4961807.9203346083,17421497.094100311,19457415.551132519,16616259.800751137,9637376.8208579607,314270.12563461764,-8982726.9590423442,-15888984.116312005,-18663594.439961534,-16621797.253330298,-10338106.051791817,-1483010.1973793725,7594499.7398377405,14562122.981238263,17901760.984390266,17798643.075552095,8211493.345881504,-6002840.2229862278,-19104283.820723478,-26433740.268949691,-26180104.520359166,-19484778.411787707,-9568280.547430953,-583368.1334852291,4585875.7350663189,4753941.1923088916,1078886.1080894135,-3768524.8326401925,-7056294.9676811844,-6670162.8518406637,-2453446.0265094573,4406903.3783568889,11737246.696190836,17386284.473608945,20178687.171886884,20026995.446541391,17627884.778028831,14011372.552528566,9941234.9486949351,5444412.5828148769,86958.015469473525,-6451408.2759560766,-14020716.644336311,-21393427.228478722,-26797488.66830951,-28284508.141143255,-24673259.954534441,-16228404.094732339,-4795082.3910453431,6707542.6854294455,15085286.428993354,18120532.35937776,15387791.975811735,8215208.546733099,-685541.83783397125,-8321559.8150936449,-7377181.6765106786,-6720876.8411711305,-6276670.1879275991,-5974544.829766334,-5753306.4390891772,-5564948.0609397786,-5375951.464796639,-5166204.1418381762,-4926553.1039535804,-4653556.0206653634,-4342772.4312381055,-3984792.4444993292,-3565522.8320975974,-3071423.7064075153,-2499411.2738262895,-1869473.699557553,-1234075.5304321467,-672526.19114013214,-261269.21918898053,-32871.655764724121,43892.50692978545,40313.362560970781,18810.751230319071,5608.053180328041,1117.8481249299296,151.2314067122247,15.035248456857969
0,-49.536350713735828,-462.7163148087871,-2964.3328426425551,-13022.144875093918,-38302.671185440624,-66962.175418166487,-14982.296469695822,314211.13510286633,1143826.469479718,2471817.1165556828,3876188.9468064555,4660169.7596666757,4273777.4778941479,2654728.1963441134,249917.50520477808,-2218147.2728773067,-4042049.8298017164,-4732494.5280024381,-4114297.4333752138,-2342780.891020115,11065717.48430776,12253963.325987548,10476804.329847347,6168367.5372128561,386647.5061413924,-5464717.1887774663,-9996516.2651488855,-12201074.699649358,-11723868.629583387,-8985033.3115433976,-5107143.4772687256,-1687061.7314696549,-461663.83048771787,-3001699.2070475738,-10631225.454584334,-18781212.780632243,-25509888.424476199,-27895443.640861928,-24626184.657724947,-16678880.069233684,-6851893.2859577304,1528521.8357037606,5694381.9071864849,5100072.0811092025,1024761.0555340238,-3613654.8932689261,-5559154.6726720296,-2878470.6382572795,4598420.1750568906,14782198.03824861,24523841.359708555,30586148.076561809,31195273.084775046,26676049.392168395,19126290.762084346,11554076.600333758,6560603.0585468747,5283767.6556757437,6965879.3284343164,9147815.2967210859,9132181.6766121406,5009481.5298948353,-3348038.9964274471,-14178023.659014078,-24093471.0792064,-29850199.095083747,-29184328.028108317,-21936141.347249694,-10110325.300693672,2800032.8296059091,13068510.014123891,18040768.932045229,16714831.330442147,10244765.623530099,1148282.757930561,-814044.18981685117,-2187490.3056478538,-3146664.4200467393,-3806129.5345969866,-4236978.6396088898,-4484481.835330178,-4580362.794379578,-4550038.9642167296,-4416185.8110569762,-4197820.8833255954,-3906963.2542392933,-3547353.9323400613,-3116747.6306962557,-2613290.4873197209,-2045336.2626082143,-1442420.3349579978,-861739.95189067512,-379436.93899658753,-59440.263486130279,84336.117266169007,99004.28649261703,60419.158705596688,24270.586093520622,6671.6940019045278,1262.0193868687579,164.48048802428795,15.871565448317869
0,-49.377385717501589,-449.24345107767107,-2762.9168040767308,-11362.45777003273,-29722.764034783653,-38812.2312993866,37993.634102800526,335395.74718492414,959746.80805796024,1849929.2755251843,2718707.8385145194,3169251.3949322989,2919117.9184694788,1964003.6663968302,576411.60941968055,-824911.82304323302,-1833480.3271395578,-2169911.8950355439,-1739255.3159775333,-642981.60315226903,7421530.1181418914,8086036.5582030732,6911037.1942314524,4145968.3891970534,411469.26969098917,-3468174.0098973578,-6686501.7694201218,-8679477.7463439666,-9298023.6504135653,-8892793.2793947253,-8296827.8472442133,-8732373.9299718961,-11700195.269791899,-18961537.593202792,-32778236.567980681,-39125568.235980622,-38403571.397132121,-30347040.117578037,-16979405.002754182,-2034008.2078362165,10036282.0115731,15852893.092677301,14133224.103943758,6620379.146761979,-2866751.6270379135,-9588652.7191351987,-9787957.4079148322,-2315098.0078029879,11044578.748431923,26012210.382407624,37545299.695764989,41477247.994667172,36567252.807781741,24651775.639101151,10058357.717317605,-1900555.4602710274,-7103895.9623016454,-4126059.3712834744,5385912.3695864351,16945652.425442036,25390806.477722831,26611501.411559068,19029330.922290053,4272594.7670882558,-13161522.42884157,-28043778.414542079,-35684826.917021826,-33925239.558702759,-23642225.702345051,-8243918.5775372405,7369589.2568633314,18615839.42555391,22553190.477472574,18802799.407782394,9212206.148084458,4799103.4306872338,1708436.4134827768,-441324.33490549342,-1916663.5266199787,-2898415.5016543954,-3510114.3296929239,-3838889.9375103135,-3949290.0993865412,-3891665.8835378475,-3704844.961102867,-3415740.8117790525,-3040535.9312510476,-2588831.3201551721,-2070995.9315554695,-1507601.0829443575,-938258.06016700435,-424540.36171383609,-37678.668730542857,173986.53178900687,218634.23487748971,161476.54531859746,82920.536870892684,30284.511256433932,7819.0466025940777,1413.0384103947399,177.74627950441831,16.639817776275365
0,-46.764870446701423,-421.74318340644123,-2560.9969499832205,-10345.75447387161,-26430.343381495688,-33716.821756587815,29325.546547806651,257793.21975886475,709621.09560470353,1323666.8309774511,1908750.0358041984,2229070.0171763259,2130407.0089093056,1622604.252453214,871062.36275672761,120306.61470698041,-395459.39896561991,-517991.72195253958,-199024.1657426208,491513.46556559368,5357236.7568876389,5697449.084956957,4864857.8671640996,2997578.64246734,454768.95576809358,-2286282.0698510804,-4767479.7877964238,-6690390.780586509,-8028691.7648427943,-9092443.6954556201,-10541176.01282608,-13368034.602674088,-18904001.685611069,-28924229.338429999,-45973138.595792912,-49630613.2620162,-42018465.324426115,-25096550.40409819,-3692795.5143542062,16129005.72893318,28627980.763225552,30539588.85762288,22065132.964241952,7014336.7081028251,-8430393.3733546324,-17993978.872430257,-17599542.971323378,-6780337.8405410703,10910070.261420939,29265564.518585332,41635909.99599997,43181721.17687913,33112003.50546531,14668369.011682896,-5787930.1568015525,-21019190.954969563,-25550607.006575312,-17755037.088594466,-183579.94806090105,20977438.396099217,38391576.901281796,45914207.330622949,40693836.844112776,24119344.034628384,1354159.3642367658,-20770979.009354688,-35671265.611363649,-39425212.454154789,-31801160.787993338,-15926168.185321892,2668300.6454596086,18062541.979682907,25922249.164452039,24587548.191778358,15256139.030005807,8980779.8679325469,4598479.8604120445,1562082.3146325075,-512695.50355554832,-1890752.1689730417,-2755424.43650151,-3236280.9539449546,-3427997.1186934449,-3402386.841973512,-3213850.2349578999,-2901408.7800353565,-2492009.2112694173,-2006290.0742383129,-1466675.0887248006,-906121.2737341054,-374374.07163366739,63214.668111196872,341997.76573809405,431897.27523612656,366041.40567248192,229506.17970802798,107186.61736232883,36689.727758223518,9020.4837204884243,1567.2728740670468,190.74700881878172,17.328249423428225
0,-44.511929556001085,-404.00644089672198,-2479.1659401468942,-10222.303404752485,-27469.695528605942,-42607.374259054159,-8638.4718482581193,146488.96316643959,465004.33262245706,904775.63018712052,1340640.2228958781,1624659.7999626794,1662892.4255481584,1461208.5128739115,1116892.3417789876,772113.2190618912,561405.54988308751,573098.40645390016,828779.46072750038,1277770.4170446252,4222125.7407200327,4365984.5518636825,3735768.1382728568,2403205.2499882714,571595.26358708274,-1488239.4800277574,-3523904.4793424113,-5390555.7398663443,-7125283.3165350081,-8995817.6562752984,-11524276.319935435,-15502549.775393257,-22033003.773435682,-32645753.101467699,-49557807.626319639,-49889900.407032028,-36698171.467836872,-13587885.585411763,12629365.596269216,34315288.207633458,45091679.612931579,42024089.894662313,26705694.549868222,4650043.3258511927,-16224290.903398527,-28581167.409098554,-28193075.478625953,-15261731.856581874,5247900.4806421064,25687773.123230595,38219181.832504168,37688202.55441162,23659679.990003861,432209.24743876781,-24059441.667343069,-41286889.847282007,-44808086.63821581,-32899302.919297844,-8831821.6225976124,20100719.335290778,45040658.788036272,58398943.597089864,56403334.674242757,40135845.158303335,14998555.630065065,-11215102.003552912,-30846967.820596028,-38814514.434821926,-34013626.268759444,-19195461.958168101,3215.2862754319135,17120130.513912804,27069043.08983076,27390410.621768478,18831637.582463879,11387974.127143094,6222109.7069568494,2667116.1986732031,258331.58432409016,-1324598.9872940544,-2303771.985246188,-2836054.9565102188,-3035488.9472000808,-2987748.7162119253,-2757487.1215702649,-2392190.7301555905,-1927180.6730022039,-1392689.5672877007,-822433.81441970286,-261381.10642185353,230957.2918912626,586251.29556431342,747986.3905543877,706546.26146630838,522191.69565146719,301102.43191732536,132515.6688153455,43303.463451752563,10242.306114760637,1720.5046608353534,203.14239711206142,17.920824684384655
0,-43.441326598127823,-400.53258845207739,-2515.50016815871,-10772.562401862828,-31137.974923854719,-58336.636961977245,-57178.224666822716,31976.893500253092,250589.67545359107,579167.19069680048,937328.6464764023,1225683.5923863479,1377432.150470959,1388368.581249895,1311369.2913668689,1227149.6712382615,1211916.8812786941,1313611.7618002461,1538947.6789069821,1849603.9070284483,3641161.9443898727,3674928.7785448567,3177218.6080985381,2181285.8321142863,798931.48479013599,-819571.27399233193,-2539432.693011282,-4297903.0973382089,-6152839.0760474782,-8316919.2349749608,-11178183.995551134,-15316373.414276335,-21532519.829589017,-30913650.873652752,-44949662.922207579,-42039817.026194312,-25365452.529765155,488930.56442965707,27762995.905160751,48188831.357990444,55458967.307864219,47234759.640684538,26195160.575212225,-962276.36159807676,-25450553.296790805,-39508323.163493879,-38996489.359656155,-24779296.799196139,-2719921.6078975783,18718567.559661373,31111681.482735183,29299366.129390739,13140140.163410019,-12465701.080569364,-38762070.283668049,-56721510.924689598,-59537678.916956596,-45426397.206196263,-18023117.41892783,14937880.675679814,44028536.611060239,61145852.180484451,62144909.87015143,47870311.355249226,23527216.717634644,-2945350.9330198104,-23822637.669597983,-33681734.229203805,-30990711.413835034,-18141646.661664691,-407095.36592171958,16030293.985504271,26089447.075350218,27130024.871639404,19655797.178812638,11817664.05029352,6431771.8292419016,2765250.3821247057,315631.23644349014,-1260951.69758465,-2202093.5619544745,-2675296.6801171377,-2802123.0868050517,-2673716.1493080631,-2359063.7700798544,-1909989.4390365416,-1367361.785854429,-769128.13561347243,-159082.54698649931,406618.61423461145,859426.72532120359,1128985.4807362703,1168288.6341030609,989844.4928888859,682486.60405775439,374151.30408500368,158155.83788755786,49927.724309544283,11447.45249544873,1867.9863951246905,214.53346358755897,18.396589086490657
0,-43.45493580343669,-408.23057323562762,-2631.0071683634451,-11705.622918456784,-36029.844829231552,-76368.930188427636,-106579.52415530702,-73161.539837765537,70765.418175610888,326560.89736975712,644318.86034090212,951861.02290478384,1193587.5892084402,1354382.573807636,1457658.9083606512,1546514.5565382433,1662641.8108613307,1830666.1132131352,2049347.139385449,2288781.77405687,3395287.0832033274,3379836.8949501342,2984745.4765280937,2222298.5660037305,1152349.925038992,-142584.83976136372,-1590843.0542646509,-3166756.0227018325,-4920737.7556988616,-6999919.5669168578,-9658425.5871586856,-13260053.641912378,-18277164.59733928,-25284664.54345879,-34930751.304621957,-29701803.784051325,-12205118.636709284,12672450.250022069,37379898.882752568,53997054.606364504,56894682.989438534,44517589.723362222,20198728.186755098,-8916939.2903833464,-34061971.497038752,-47776775.015229374,-46406725.43368604,-31409841.139865644,-8916477.6939587798,12535106.290883722,24630343.70594855,22533785.632353488,6349872.845644597,-18923272.69874493,-44651607.763461955,-62084221.565459736,-64776992.667383701,-51052891.419737987,-24469104.886585895,7561049.836602102,36108174.007686585,53683079.058533408,56445251.24706199,45110824.094789125,24344861.605787113,1361546.7931420722,-17041812.887500994,-25997074.954521205,-24173571.811906174,-13676317.655245593,982788.42634942615,14619762.36274923,22955828.805045687,23799417.299367644,17612226.486670442,10211331.178678578,5197529.4353902936,1840105.5082917067,-351127.1743018126,-1707818.7057859893,-2457950.2024317752,-2762105.7566352524,-2737101.1826868081,-2470950.4277639491,-2030938.2292277925,-1468984.3491893471,-828524.39571359335,-153118.81363417226,504871.40697846329,1079255.5736536854,1493456.9117405778,1676141.0253521111,1590968.0168631924,1273654.4591257412,842256.70849732729,446487.20791092888,183329.60779610919,56355.41235228187,12596.564734960437,2004.5628094733859,224.47057678624714,18.729820809281389
0,-44.165990193756123,-422.32470848010877,-2785.4278238599809,-12788.390458706897,-41217.028950345819,-94184.978939158464,-152417.55204337847,-165129.98474761375,-78047.473423772914,127814.63486624898,423668.40509095712,752983.7434433637,1063982.835032806,1331877.6030026192,1560281.5564606644,1768863.2288632623,1978683.264634517,2200971.7377504273,2430567.6518307114,2643681.0190327326,3352930.1709567229,3332425.5377107966,3031393.9009454492,2452085.1963772923,1626637.07293332,601990.76666285982,-580308.24805784761,-1904868.5677097526,-3399228.85145524,-5143002.8825544445,-7266949.2095764764,-9939872.7906536218,-13338132.943347692,-17582425.78338106,-22603152.083803162,-16667452.62493781,-1202839.6190810346,19315816.939149208,38556219.893993378,49814428.578906447,48627705.86874593,34218118.419705309,10088558.91679704,-17028556.690037087,-39301496.608091943,-50308446.654123679,-47220588.760089338,-31897007.233786646,-10157739.340632744,10146892.685255321,21601833.799763042,20094169.03467818,5911890.6743554277,-16342803.751559235,-39084938.916570358,-54670004.774394922,-57708029.108018309,-46897261.699387386,-25356357.864697363,642069.40724268509,23711599.425494045,37977647.162945755,40580835.416589253,32359866.452050433,17206410.095463313,791182.05132728559,-11841397.076607345,-17297473.517289732,-15046227.885833805,-6972282.0525441067,3410203.9001034265,12499097.906285286,17566357.494450435,17471833.830754556,12778478.176536195,6670042.164406796,2613833.1597248493,-30050.926059121019,-1681182.5214459896,-2620239.7814438869,-3039662.0749239745,-3075640.793248157,-2828363.2695313031,-2374552.9241750459,-1774128.6783833478,-1075129.0974248566,-320708.17385769426,442068.78929899383,1153915.9535147992,1739974.198783586,2116843.0103717195,2213299.1474313596,2004575.3678657729,1550078.0738784943,996926.22773007827,515969.15802773036,207261.17381883683,62377.644106891057,13649.389372204321,2124.8568112624353,232.47006995746844,18.891030312810706
0,-45.180297734231424,-438.63646101914594,-2948.1489627650012,-13865.945835989351,-46163.527170782123,-110561.16634567086,-193120.27735279832,-244103.1915657793,-201814.03737678792,-32830.217584810714,249192.77040452106,597207.21440151497,960151.56832887034,1305427.6969724954,1623215.6968153932,1918351.7735130042,2199448.4686480449,2470122.7515506912,2723617.3989118706,2940847.0369289597,3431341.7279075538,3437790.4209339763,3232022.8556647897,2812884.3577611959,2199349.5508891023,1421869.1997591823,510907.43007253658,-514231.35870635614,-1653001.2225356386,-2924506.0402974086,-4358518.515237906,-5972319.6169712292,-7724395.9412117964,-9424900.3709990382,-10559277.270713095,-5749261.9171528071,5157490.2126563694,18813190.098670688,30784234.540746983,36241578.928490847,32210654.526538204,18604579.47005114,-1475638.0684246509,-22593043.982542302,-38664369.432153083,-44964421.907289885,-39741220.437605821,-24948072.492793158,-5538312.6194011979,12058363.121324541,22133101.04541333,21627454.775142204,11000007.879663134,-5930178.4741019327,-23384608.856336255,-35646035.700885028,-38983935.571650997,-32725712.241689418,-19355925.410103567,-3411077.7528126235,10129002.48422477,17767681.232563835,18213399.423953529,12716745.919075735,4263685.9093235144,-3586328.0652204147,-8190540.7040200531,-8337263.8931893324,-4735407.0338987689,832141.99817788659,6060549.5524904691,9368517.9231485575,10041261.399702489,8454252.5504752882,5500092.6288807336,1480488.0239570264,-1093604.4385732394,-2672943.9349998026,-3545876.9615742639,-3903927.5605418212,-3879558.8267736635,-3568711.1071327585,-3044499.812591298,-2365370.5716932872,-1579110.9248114631,-726539.5821046927,151913.35356701852,1007585.2533236051,1775882.2266925212,2374735.1709492235,2715236.4949692488,2727353.7828101171,2398524.7223833497,1811724.3697288989,1142172.7991397372,580557.91806905018,229205.43776926488,67791.919581271417,14566.447262797194,2223.510920765596,238.03854143943303,18.848748968931652
0,-46.188633376129346,-454.14556612494647,-3099.004343473599,-14846.881301077474,-50596.453306815725,-125018.13413745213,-228516.68815559981,-311777.60463142587,-306493.05199969362,-167490.92474447037,102951.25699177262,464112.8966650556,864656.02122472436,1266047.4359377087,1649285.6115859896,2009659.2855393621,2348191.5074720448,2664251.6974599021,2950784.2035307721,3192481.4662092924,3575062.787289755,3630787.4907108229,3524210.6571039842,3254534.5872296114,2835921.5962721338,2293054.441775254,1655331.7271978359,951878.64802383864,209718.17436607851,-542398.68866325577,-1261720.336822693,-1866768.9397998236,-2192346.6998755522,-1907875.9543267672,-364875.12426957313,1790257.8361843866,6464935.5363749042,11968212.583158005,16089381.646540837,16324158.936992064,11303350.770783076,1347194.9926489978,-11365813.56278326,-23359228.419039704,-30931665.070582584,-31515355.662879542,-24534417.478700146,-11773382.518123034,3206433.8658112544,16096189.758565888,23528559.276680466,23802497.518638317,17604794.629729688,7700708.8254661215,-2484020.6962025543,-9786369.3786681537,-12595466.20730014,-11126552.262702912,-7237961.0475767311,-3401196.7191137052,-1665511.0475935931,-2703100.9815333216,-5795130.1613505296,-9114979.920853436,-10665899.384969831,-9254089.8541180193,-4966824.9727057945,890000.75067340781,6106604.4820499998,8908402.3519565742,8358084.424808179,5129698.4888106314,789678.3400258288,-2579369.2468182892,-3569389.7827056884,-4876502.3741698619,-5571934.5877745058,-5830616.9366794676,-5757514.4011768233,-5423182.202209725,-4880480.8589648558,-4172844.6694007497,-3338546.0961358016,-2412727.3922630716,-1427694.1005265308,-414694.69206783024,590353.81169122655,1538718.4901104446,2361950.4273529649,2972216.6252514133,3276455.8574354253,3206854.1476187427,2763403.0206256676,2051943.9374757712,1274074.2078051385,638389.88561958086,248476.94828304148,72410.640120088501,15310.860892172666,2295.4665968285894,240.70287994198313,18.57194043705233
0,-46.976909970179157,-466.88953477467396,-3225.9365277496745,-15682.703370338158,-54399.052197948957,-137460.18717785869,-259024.5895234186,-370180.70337681274,-397123.79859673319,-285065.33824580268,-27213.95802388258,340563.04681595316,766677.17745974497,1208323.9533820641,1640193.7234022152,2051308.7875653908,2437993.3313456322,2797302.1458618771,3122556.6653057099,3401544.041614918,3744199.015361425,3863343.5148615385,3858557.7587914458,3731235.0872931271,3495122.5548041747,3174592.0399735481,2802424.386739281,2418612.7850985955,2071775.5663401941,1824829.604872833,1766562.4992183801,2031030.7454156911,2828185.4312107991,4492784.2176806163,7567314.9377562329,6313931.1232079808,4222876.1047773398,1538827.6202539266,-1603230.3580463945,-5328720.0679103583,-9480634.4595615938,-13663931.736765934,-16970915.386846274,-18303527.621238634,-16699319.422386728,-11908366.362562377,-4471614.5081115421,4241760.0082923099,12476708.263454687,18513910.986228988,21649295.109463625,21923077.254270911,20274966.430619482,18216610.271574695,16660992.209957255,15899673.533073213,15122841.154852824,13020191.32683662,8232725.8172409004,366582.83685435797,-9643215.0424539037,-19605932.69916689,-26626773.748568766,-28268225.024308339,-23489935.31490114,-13343310.916963447,-661564.27495311666,10683846.520219155,17055985.438618209,16681302.728175942,10007989.541513968,-19253.536433445523,-9486285.1044303179,-14625196.683256684,-13505778.324091634,-11754834.16415865,-10365108.407402381,-9179242.4306692407,-8085383.1212592041,-7013520.9733785708,-5925504.0698281508,-4805620.9245886607,-3653402.4690507641,-2478345.9063525479,-1295781.6546955099,-126307.78281561914,999620.755250282,2034211.742781556,2906346.8789367154,3523779.0398286162,3790622.5315022147,3642224.8277924,3091200.9687822019,2265018.7099081185,1389234.0691083462,687843.32088111225,264476.92179031682,76069.378735777791,15850.199577283953,2336.257991386401,240.04323427233035,18.032785283728803
0,-47.408399171948304,-475.6873860108791,-3322.3124995584672,-16350.709282037951,-57537.138142890341,-147959.58924743731,-285221.71320270217,-421133.1754142025,-477575.52681329666,-391806.32072879764,-149359.17291651023,218207.61635602795,659543.43609895278,1128973.149188828,1596842.2145280654,2047956.9435363265,2475649.0574800912,2875736.6267699124,3242211.0661428859,3565399.5754004116,3908263.3506995733,4097942.3116970174,4194172.1981364936,4201112.4841488628,4134013.5333552081,4019193.7708105026,3894043.7870403822,3808103.2037805789,3826173.3476490821,4034324.742075142,4549069.0047147349,5529034.3348111231,7187073.9854906928,9798755.4258872252,13701139.926815776,9185571.0193925202,971275.15915273083,-8784848.310266031,-17757963.721466884,-23945536.03796446,-25941441.080442026,-23480039.942005739,-17080151.337249789,-8130751.198398076,1592176.6952828059,10178493.486366566,16169777.929827921,18767969.573219389,18241934.620384708,15690015.60703708,13038163.119343007,12219565.872712469,14518419.774930984,20160553.571460046,27696620.74125094,34588907.96604228,37592229.979984924,34174243.887818679,23296531.017942153,6315829.9309172435,-13225480.300588313,-30586923.988592576,-40879204.644980192,-41105864.377512902,-31064345.688857254,-13695609.182714529,5709013.9507606914,21036643.682814855,27569096.76406844,23597839.683440141,10899840.30555623,-5579666.5708047217,-19816625.222845949,-26482884.363819886,-23216699.338171601,-18406820.668488406,-14957612.577173267,-12360601.396522565,-10278829.268121876,-8498660.6693002749,-6890410.1073384797,-5379780.6626125872,-3928442.4069842291,-2521093.906761277,-1156733.0821036024,154345.24234040541,1387159.9895503239,2495286.6335857189,3405796.6794334464,4023229.3074953333,4250135.6688318308,4025863.179705224,3375457.9832465956,2446298.5317346696,1484879.6872697675,727592.88023465639,276716.51236562378,78634.283794916322,16158.190740116421,2342.2936926574412,235.72569480767643,17.209540392389695
0,-47.401481147829791,-479.87588682690091,-3384.7873914294028,-16842.103528131713,-60013.571742526066,-156636.81222416638,-307635.89508199104,-466040.71811058413,-550575.68968725321,-491855.97241217748,-268573.40214762505,91976.271432639187,539350.62645625067,1026157.7283633385,1519758.3091443407,2002025.9735515986,2464288.9911757065,2901689.594644676,3308959.600310124,3678501.8039604593,4043145.1974516814,4304536.0347200371,4496913.779746253,4627005.8538013641,4711998.3013952859,4780529.8425683966,4874084.4308878221,5049493.817002167,5383153.8875183659,5977310.6346760225,6967829.4003551863,8530977.7560038101,10883116.569412192,14260769.902735235,18859019.691030543,12029114.404609052,-712604.41721887654,-15648296.314196547,-28654507.680917807,-35979087.89659743,-35374807.319870517,-26803616.607955676,-12195928.684732214,4860649.5455731889,20268695.050025366,30341736.155454218,33000842.479214314,28089945.274684604,17819923.990920551,5950451.0867522545,-3250140.1726392671,-6132397.6706197811,-1025667.1777660294,11207912.884088714,27169384.706891481,41858709.138268434,49950722.167876333,47742087.868543714,34311019.113560855,12201529.715585561,-13112402.318613783,-34976085.415739119,-47055073.414669767,-45917040.782373399,-32002079.677482016,-9707583.4887280799,13876599.468543829,31171473.872272361,36745799.696855597,29044683.116837684,10997941.618380461,-10949176.062332109,-29052579.312730264,-36802642.947575562,-31550077.879167918,-24064553.321107917,-18831879.488606829,-15022351.110646836,-12095600.036576651,-9710535.0285910293,-7657860.9622006249,-5813284.3006548937,-4106659.7705127094,-2502060.6435461808,-984953.9127579421,442913.05878968997,1761132.9197651625,2924505.0327761038,3858820.294800411,4466436.2083593681,4649512.5032708738,4352123.4912026366,3611320.8442488653,2592280.1687358674,1558927.4678756301,756649.27711173706,284834.75398489821,80008.049832510384,16216.152381659236,2311.1004275005871,227.53142514779955,16.089165503732367
0,-46.911259376932982,-479.1129057558187,-3411.8554313295404,-17154.633216887498,-61842.562317875585,-163600.05028888801,-326656.30491738929,-505847.15790478006,-617842.05662036315,-587687.92567941779,-387744.25651902193,-40843.912495058081,404190.9141165138,899199.91256117797,1409518.1490370797,1914891.5752973778,2405192.0850019492,2875134.276406656,3320133.4425370195,3734338.8768205568,4129780.781216458,4459318.8420429053,4739002.1152812205,4977621.6040946832,5193890.6771129388,5418057.565589021,5694202.2999097351,6083766.7265881114,6670845.973606037,7569654.0547141386,8933691.3320544343,10964212.468870353,13911107.773980146,18050296.956322201,23606056.066799723,15847562.838396711,682495.68222438591,-17179643.950129371,-32350529.293108415,-39912416.316762656,-37171696.247437537,-24309920.647899307,-4392434.3994039986,17390428.73107741,35372472.020353578,44631612.046533659,42791871.594172411,30359698.712981969,11063631.337558243,-9294529.164798094,-24644634.512812082,-30021643.909950554,-23473101.746105306,-6591879.2670391928,15881343.998802586,37196402.166324481,50627558.270253457,51548536.407212235,38981224.104040734,16042286.50405317,-10738649.758885041,-33643766.438987546,-45659749.641631082,-43196194.343033291,-27077345.911978636,-2552124.2948423242,22373992.086185254,39525500.243248999,43228072.515805684,32182944.337729625,10160736.421918673,-15493236.068843134,-35998654.045358762,-44273170.756932832,-37459095.825391926,-28041824.430709243,-21535448.583667614,-16863316.802706033,-13332589.674099058,-10510225.686162539,-8131711.2041179324,-6039169.8468109099,-4141518.367425831,-2389356.2855544998,-759277.84687783557,752584.46936252911,2128747.8367915377,3324624.0699377535,4264976.5584469093,4850862.5076958211,4985131.6395974346,4617206.478237275,3795522.8994279974,2700629.272899244,1610014.0061152724,774382.13271368085,288610.0401865794,80134.010670033764,16014.026837895708,2241.5063958248174,215.37936919468581,14.66943934174359
0,-45.916822713333929,-473.25006238995809,-3402.9778193368279,-17288.51058552396,-63036.87528317426,-168919.78577476036,-342509.70378509408,-541063.32877333451,-680243.42525665846,-680459.669141497,-508083.54587797535,-181186.3709923407,253716.41009973359,748482.27686979144,1267118.3769044008,1787749.3063759699,2299066.9685649057,2795396.2550277831,3272665.8772579334,3726576.7497334671,4153766.2521945294,4544523.4765894627,4899194.4463772131,5228595.951146937,5552098.7483599046,5900184.0293800114,6317383.8321081977,6866541.2133405702,7635197.6733995285,8745073.0051249955,10365427.921607301,12730364.189634563,16157255.644461107,21055258.69771928,27892175.593375877,20485878.998260312,5008029.4947861033,-13489969.751921855,-29078536.85429319,-36376619.50319767,-32614297.136434194,-18137855.555242974,3430811.8240144146,26126591.941822156,43605655.112377129,50421267.589346193,44219158.778854422,26048503.741010595,440955.84149135515,-25709032.151432719,-45370715.036428109,-52930968.2493646,-46309609.597643845,-27374321.637245722,-1480791.8058629783,23886845.890832365,41468674.304786451,46146954.570476748,36848334.595116973,16706653.460942445,-7656693.8512851624,-28419849.517291002,-38701747.842496887,-35095302.342937365,-18603164.715507559,5381798.3135572206,28889955.923715133,44022343.806002095,45465113.80823914,32208090.561206773,8372352.7435403969,-18524044.526238181,-39591400.869246393,-47789026.57581754,-40155121.261882141,-29834981.396164712,-22747964.036176939,-17677957.18907693,-13855016.651858076,-10806988.941561667,-8249474.1116671879,-6013834.371312649,-4002561.014494712,-2161989.3177640163,-465697.40295294952,1092138.8309009464,2494858.6256178273,3697591.3218878238,4624153.4953052541,5175081.0177619848,5254922.8680475308,4818980.1316589154,3926297.4005464017,2770150.7275933032,1637493.864892083,780525.49461805448,287964.56875427393,78998.083249630901,15550.935309945826,2133.7483188854103,199.34039208989009,12.960351048864691
0,-44.413505221340642,-462.26041226997683,-3358.1282210291965,-17244.527621924259,-63603.011978501396,-172623.39579069527,-355270.59866138233,-571829.35409029468,-737959.65028748813,-770294.37306858995,-629502.82555510849,-328586.782781747,88874.392786587807,575421.07246503385,1094263.9028139086,1622238.1237782412,2146970.6774603659,2662284.2732326426,3164176.6987534156,3648646.836921182,4111558.2690692702,4549009.1672482975,4962968.6710578119,5363194.9353072606,5768012.3266883753,6206308.9168492425,6720471.6665737648,7370872.9784287075,8242867.5807253858,9457978.8462653011,11191892.606909309,13703695.541032135,17383143.689983778,22823353.059308574,30910293.142971046,24746187.708536822,10714597.927497584,-6419645.1948038861,-20951124.372296274,-27764080.780262586,-24361345.131895598,-11087500.555085059,8512768.0580462571,28628071.894728415,43199898.860474274,47068259.633780845,38105157.675124392,17593216.006978042,-9911159.0366192423,-37567887.3700509,-58447140.31998045,-67101476.270623483,-61519938.658548981,-43449964.69176694,-18011465.617177926,7686910.4956642659,26786333.516691212,34333984.895677365,29241074.907981042,14195604.82778582,-4987528.2585405624,-21312976.225176688,-28788608.009510696,-24533803.061412346,-9570538.7463291548,11291871.47774709,31052133.777827509,42868119.501791321,42266926.571741484,28599104.562993865,5748448.0898058619,-19469259.406441063,-39041269.506785259,-46616049.098510697,-39257517.684616335,-29206947.974629715,-22338374.875014212,-17393807.121320311,-13619511.091063332,-10572136.400561063,-7990738.0160373738,-5722305.570242268,-3678860.2695246036,-1812234.4835300464,-99059.369178615088,1464688.3356650074,2861007.6056250567,4043805.5769067896,4935996.4334206013,5438339.7255332218,5458049.169219438,4956762.4852253608,4003243.2369604721,2800716.5300997375,1641407.5759175941,775166.8992537572,282961.79186985217,76628.492505603223,14835.220779683352,1989.4944023058626,179.64167494178218,10.984638690664697
0,-42.408848753141648,-446.20469849010425,-3277.6151327208104,-17023.544641180491,-63541.097506069076,-174700.80493395554,-364888.32881564461,-597989.94728902343,-790631.84546304587,-856512.65427178866,-750898.44035930757,-481458.96387837059,-88278.33436952981,382442.84483921551,893555.2858573402,1420849.3696854354,1950949.4971469904,2477081.4459880101,2995112.9573753211,3501234.9489011746,3991708.5146724326,4464413.2855217,4921770.3835478881,5372432.0336595029,5832604.5986687513,6327873.969822675,6895841.0396647416,7590185.175122018,8487151.437086992,9696392.8102261163,11379867.763947083,13786822.078178767,17323234.589545503,22699026.196019638,31244645.257247303,26603893.186273672,15337907.850446327,1289356.4277402393,-10910987.984867018,-17105402.453644089,-15243019.721524084,-5545179.5401398055,9112541.9971577898,24048576.703879174,34339649.666367382,35812731.259359263,26748203.898251176,8268280.6544511206,-15843139.931877641,-39945470.777567863,-58291656.399534225,-66417155.813868202,-62606679.18087852,-48187977.066660307,-27246445.150565393,-5475682.1249195701,11604154.474544421,19949117.437848635,18569983.737027116,9412546.3269821368,-3194654.4285874991,-13936600.840613855,-18310417.271781348,-14211367.367031839,-2522648.5139455828,13104919.974305741,27393032.168631665,35217959.772474609,33316381.137839399,21410087.997532547,2572549.3826742237,-17885260.059478506,-33792850.925596707,-40297789.827415802,-34809823.657893181,-26215119.700567499,-20405415.535012349,-16097018.315935096,-12686438.903510811,-9844324.002343107,-7379379.8031023154,-5179256.1696221307,-3179610.0454947744,-1346089.9284505425,336513.15863259608,1867264.7458092158,3225018.1935527809,4361722.181073918,5199536.961840841,5640227.1716197943,5594621.9867531182,5031096.4814542038,4027163.0003879699,2793162.5556934723,1622425.2642570843,758722.06888043461,273797.49690101086,73093.410445293339,13883.99686091355,1811.7840656671422,156.66123438252544,8.7774431423246195
0,-39.921014151246851,-425.22221322384001,-3162.0741628147612,-16626.785812657377,-62847.390912652285,-175115.86130187215,-371221.86989249499,-619173.14830791892,-837501.43392273923,-937831.28639946796,-870385.14289971441,-637318.12705806224,-274736.61809663661,172931.11414727443,668562.6800480691,1187118.8768155938,1714276.7188420314,2242601.594096492,2767694.3831413668,3285791.3953421107,3793370.535930993,4288635.2229325417,4773518.9848939208,5254992.9040108519,5746264.4553299863,6268255.7851384971,6851607.4502654625,7539660.5510318251,8393051.9607739709,9497165.320361495,10974772.754212823,13009469.742836043,15896092.800563013,20176331.646432739,27102537.566471651,24076379.419495989,16560145.337229433,6993259.4120679135,-1746949.2215106189,-7025384.4248771854,-7344167.4564678157,-2730198.5092788567,5149214.5320382556,13453669.34128727,19036915.186137568,19286149.583173797,13016561.758875489,846493.62311733211,-14892925.227672573,-30721393.338369664,-42998687.122732684,-48893985.832805961,-47209483.267876796,-38665417.850283891,-25697868.22223511,-11746819.842991531,-232008.11602037822,6376089.5802178998,7322460.8370299647,3649950.6420412478,-2188272.9138427321,-7171525.2662946042,-8755205.0204490758,-5755806.3933481602,1268282.5370901558,10174078.369674882,17920179.261398192,21600454.59887797,19437260.567623131,11422748.896504974,-578731.01100926113,-13433659.349927407,-23698666.430896465,-28745040.082805619,-25458256.132696986,-21172884.358259663,-17327534.730360534,-14044832.154339166,-11215827.432282379,-8722602.3188993763,-6477842.8273989381,-4425057.9059723793,-2531600.1827547974,-781741.09783337789,828500.66966968484,2291266.497861648,3581157.7947242819,4647830.4273645785,5413054.743358301,5780471.9885777757,5665480.3227193132,5043542.0071762446,3999891.4421052528,2749165.7699354445,1581772.3551615409,731898.25674896291,260785.6334860115,68496.820417066818,12722.265297395641,1604.8933575288884,130.91344866105644,6.3851412082878252
0,-36.9786408108342,-399.53578341303762,-3012.5544126601385,-16056.562022637358,-61518.100143288008,-173820.27789663163,-374077.28345577675,-634867.8810266885,-877538.9907916357,-1012540.1008084361,-985500.8686609579,-792981.65872760734,-466708.19567045727,-48870.514291836385,423805.665671303,925668.38457250549,1441523.1230428331,1963240.0418973647,2486044.7321515651,3006043.2898002611,3519626.5470122569,4024656.4658705867,4521996.5394901307,5016465.5650927499,5517721.7715220461,6041252.3384144474,6609565.4385494059,7253736.2589751445,8015371.6988049457,8948887.2644649409,10123078.792326666,11617872.725399526,13500343.353819365,15716940.668206504,17632988.400289662,15986009.321746491,11727700.556874741,6284283.9388680458,1304255.8838626507,-1755277.2382419908,-2078007.3080811368,264941.58259736636,4291487.9471353712,8377129.2912805695,10732481.780853193,9919211.9937898573,5320133.9498298708,-2637655.8773768651,-12546975.284273634,-22363437.80700551,-29956769.261718292,-33681665.941412285,-32831682.102340307,-27815742.69390687,-20031685.890563708,-11458292.142102201,-4082055.868481528,652987.94640880625,2246884.2745273043,1219382.1018628522,-1115278.6131453856,-3121690.171253792,-3419757.4349225215,-1369045.1483251988,2709306.3341620569,7625898.1262386013,11710214.869936936,13376799.629505318,11675268.651804576,6643123.7767578093,-656165.37238715414,-8452115.7822094504,-14809142.137152407,-18224005.174793206,-18007147.802855838,-16213285.632989598,-13951083.257106701,-11646612.324601719,-9434179.03332345,-7343400.0668901587,-5373009.2496754592,-3517248.6527163158,-1774022.793078074,-146370.44211431645,1357941.615750832,2723628.987993394,3920794.5044169775,4896968.0833414039,5574163.9400261156,5858882.7943083867,5672047.5659183031,4996500.3827872146,3924128.1498956024,2671112.4642183194,1521144.1802181732,695649.81604109157,244340.34261091895,62973.049930558082,11381.700504792552,1374.1416868231277,103.02734949659211,3.8635075662796878
0,-33.621436846140817,-369.46355251767801,-2830.6474649831539,-15317.171138909145,-59553.662773346819,-170768.1982271373,-373244.83295875706,-644497.87795615883,-909563.76735489513,-1078664.10648374,-1093395.7832374896,-944761.39812794712,-659786.72343173099,-277993.85547891655,164657.61913334424,642145.1358980434,1138512.3082531206,1644941.0281529441,2156211.2106066607,2668167.3590795626,3176902.2069587694,3679625.3426912692,4175850.2861739127,4668051.1795866415,5162208.7358938279,5668317.0931318216,6200811.2942360919,6778839.8437606608,7426042.4478717213,8168994.3627209989,9032058.7442646846,10023077.04748269,11096494.685052745,12065587.783624345,12427372.497612378,11230193.185004266,8675988.6780350208,5484472.0298545426,2559719.1305427514,698716.14406617335,335296.42818334058,1395490.3538859356,3296164.6071574073,5102390.801363281,5799351.4731537085,4595100.6292602345,1179429.9756426585,-4150901.1893443987,-10535846.331963725,-16757193.028417174,-21554852.983709,-23958947.836765554,-23547602.261479571,-20550843.041421335,-15775734.027423484,-10371802.032062022,-5504581.5349754803,-2036885.64665911,-305371.2257941697,-69802.807765114339,-639209.13486181432,-1136776.1534860393,-819742.9306292003,652517.22767817567,3092668.9873581864,5838773.8644611835,7971420.9352535186,8626834.1227928083,7300969.2834601738,4042600.4520964432,-531774.32388288551,-5414963.7832660228,-9517365.9638002701,-12014750.014910599,-12646855.186334137,-12042997.438852843,-10785776.087954676,-9226537.4684312083,-7548320.138037432,-5842535.0263176411,-4156789.9687563293,-2519596.2245614231,-951915.72797003295,527919.71591874585,1902013.7621179414,3148453.4210386546,4233395.6908476781,5102888.6878596768,5680081.1357956734,5875411.1320193149,5616262.7609036686,4893076.4528858485,3803282.9689363968,2561966.1481093466,1442616.0048569173,651129.73744018911,224955.81200526634,56680.495389102885,9899.2240716087581,1125.6605461381234,73.720140147202173,1.2754263467507314
0,-29.901033247944547,-335.4327756072048,-2618.6252932504535,-14415.812124443615,-56962.944732836593,-165930.12194640699,-368533.78768004227,-647490.0939719032,-932353.79435632634,-1134113.5759584135,-1191010.8431176322,-1088654.2553747483,-849137.34149631555,-508918.07534289057,-102808.17424500929,343076.470812966,812175.32121462072,1295036.5262105793,1785978.2374262712,2280518.5131778265,2774358.9500361597,3263955.993762909,3747435.5572106419,4225010.7240700293,4699252.4682790628,5175217.2690683948,5660336.3962062802,6163880.8250323897,6695583.7602266977,7262570.1256389637,7862886.4342144355,8472538.0557913221,9021480.8048479259,9356439.5469164234,9210293.195341371,8280828.8025106974,6651664.6053683022,4693178.0710647441,2892664.1113815857,1679622.4788088989,1277883.7629902919,1622920.4850935105,2365596.237981068,2965342.0605013361,2847342.2748309392,1577979.0632866912,-989866.74499524839,-4647976.0818065088,-8862354.7795278486,-12896017.808697715,-15993470.281295383,-17574375.915191185,-17382428.384204868,-15546072.273691718,-12534934.845398333,-9024411.2664024569,-5707863.4677552739,-3112177.238869397,-1469664.0985364299,-685705.14427183254,-408081.87027365511,-174731.74368958251,408127.31201917247,1516740.7977568388,3039073.3630573852,4604948.5937383771,5707628.9314627247,5877811.470166103,4851939.850214893,2677842.5210999954,-279749.06739997742,-3439255.6993733239,-6176337.3922789721,-8018232.4176236587,-8797777.4572202358,-8706147.1669973936,-8020525.6665080981,-6968201.9555179942,-5704644.3228048012,-4330305.6610141005,-2911009.5751458402,-1492658.6406036215,-110089.12402752526,1208104.8474347894,2436693.4320549141,3548771.7022040305,4507671.5514691155,5258961.8691571532,5728003.5685140546,5830297.2631296962,5500568.3527926793,4736974.0286469022,3641338.0274936724,2425141.6661905972,1348554.2090316424,599640.70544220647,203185.59043594837,49795.094863472841,8315.5068664578575,866.14847572042379,43.76894031248397,-1.3115697245825972
0,-25.881842306357751,-297.99279980315214,-2379.5660221935891,-13363.405245154123,-53766.976830392894,-159305.25537104631,-359803.31051497557,-643335.75284554658,-944745.20422679733,-1176822.174781299,-1275247.2785579311,-1220530.6074994565,-1029693.4241739409,-735765.90295939753,-372016.33777706348,35666.813989580784,470326.96030341234,921987.69495078654,1384543.1442941697,1853188.9003981757,2323237.564383206,2790434.2146435808,3251650.1553510148,3705130.3800438363,4150575.1264793165,4589038.010698786,5022538.1290404536,5453208.7345523788,5881663.8070060639,6304054.2712165276,6707017.2563487515,7059653.0104436027,7302581.226563449,7338505.5160293896,7040428.1315954113,6311929.3099508798,5212301.9538294263,3942210.4462356977,2764585.1161900791,1908270.9901999459,1484737.156524207,1442109.1759795069,1569859.0224321792,1554497.5442841821,1071252.2969061378,-114436.82092589868,-2064705.4220422979,-4631874.4670534115,-7478520.8483088417,-10151517.50595855,-12190978.341272946,-13244074.671429671,-13152095.379090913,-11986202.95604228,-10022262.831933796,-7662325.5837452812,-5325727.100140824,-3341718.0983926565,-1874578.7418572686,-902823.84539984434,-256611.58069855528,300179.64050144824,970639.17685581208,1841488.2834326623,2843407.7111173929,3768010.0888175908,4335923.5173476627,4293761.2606069166,3507437.3102820045,2020033.1648896819,53479.196187931389,-2048222.9017087442,-3916500.4879306243,-5264583.4844238423,-5965108.1655197991,-6061627.8308097841,-5678856.679705712,-4950735.4962703502,-3990278.3222330399,-2884762.0947387768,-1700314.582068861,-488018.62824420375,711219.83408233139,1863414.439060275,2939039.9300107472,3908157.5301362742,4732677.4908223506,5358885.1664490197,5715519.8282471141,5724252.7310018511,5327929.7626762968,4532415.856672585,3442726.5682077175,2264389.6890843362,1241533.0809171314,542588.73523892823,179622.89003410755,42504.10757111197,6673.5451058688177,602.63922791248865,13.984212813820225,-3.8276045921093007
0,-21.64182299245283,-257.82581485555187,-2117.4546591458379,-12175.241895829653,-50001.92487555695,-150931.4533865299,-346987.78671692847,-631641.57144928491,-945718.00724034326,-1204870.3515491728,-1343124.2379377768,-1336319.0047368244,-1196359.1696990442,-952520.72080478945,-636118.37541595649,-272451.6509548446,121387.82013820542,535058.03373271634,962118.1697209283,1397498.7571817511,1836195.2121813644,2273369.908479929,2704877.372656961,3127401.4340206939,3538436.9227595939,3936088.136215494,4318619.4187124204,4683622.2521107448,5026641.7368423892,5339028.5615351154,5604859.9585102377,5797095.7009536941,5874201.94577346,5780978.7331567956,5460970.1237318953,4888361.0184507621,4109123.1671027732,3237135.4074054183,2415724.7893704125,1766018.2916107466,1341222.3968228202,1101935.7047637128,920690.51944319706,615612.38473359589,4287.0789356758814,-1037412.8267873024,-2528649.8324868008,-4363581.292127002,-6325054.2400404532,-8129713.8621525038,-9493067.8216235228,-10197029.772781307,-10141433.093113495,-9365373.0678079706,-8032746.3372558095,-6386514.844665057,-4685086.2380442955,-3139267.2452289066,-1867767.0898203645,-883504.901974587,-113285.75705870638,556913.3892933008,1226648.2637256416,1934477.8132921001,2635760.4673131872,3212232.8706997274,3510159.4559830506,3394474.2203083956,2800579.5498713753,1766069.2936594831,430888.51241537626,-994973.06669468561,-2286078.7781790541,-3260057.8915938567,-3818924.9894299866,-3955739.1778238812,-3722534.6746325674,-3194870.1945217717,-2449650.4199087094,-1555656.002588274,-571398.92770687421,453918.77503607073,1478698.8748539377,2467397.5722792963,3388860.0523551456,4211998.883491491,4898736.6318205912,5397307.6873578196,5640984.1912083253,5558634.4691997897,5101861.6166577851,4284076.3946662312,3212225.8414684888,2083693.1995147318,1124260.0832610021,481441.77968996909,154883.23751184915,35000.747105702423,5017.4640811443605,342.31296306608516,-14.811146715235601,-6.2022203791415604
0,-17.273172025875976,-215.75477629407067,-1837.2492092465347,-10871.392224031395,-45720.966045477486,-140891.75967767689,-330114.47604053031,-612167.82059943827,-934464.00329625665,-1216589.3600936797,-1391919.976863683,-1432180.3866646499,-1344212.1318287519,-1153251.2406374018,-888240.85850144748,-573491.55876439391,-225924.00770949305,143958.59687394771,529508.03299356031,925486.17199411604,1326682.3498508881,1727850.1955788906,2124107.0750126825,2511014.3876635591,2884524.9770785565,3240777.1277949954,3575708.9890512028,3884412.300070439,4160185.6059107562,4393241.1662817774,4569180.2596675344,4667674.0512004681,4662390.6380742704,4524221.0387893897,4230294.518477357,3779322.9469778142,3205770.3090777057,2576546.3194038938,1970924.2042137717,1452910.472087133,1046606.2811690742,723484.60688999994,406403.14821832714,-9783.9859883691679,-626352.33272829861,-1506495.781958956,-2648801.136450381,-3976707.2415836439,-5347909.6038222034,-6582158.6314515695,-7500555.5290045748,-7966064.3748617051,-7914357.3859542096,-7366761.5007189428,-6422004.4616733976,-5229452.1924282899,-3951659.2525180522,-2726983.3992291936,-1642721.3180741183,-725851.83685541642,47036.972623749069,725037.50379713625,1352287.2834576638,1942072.0119753547,2464456.5499648564,2851723.9039095519,3019766.4065039875,2898337.163888691,2459798.7356485608,1736475.770620256,820224.31259865244,-156112.55970090217,-1049568.0548616422,-1739890.9520557444,-2153004.3391649197,-2266923.2443927051,-2100133.0612902045,-1694434.4707446839,-1100960.9113485662,-371711.20895622589,444549.96735968214,1303744.2851421172,2166711.5160449147,2998952.0173565261,3769719.0376413357,4448362.2638100795,4998113.9326114105,5370307.062099183,5503809.458253881,5335579.4976582527,4826439.8527586525,3997015.6269146414,2954858.2657281989,1887174.3876755368,999510.40136772185,417694.80244749133,129590.59821623618,27480.195571192638,3391.7137135057524,92.384883251933303,-41.792178898960486,-8.3651016371114846
0,-12.883016712586459,-172.74782098194541,-1544.8980600817301,-9476.7609867479514,-40994.570304500972,-129316.0277537316,-309310.22104452312,-584847.91436893889,-910430.15657327464,-1210638.8391075698,-1419289.8459835863,-1504667.4443161369,-1468699.2663528393,-1332341.1210377682,-1121743.2968777509,-859799.08126687852,-562914.06608360168,-241516.09161121323,97694.119113377397,449425.56678475061,808389.34885116003,1169113.251740576,1526254.5276743069,1874659.0272625419,2209320.2785250363,2525217.4304199051,2817049.9242817606,3078814.2529761652,3303262.6795864902,3481263.8645681473,3601251.2896002312,3649125.1240797821,3609233.1525351559,3467314.0782155115,3215933.4661818482,2861522.0592897451,2429053.432265426,1958903.596240656,1495709.4666590204,1073451.7847754627,702358.58175464708,362667.5954447363,7980.4654600258737,-421955.99166770902,-982243.16600919666,-1702865.4338707181,-2573621.3218092578,-3538747.3626101459,-4503410.7122077895,-5351052.0154212527,-5967385.3478697855,-6264971.6287089325,-6201911.3584786179,-5789833.5055802464,-5089223.6284057414,-4193689.1005181898,-3207742.4023163812,-2224392.5686497269,-1308664.85020459,-491188.97567545704,227145.23854194363,861951.38204935088,1428532.4551132743,1927576.6990537299,2338327.7315749363,2621707.4788729991,2732309.3640659177,2635287.6730842507,2322265.1399273463,1820745.974789677,1193453.4419706413,527492.65062517894,-83413.540726564635,-557858.53917630343,-840784.53865691961,-908531.1290048199,-764985.76757757377,-433351.16874012898,52168.241190516652,652651.35578607814,1328500.3336397603,2041706.8034849998,2757040.4191858508,3442587.6013332643,4069400.7050151918,4608477.663233445,5025435.0722197061,5275700.8192071859,5304657.3197285533,5058079.723710157,4506282.9501144914,3676599.9380648667,2675790.8452286418,1679006.0820135437,870068.55312929454,352841.33347217017,104367.63663799946,20137.468058253646,1840.83645136988,-139.88522097784715,-66.12487027500147,-10.245036495543692
0,-8.5941373877845262,-129.91650861585973,-1247.2733077165865,-8020.5570477873416,-35908.215635003733,-116374.8843075473,-284791.64130740933,-549780.98543251073,-873327.03148903127,-1186047.7699452504,-1423352.6672409456,-1550860.599109411,-1565820.807961968,-1484713.1684475704,-1330478.5959829837,-1124144.3754247553,-881233.51083509438,-611841.84851959767,-322557.64507381199,-18604.716202906311,294772.91452118388,612046.47252424771,927655.98159254016,1236073.5876377756,1531795.4610957042,1809244.5526535143,2062627.4039854377,2285711.0325063863,2471583.2664115904,2612438.0411037444,2699530.8863014649,2723548.6029162938,2675679.8271176331,2549699.0941724083,2344945.4659660156,2069386.4582088287,1740801.0632029292,1384161.6639720774,1025178.4620426949,682161.32867282769,359128.07038493577,42967.741434997079,-293889.70255175047,-685443.87107588525,-1160709.2157635498,-1732010.4374490655,-2386444.2710051658,-3083264.6280298964,-3758391.4572344422,-4335359.9120405223,-4740145.8291457491,-4916238.2379709529,-4836102.7116022548,-4506191.5951797105,-3964324.5553898327,-3270392.5849491763,-2493067.3937541111,-1696220.3639948734,-928645.07196434762,-219535.20338012284,419641.22459194454,988255.19653320231,1487436.278633852,1912273.4524283814,2248103.8352741897,2472329.2960384656,2561129.7745513166,2498855.3104141797,2286757.6431270265,1947992.8644462032,1526872.4625797428,1082349.8549420133,677542.94561576727,368495.97304081195,195466.41923727398,178934.94008058033,320465.2899155292,606605.36069650587,1013724.5561952499,1512350.8436339912,2070516.2088521624,2656056.607834232,3238143.0684217117,3788214.6180749643,4279974.7140056882,4686919.8866073759,4977883.9373807441,5113202.7140598129,5045524.2360614352,4729989.1089773402,4146488.9823330594,3328394.1625765469,2380216.2883085408,1463314.1555281086,738668.82532238425,288348.21214196127,79829.600144881959,13167.39540492627,410.01026430331962,-346.99863547531811,-86.930017942525424,-11.765615609911952
0,-4.546637120703112,-88.512519759520373,-952.03018516420752,-6535.1580734000117,-30557.322910993236,-102265.18037073872,-256836.42534809693,-507192.10700412776,-823092.60050083674,-1142203.7482345931,-1402724.2840554032,-1568454.0783475072,-1632265.9618741449,-1606009.7001224535,-1509009.5917199284,-1359971.6112367604,-1173158.6398870088,-958076.26315178711,-721039.91393245663,-467099.03184826177,-201347.4075443614,70769.285154913174,343669.78897585085,611714.77975980449,869241.46382426424,1110528.1384194142,1329755.7142273288,1520932.1976928138,1677853.5669052345,1794122.6927085517,1863330.0152981686,1879515.0050353343,1838022.4150517499,1736803.8263993803,1577935.531563788,1368811.0654191193,1122073.4381216697,853602.17393404769,578671.08411097992,307451.2501217926,41429.932729680586,-227728.62312822117,-516126.55324160476,-842538.09833945299,-1221493.2342774966,-1656388.3364144405,-2134659.0030062972,-2626613.689412775,-3088571.8904656461,-3469857.8456680193,-3722054.0452396506,-3808344.8193753487,-3710620.0247777607,-3432658.2192879454,-2998671.4917843943,-2447781.7241257741,-1826002.8051494281,-1177915.1433203905,-540159.7323079796,61790.768474336262,613155.10447633592,1106429.312855927,1536603.2129217675,1896998.2003744051,2177298.9903491461,2364624.6696369699,2447263.1061342456,2419842.5565535631,2288037.9396394854,2071115.1605908966,1801161.0710574614,1519024.7471264142,1267959.1685221412,1086766.640586534,1004251.6095612033,1036240.0732679474,1185366.4608520381,1442892.8937576208,1791522.266325162,2208317.7266174699,2667284.3057461418,3141398.1719195535,3604143.791309061,4030577.903756496,4397504.8740011584,4681470.936679773,4855135.9089022223,4884374.9915219452,4729682.1976631759,4355937.03009261,3752519.5818061386,2958026.5295773898,2073222.1247347735,1244077.4065897397,607939.58246673411,225636.90372489899,56583.830305283853,6767.7182464710286,-853.25945358424315,-520.73970512866515,-103.2001645763217,-12.834124661597158
0,-0.90685631090338092,-50.005059693346908,-668.06900473074415,-5058.0148746666191,-25052.663558816832,-87220.346102524039,-225795.24917151796,-457433.94504942599,-759864.56097161141,-1078775.7557871167,-1356376.6887992995,-1555548.4017663863,-1665150.1950294031,-1692294.7416415664,-1652305.6915904412,-1561118.4534421107,-1431364.0408612431,-1271708.9839276932,-1088052.6440598844,-885182.88037888345,-667963.03518737061,-441647.14559892367,-211690.08797085509,16348.339881914275,236876.26456172604,444289.77587387076,633008.08196058334,797500.22101486556,932359.42750580609,1032437.8518143208,1093092.6557617772,1110597.9637887303,1082736.6493325974,1009549.8447459488,894031.5341104432,742469.38988624467,563974.84481240949,369007.14710042038,167026.17452920415,-36019.69878136753,-239539.28220481807,-448627.43768620264,-672532.08856147749,-921383.11895288818,-1201968.7310094119,-1513650.4226685017,-1845643.9970157852,-2176574.4804522609,-2476662.8469652976,-2712230.1541464487,-2851524.7328628572,-2870562.3728647018,-2757562.3546112054,-2514984.7297555194,-2158724.1160553526,-1714807.1845478697,-1214512.8557851091,-689217.42164498067,-166221.25887998322,333562.35179821169,795774.78140710667,1211049.3345209984,1572587.9138291874,1874006.8658453943,2108330.9706746424,2268623.5544004589,2350031.6511325105,2352569.394430988,2283561.3735007406,2158814.8633531281,2001868.3414720546,1841357.0593952828,1707042.6150298237,1625535.5020505406,1616717.2047580227,1691608.28490809,1851872.6094030417,2090663.8155135682,2394301.2029756438,2744242.0867615268,3119025.5948977605,3495953.1665655319,3852478.7951937206,4167247.2058643904,4420341.7575775618,4591681.6265270831,4658175.1575150676,4591702.1338119535,4361015.186027756,3940926.7759676217,3330036.2821092438,2571209.5904540815,1759920.9518710098,1025289.5229987431,480538.15299175767,166166.48550495616,35267.636202932845,1151.6882239278111,-1896.1417545559855,-651.67282338694406,-113.74033905458479,-13.334846431327859
0,2.1270827970886486,-16.176337976133649,-406.43853025236723,-3636.9766696559163,-19541.041007330765,-71565.31428528385,-192193.98813986505,-401118.85111271369,-684082.23264142929,-995699.13714800717,-1283427.5991389751,-1510202.8593257545,-1661327.8488482113,-1739155.9552001653,-1754679.9166217726,-1720645.4925782029,-1647697.6575218306,-1543432.163384612,-1413205.8247515364,-1261476.8646997653,-1092816.603328645,-912203.25576814124,-724850.90495702752,-536101.47382116923,-351320.07292156667,-175833.66602906765,-14844.266426242071,126656.44764442016,244023.16359609351,333131.15732362162,390622.3481928028,414221.24205741298,403114.86271975673,358339.64720599586,283040.72100752703,182430.02092790755,63245.657652543057,-67323.899223200729,-203106.42654671759,-340383.244950981,-478828.39027249656,-621494.93811241409,-773691.42606172268,-940864.61999384721,-1125987.6488000553,-1327116.8372417344,-1535852.7112208086,-1737228.8991698723,-1911221.8288984182,-2035661.5909700191,-2089917.537646919,-2058564.5241500444,-1934160.5406144497,-1718548.6794405084,-1422407.1299146924,-1063258.7977560572,-662479.54285806173,-242079.1956919205,177995.7958074527,581508.52076742367,956335.88615379564,1293854.0249390942,1587776.7259606251,1833086.115871845,2025537.3429991647,2162015.3180241315,2241610.9784124559,2267047.792530247,2245852.2358765504,2190767.9803431286,2119049.9456475354,2050687.905143586,2005864.655492228,2002248.695700702,2052685.2614657015,2163740.0099382792,2335237.3401370952,2560688.3822072716,2828347.7108129445,3122586.4090988114,3425354.2270270991,3717533.6515581761,3980126.582169483,4195188.3259640038,4346090.4760173215,4416288.2056015898,4387210.5856937198,4237051.9389921091,3943053.8933713217,3489931.915486875,2884982.3741058931,2174156.7421359508,1446003.6980716349,811459.78173300601,359484.9545838164,111594.21404674489,16599.267603098997,-3443.6907456238782,-2660.9983418076185,-729.71922057782956,-117.30180990088621,-13.147488876057078
0,4.3450421423968422,10.967735942015064,-180.40931406526431,-2333.6208955191596,-14225.595310732633,-55785.830692040559,-156890.9756316017,-339372.96450577455,-596784.13306814071,-893408.60860302672,-1183189.6511619191,-1430209.9886487313,-1616840.553057194,-1740809.2650872162,-1808564.3137074276,-1829313.7799381476,-1811402.8789648574,-1761146.122811493,-1683245.3965360189,-1581769.0774697678,-1460942.2908679312,-1325390.1883027765,-1179987.4804090699,-1029743.5741052571,-879681.57013186149,-734744.61251495127,-599680.44536229945,-478921.19980422244,-376425.29918920173,-295495.66322860849,-238566.0813484643,-206971.17086268542,-200724.00254334521,-218345.3308621053,-256835.02320970979,-311867.42579133343,-378300.26142213697,-450962.03327461513,-525606.7470405224,-599761.59629052121,-673211.63395987579,-747862.74485385674,-826936.29172171711,-913579.92294547218,-1009231.2798147775,-1112128.4408380159,-1216424.9344409206,-1312200.7354418766,-1386483.0702070447,-1425112.7569321962,-1415069.6960841408,-1346766.5498908018,-1215778.4551957496,-1023664.9299741831,-777709.36068916717,-489711.02717548551,-174139.78644508138,153879.05309480673,480310.34995263425,793358.71587518591,1083902.517893973,1345322.96815191,1572988.3327298877,1763741.319237265,1915655.8637357368,2028209.2428945086,2102796.1826432343,2143380.7786041573,2156957.7419578875,2153559.1861997996,2145616.8877825639,2146728.9447924728,2170008.3187758117,2226366.7307355357,2323051.3976060078,2462710.8816138161,2643084.0176217398,2857281.8804621841,3094523.4803416114,3341140.5858571972,3581694.7466235785,3800055.5840236899,3980378.275616962,4107899.2762861266,4169195.3392590377,4151308.8280143891,4040331.0413647206,3820913.0303295883,3478780.772557219,3008197.4693681542,2424235.2574827615,1774382.4570909922,1138474.8662770668,608127.23971348908,248415.27577133014,63837.68105881918,1362.1873367925737,-6779.4194137652312,-3095.0748438755045,-746.64281527809146,-112.98640694132595,-12.195010426330962
0,5.5800895935986246,29.596030708166548,-3.7340064595698053,-1219.4552804743798,-9367.661864859776,-40568.406448521047,-121215.82688739726,-274130.14258637908,-500058.3695586868,-773372.4269134223,-1055670.195218279,-1313440.2004627238,-1527004.523628768,-1689856.7126685074,-1803897.8433997727,-1874593.9881931373,-1907756.2087314927,-1908244.0827721911,-1880001.7463735372,-1826645.1386733842,-1751989.3362699023,-1660221.1841107146,-1555771.6586679753,-1443205.9349216006,-1327096.5500233721,-1211913.2074272819,-1101889.8827767558,-1000891.8290498374,-912251.63414299127,-838601.70464481728,-781694.35891980527,-742245.29991529009,-719811.88090576383,-712753.76381177944,-718314.58170421887,-732875.5292950233,-752398.35206139251,-773021.56249934679,-791708.23032888712,-806778.97185970971,-818170.2817822746,-827283.15610016347,-836410.41581974295,-847816.1874837256,-862686.94854921557,-880197.82847725786,-896976.81333620148,-907131.92249438772,-902908.80619155488,-875858.57831632032,-818282.5939225402,-724643.13128910575,-592621.89042931271,-423621.79687797796,-222606.63891733417,2637.932932520634,242640.49179459378,487498.66222295724,727992.66295166337,956360.74503965478,1166660.6834618547,1354771.5297152102,1518177.3066346548,1655715.7921403043,1767437.4539418316,1854644.7092624388,1920074.101665902,1968108.9515140464,2004854.9326992347,2037945.2452583965,2075987.7941353146,2127698.7559817457,2200831.2313727392,2301108.9571995395,2431342.1645650119,2590892.0988290631,2775537.2854247466,2977738.3136069458,3187216.1155837849,3391733.6750613218,3577967.708042799,3732363.5995491166,3841917.3769725529,3894824.4497377854,3880737.3598510283,3790246.9542490011,3614106.6591764907,3343346.0893965522,2971832.8414953104,2502538.9220731035,1956809.2187903125,1381630.0613843719,846199.41294761037,422032.29403073498,151495.94296126903,24907.667379077717,-9723.9339474224835,-8676.2227439677372,-3170.0706794299554,-700.22091727243833,-100.84768165001745,-10.509724405596014
0,5.7878042277716082,38.721893149065821,113.10209490541121,-362.20889322162515,-5255.7911459916813,-26766.832765468505,-87000.480249544184,-208342.20848307357,-397539.06636464538,-638913.02625408536,-902666.88469255203,-1159102.8884604282,-1387709.3851188608,-1578500.6687934005,-1729158.1481417841,-1841446.1974050701,-1918554.24577283,-1963778.7287997631,-1980218.5112249064,-1970961.549171237,-1939329.6263275179,-1888964.9669195514,-1823735.2098966618,-1747636.0285818316,-1664673.0590071084,-1578744.1819315478,-1493504.5553653382,-1412229.2346712544,-1337659.2293497499,-1271851.2624742377,-1216034.4534305625,-1170504.2345234419,-1134568.4457001779,-1106577.8343188842,-1084060.8779491389,-1063984.3482350246,-1043134.1982103876,-1018577.8268625771,-988130.07881632447,-950712.66059882776,-906508.7540178101,-856836.66715091665,-803749.12143365364,-749413.83410740225,-695422.67809194035,-642179.38542050845,-588543.76801762998,-531824.94117218244,-468166.47195062885,-393238.8680312155,-303101.88020529528,-195038.91429024877,-68179.010464317864,76215.37585986036,234857.92696300652,402889.593772678,574569.20128513488,744034.9565344596,905989.62744276994,1056188.5952380765,1191690.2956150544,1310888.8353302286,1413411.0502088838,1499964.4398105659,1572218.1301015557,1632742.7139769744,1684996.8398984766,1733297.433579169,1782699.9185343701,1838724.0739699649,1906898.1687182069,1992157.2277312297,2098167.6681584208,2226701.0220460277,2377154.7349483022,2546315.9059851817,2728391.6103602424,2915306.5019458542,3097206.3568681274,3263099.2917989423,3401548.5583939129,3501346.0724780634,3552118.2293277108,3544829.751673629,3472049.1832218058,3327777.016980188,3107236.2423768942,2807435.9580826513,2429551.7299382025,1983762.5307623083,1495467.5085901339,1008631.9168894963,579935.29848258733,260692.56183839266,72874.506198874122,-3521.4652194863984,-16234.862331363443,-9102.2641718282594,-2905.2687804329062,-598.44996702049957,-82.416325285702314,-8.2848742674723894
0,5.1114304165974698,38.878538040465585,167.557253315629,195.84476812052577,-2138.5918274506143,-15265.427761865254,-56413.598729605699,-145941.71668203259,-294741.49658824602,-496141.97439924453,-729417.36195637728,-970095.38864832884,-1198372.4300319473,-1401976.2687256017,-1575130.9511567887,-1716294.8683825945,-1826178.098549606,-1906517.634001822,-1959507.5496102979,-1987620.6540909719,-1993580.1219669862,-1980362.2631144125,-1951139.0439749593,-1909204.2431227679,-1857871.2369094528,-1800360.9747911165,-1739672.6929417888,-1678453.9484990207,-1618861.4548308318,-1562433.8914636492,-1509978.8469363702,-1461504.8686101923,-1416206.5113694398,-1372531.0728218099,-1328328.688921462,-1281098.6548945894,-1228310.2331469285,-1167769.8101468321,-1097969.6738826742,-1018350.1780119305,-929406.73638211295,-832601.93078099447,-730088.98040729773,-624290.90100490733,-517430.52443779551,-411106.83348419296,-306028.37605716928,-201956.94694123647,-97890.661592575198,7570.0736553373972,115749.71070812149,227442.98220031051,342577.2092059885,460069.04663948296,577904.90638838196,693412.42620659654,803662.72933610517,905906.69394220668,997962.46800157533,1078485.5491400692,1147101.5475158803,1204406.898583329,1251884.7875485276,1291773.0894935431,1326930.6406143494,1360707.7437094662,1396822.7525424925,1439211.1355544236,1491823.9300489035,1558348.1862505283,1641853.6423508548,1744392.7496476565,1866605.3066757512,2007396.1691282867,2163739.7006121483,2330659.8097493364,2501390.5494300034,2667711.3309602509,2820408.0927798306,2949813.651239817,3046361.9619028494,3101109.9477233561,3106187.2681893092,3055160.9732521335,2943310.7997832913,2767765.9074978819,2527748.1813284378,2225391.673190691,1867699.8073602214,1469790.0281795512,1058238.5424312158,671249.74147742998,351550.65436861559,131271.17591378075,15699.339928539082,-20705.621400719356,-18295.166624401249,-8246.6786534020375,-2381.1900293616513,-460.9694747596331,-60.740630842336479,-5.8656460919829208
0,3.8806484596913657,32.359618144696249,168.21442293266375,459.11286376165685,-138.05685588812059,-6747.6146781646275,-31547.536676997523,-91376.438521405929,-198884.26092184708,-354515.55665568227,-546264.6069501529,-755981.01826736971,-966278.47109676199,-1164204.2891447572,-1341754.564230405,-1494888.9807293413,-1622269.5961650079,-1724229.4596576663,-1802050.8125764322,-1857508.6845548677,-1892623.1131260423,-1909594.1865543306,-1910785.1694019029,-1898675.4035001523,-1875781.0958105233,-1844556.3867163775,-1807280.1274425338,-1765939.4461393962,-1722112.5254476441,-1676864.0472682898,-1630660.7789606503,-1583328.3736546605,-1534058.9747273889,-1481487.725191171,-1423837.1620863178,-1359132.2400876204,-1285464.2223840328,-1201279.8681355556,-1105647.855031288,-998458.03287605988,-880506.24846026243,-753442.84291539318,-619587.44611414638,-481643.49710684398,-342370.60842602549,-204277.90442883447,-69403.644750018429,60783.957726457644,185347.60387596951,303733.68963230861,415558.90462649916,520401.50280864583,617648.91298841534,706447.03834470874,785761.50133443798,854532.22607739025,911887.06134395988,957360.82472824864,991077.78132093477,1013861.0985114068,1027262.9833016437,1033515.4910246392,1035428.6371490373,1036249.5425437904,1039508.2351982474,1048850.0537643018,1067862.0346377592,1099878.6272102201,1147767.0062348554,1213685.0980454856,1298829.0136439581,1403190.6492191616,1525361.5364401597,1662418.6653299022,1809919.5299872747,1962025.1753154052,2111744.4509566794,2251285.8417606489,2372476.923268789,2467216.9385703257,2527914.0799939251,2547877.4665608541,2521631.081599745,2445150.5113914548,2316132.4826162132,2134354.7161386381,1902206.2228566904,1625545.6076093893,1315045.8896659471,987863.33959888481,668580.53357100498,387212.41519049683,172121.54393617614,38805.524955990222,-19045.642576839029,-27356.421340536017,-16717.151955153458,-6525.8472696301997,-1729.8708907151743,-315.26929996045749,-39.657684338920902,-3.6534736339334635
0,2.5155279521233909,22.67068910829234,133.7629094272927,486.45504351986688,817.2358582425187,-1441.2297582328847,-13810.644959368996,-48616.603000538824,-117777.64412080967,-226153.08448368483,-369045.62276877585,-534969.72575244587,-710458.17674652603,-883684.08857108199,-1045997.7036839484,-1192012.554819345,-1319035.8673989486,-1426311.5527899773,-1514284.270445413,-1583999.2365038209,-1636721.5900043254,-1673832.3304506443,-1696845.4846428719,-1707387.3352345508,-1707140.6642632876,-1697766.0781366213,-1680810.3567706828,-1657611.029044366,-1629203.6518159416,-1596241.2971354937,-1558934.232820478,-1517023.5733683654,-1469797.5024013252,-1416160.9922414552,-1354757.9781347306,-1284143.8004395117,-1202990.562611823,-1110306.0812667403,-1005633.5973056586,-889202.55625951733,-761999.65613867657,-625746.02439727203,-482780.79763827741,-335872.25332466507,-187990.77491143407,-42083.237599954016,99113.183724707487,233194.81758896608,358141.83912617539,472308.03090286121,574369.85252867651,663269.90713102592,738178.79362626595,798498.49618940498,843907.39292069373,874438.5587062781,890571.11034073902,893309.16251581535,884229.93469667609,865485.56907227857,839758.76924677507,810173.14618438331,780171.85055353923,753370.05329481536,733394.16181960097,723708.19657791546,727434.66311547009,747167.07935229316,784782.39191138837,841257.40606003115,916507.54945020529,1009264.0820373732,1117013.5375029244,1236015.5728046524,1361410.4963963532,1487416.7985990676,1607606.4777062528,1715239.1227444494,1803624.290926381,1866484.9586607825,1898289.7111976815,1894532.446248495,1851934.5303379558,1768573.7152172856,1644119.8684207657,1480288.168429659,1281454.6514402726,1055355.5404435536,813756.62842644681,572795.33811984945,352245.2465988734,172518.26827142324,48797.482040894873,-15843.588331285859,-33441.377173461406,-25793.692174224318,-12895.704831771835,-4489.3720078339202,-1098.0074673214554,-188.02130501970927,-22.480508977947533,-1.9568871546998787
0,1.3710504302875748,13.29100101567526,86.93418822990337,375.52030567494597,991.17849185087528,1026.7569688542169,-3347.4962595382231,-19817.459745433327,-57637.319526885665,-123120.6536042532,-216506.5199633837,-332220.52417404082,-461477.51753654797,-595114.05794398009,-725444.20053383021,-847023.68899007991,-956646.90912907664,-1052912.9831926893,-1135613.0750479095,-1205135.5734779486,-1262053.497776598,-1307009.7192134236,-1340754.5672562681,-1364144.7006112237,-1378108.4003056735,-1383589.5433230826,-1381480.7090714336,-1372552.5502082573,-1357386.6314540722,-1336318.0700109173,-1309394.9717525011,-1276362.5568558816,-1236678.7738535579,-1189567.1603846631,-1134106.9543599915,-1069356.8762552596,-994500.99942825327,-909002.32744444872,-812743.40080217714,-706134.83846046263,-590172.73879217752,-466435.50399894541,-337018.2625387974,-204416.33254070199,-71375.382451909565,59268.369623361919,184737.62613161956,302437.59313460981,410046.86437697132,505577.32083987998,587410.61366944516,654323.37062477844,705510.20113616739,740612.00262357248,759747.20454354479,763542.01536887942,753149.19220910035,730246.43555226328,697008.82146523136,656052.10521637136,610349.53785612551,563125.39888395311,517731.39525708038,477509.54261095304,445646.73785980442,425023.0746428417,418058.69784633722,426562.576876526,451591.85117532866,493330.74746466306,551003.64194020571,622834.74683473841,706067.64953035058,797050.48340057617,891387.84075051162,984151.48101620434,1070136.0298721546,1144140.7971205213,1201256.0408772447,1237133.6345182769,1248222.6273501953,1231954.8639426148,1186862.9156353299,1112633.1704066303,1010283.5046585638,882575.90588646615,734529.03308821609,573828.15368944488,410900.05126063729,258371.96604423708,129531.1386530903,35448.470613077661,-18874.203095180634,-37478.561380833664,-32687.549393333051,-19491.345974361386,-8430.3865275203298,-2648.9521589371197,-597.73752626244777,-95.764293503056976,-10.82084774564526,-0.87945963818395056
0,0.61555355382505095,6.4175275978944706,46.094210831071791,226.9682343663014,749.56948533106822,1534.2514308687546,1146.969296645103,-4270.6052253311827,-20520.408275626323,-52996.278958035677,-104147.12939177988,-172535.72903998484,-253699.51623205861,-341842.36347929994,-431382.34594504425,-517907.66095100978,-598509.75856057205,-671647.51820266363,-736746.19813812512,-793730.28486848215,-842670.26488802361,-883680.87712363992,-916961.47456842649,-942804.50186741236,-961576.57000934402,-973683.41425155231,-979526.8281604246,-979458.68972741766,-973737.50647893548,-962491.55764967459,-945693.55690413341,-923150.95266862831,-894516.34639612853,-859320.6239268682,-817029.49198299507,-767120.41498654173,-709173.70187786524,-642968.30351488129,-568570.96541825309,-486407.07298584562,-397302.76283780584,-302491.72580884333,-203584.63076914224,-102505.31288933182,-1401.637111309165,97457.656460478247,191789.91116864243,279400.20473235275,358272.8089911787,426649.8059903144,483097.35137636098,526560.45856975159,556407.24456811929,572462.18824946077,575025.99960682285,564879.66967927909,543269.13391746581,511869.49430926115,472729.31382346107,428197.33086278301,380835.25634278514,333320.4945914608,288341.86691364279,248490.82504411324,216149.88438601114,193380.28616718631,181811.71655236618,182538.79401641316,196031.26055578742,222066.69780558077,259695.58535889685,307247.09422182519,362381.45561031526,422189.53265372262,483335.82752952707,542235.57727010106,595253.81038592174,638911.74091811513,670086.50247067644,686191.4318385442,685326.56320201303,666390.41419054184,629142.55899699638,574218.11841602752,503240.91478631395,419105.73721209116,326276.1416334,230882.46852101915,140406.12456230394,62788.89727443779,4910.1125639926167,-29389.895677029101,-41071.586348172299,-36215.819694834543,-23869.297738619214,-12052.030502359237,-4616.0957738767347,-1314.8086703095619,-273.00747630422842,-40.701275326077884,-4.3182687546555947,-0.32314687211990578
0,0.22234570013774663,2.4979722321797317,19.636202170823488,108.28353478596829,418.07889628868247,1116.7977115657577,1941.8750853793467,1482.1360551044884,-3066.5310699918177,-15077.761000137045,-37042.367730398684,-69515.015938994227,-111027.62280286645,-158776.36425505782,-209557.20908800597,-260527.42042159874,-309609.44274958753,-355544.07936236553,-397702.68268792273,-435801.97431111004,-469664.79578929837,-499146.5763314197,-524164.79628805281,-544707.76723339048,-560825.42066171148,-572610.4223762803,-580174.41651946353,-583622.5555702172,-583029.22357431974,-578417.41950035549,-569744.41425731301,-556895.8670211446,-539690.60141804721,-517897.29900587263,-491263.55284606671,-459555.81014034257,-422607.25862805912,-380368.8477308721,-332957.89429613127,-280698.25971219619,-224146.8882244397,-164102.78849858005,-101596.67022370652,-37861.78073410361,25711.472087551898,87632.965271753477,146377.93685068234,200455.26627615525,248475.53662988375,289215.75715943228,321678.38983556483,345142.01728257118,359201.28576945036,363793.46038409608,359209.49981676455,346088.26592379448,325393.65503958316,298376.16187795362,266521.34150047338,231488.72253914835,195044.55716968296,158991.47526254909,125096.86428766613,95021.308930285202,70247.58622209962,52011.340021337957,41235.134151293685,38469.430394053263,43845.223486055096,57044.361918907111,77293.230275267037,103384.27251131737,133727.17125245693,166428.35614446885,199394.3863135307,230452.034287972,257476.58003447152,278519.24062700418,291925.79995616549,296439.79708064965,291285.75707863714,276228.78299726191,251606.22236411681,218332.43973599863,177958.16089827372,132805.04228481525,86051.327508350063,41614.277029625096,3708.0367482524875,-23947.072087225617,-39133.742907066073,-42041.143208851274,-35558.468287262825,-24478.982416182575,-13653.436834714883,-6049.3153288263729,-2074.3811041095114,-536.12159533084071,-102.07485385177186,-14.081627917966571,-1.3936975431519376,-0.094549704946841714
0,0.063048221990330805,0.76529511161862041,6.5784632980437152,40.28005351578647,176.70604490486971,559.59699596324253,1281.0324722784608,2057.4208907089587,1928.7439917706874,-639.04810376581418,-7190.8255810632954,-18632.290860473357,-34905.01356504955,-55099.683795008488,-77844.830985038396,-101731.83052168968,-125609.06901383851,-148690.41055063563,-170508.96092620128,-190789.35233883542,-209323.51616505062,-225928.26620454041,-240460.07521068509,-252819.73953587562,-262948.15940790559,-270817.71612157038,-276421.45901543915,-279761.5163278337,-280837.90865877352,-279638.90004548174,-276134.00266159925,-270270.64445835643,-261975.38952383498,-251160.28653032987,-237734.54292775865,-221621.05316546615,-202776.66559534831,-181214.33287740705,-157024.89036225819,-130395.96438214657,-101625.72882954561,-71129.60105095926,-39438.668783200657,-7189.3621641339032,24895.308896788985,56031.993446051441,85409.271833362902,112224.21328343338,135721.29252348602,155231.50662182368,170209.38066706518,180265.31955379696,185190.8635526991,184974.63142956625,179807.50154564629,170076.42641298191,156347.46522774486,139339.59783316869,119891.54840086964,98924.223297420715,77401.071095051506,56288.187292760296,36515.192395937505,18937.391874232322,4299.3495809522592,-6799.6983326635791,-13937.636097434161,-16896.539823299147,-15682.413593857944,-10534.509070104503,-1921.5325039805491,9477.0680419222463,22804.961836673865,37076.521871190242,51235.094816727753,64217.800278965471,75022.191485569143,82770.254374240583,86766.017384114544,86544.123922354702,81908.03805664301,72957.436168404674,60104.447836755025,44080.277618881169,25959.882554699067,7193.7360190117179,-10427.938406412512,-24955.132925877053,-34635.442812345937,-38395.419655725913,-36285.961904216842,-29656.743480638848,-20851.091540251509,-12408.373228856843,-6105.370535914325,-2415.410451291048,-746.00858631507128,-174.95303793972423,-30.446028413276725,-3.8673438833958644,-0.3549786106193798,-0.021474694837741524
0,0.013711772631694683,0.18023329654265641,1.6937085072743738,11.45724530068917,56.269567300887644,203.37945422446569,549.86184619840776,1126.7976669760369,1745.011752664466,1924.0007834477899,1014.7503577977322,-1543.8595636831189,-6005.345420346931,-12252.809738104328,-19890.625565093527,-28407.596384348704,-37323.012279388509,-46266.465329193961,-54986.935322811718,-63315.467035975671,-71118.052798480247,-78276.70935384417,-84694.027373794859,-90294.332960715474,-95021.803788832098,-98837.213073421604,-101714.01745485327,-103634.20287847093,-104584.22465867494,-104551.40447936898,-103521.15354010854,-101475.38469545143,-98392.419433712959,-94248.612247196477,-89021.781626707583,-82696.360654099233,-75269.965928784877,-66760.862148350381,-57215.623896867328,-46716.188876443943,-35385.491848602716,-23390.93013059087,-10945.053109789606,1696.9651423906694,14243.285451228927,26374.784700078606,37757.577439130422,48058.144443701,56960.253148779419,64182.605948869219,69495.924881588129,72738.059469451982,73825.730101654466,72761.739956573598,69636.918254760109,64626.596553084571,57982.03394528295,50017.692820901299,41095.598301227175,31608.093878977845,21960.140497719687,12551.986352199541,3762.6575625154937,-4065.5849333036144,-10641.79953596061,-15739.802244827708,-19210.070224782983,-20989.315471209575,-21106.633803939221,-19685.03532527588,-16937.361012645881,-13156.049981017099,-8696.8892236598276,-3957.5739974944208,647.46629939214006,4714.1359762326092,7875.6670156501814,9827.7604916308446,10350.519692141657,9326.4270190620009,6754.3000041240812,2759.81046269644,-2396.408867431941,-8311.5684247653244,-14432.921711085097,-20066.735416618878,-24436.84153129948,-26817.071901590509,-26729.243575471817,-24147.879938486429,-19608.957281157207,-14121.493101166245,-8857.2277127899142,-4730.7225024334584,-2095.7060083171773,-748.13443150272019,-209.03122074972137,-44.505450458355163,-7.0649586728422307,-0.82333634784952525,-0.069767663908208072,-0.0037006503192024746
0,0.0022424620148938845,0.031960969903255025,0.32809772764192385,2.4421629687793218,13.299785574294617,53.786468823818865,164.7720224010333,390.95278477065551,733.15653407482455,1099.5665871374076,1306.0253146561599,1138.6743428511184,438.70292626094988,-843.93603267178662,-2650.6612003987138,-4854.2284150149208,-7308.6484762083164,-9885.3081967506332,-12486.607921391847,-15041.161942921279,-17491.567960902539,-19788.07996852422,-21889.088948966008,-23760.989631737244,-25377.42631664755,-26718.307718728149,-27768.721675909375,-28517.809619308166,-28957.654810128657,-29082.257604183018,-28886.685017051008,-28366.489692314528,-27517.483661259917,-26335.93597471268,-24819.232302509441,-22966.998750677601,-20782.642412994475,-18275.210069351251,-15461.413050181167,-12367.626250479581,-9031.64209193221,-5503.9513773955387,-1848.328725234908,1858.4783350230373,5528.1149958004135,9063.1330357339793,12360.650509270734,15317.039494726207,17833.389558109116,19821.368901546084,21208.997576007081,21945.794638416224,22006.771783144275,21394.842099487272,20141.377822181414,18304.866222583645,15967.833502289081,13232.387466768192,10214.841545277764,7039.8956373165056,3834.7825554957071,723.66110274480741,-2177.6002032731362,-4766.2147735576009,-6956.8476163432242,-8685.5316264463254,-9912.9988113590462,-10627.181139853299,-10844.546276438432,-10609.920623342294,-9994.5258030857221,-9092.1160420200104,-8013.31586188246,-6878.4790105601669,-5809.5726391239641,-4921.696187584128,-4314.8562248944945,-4066.5283830360804,-4225.3679863921716,-4806.1932889001882,-5786.0891435596586,-7101.1649515300069,-8643.1454889982815,-10254.851409108154,-11728.382075277945,-12816.669994892196,-13268.619605800897,-12891.344627469338,-11627.031847860961,-9611.9154702732685,-7175.0671545864652,-4752.0193397982202,-2735.4567747141987,-1336.5739360014181,-539.87460973727627,-175.29201576418671,-44.503044564870649,-8.6172799445891624,-1.2474562976138241,-0.13313420721752181,-0.010384725192851293,-0.00047499440046019052
0,0.00027178942966585724,0.0042006041313665549,0.047025326542779959,0.3835615854502995,2.298599750571138,10.267262599362567,34.872314248882702,92.235109636411835,194.78130534040699,336.05051156043368,482.04701897607873,579.13791097442822,574.65144368035715,436.48427706940595,160.86979323451519,-232.67555061722277,-712.91689870748166,-1247.7203265424955,-1810.0744522964235,-2379.0261074884393,-2937.7242349360727,-3471.8747814610529,-3969.5213625898118,-4420.8441199515664,-4817.9245532902496,-5154.5156794514423,-5425.81849099176,-5628.2596255887829,-5759.2698792292531,-5817.0705381947701,-5800.4808193698191,-5708.7637094458014,-5541.5281769945068,-5298.7041492067101,-4980.6025500812166,-4588.0674309089191,-4122.7195587138558,-3587.281839266192,-2985.9657601798413,-2324.8869005185315,-1612.4665012903001,-859.7674258327105,-80.706589758577095,707.91547874851278,1486.6224923713557,2233.7482602090786,2926.2170524138537,3540.601448421316,4054.4012256243009,4447.4479790938731,4703.3086430243238,4810.545072654365,4763.6905479769403,4563.8305977315877,4218.7205413953234,3742.4296951352749,3154.5594094559374,2479.1290161471184,1743.2504025543385,975.71370490849438,205.58735536621899,-539.09827030374197,-1232.5501044254715,-1852.2881777498494,-2380.1008748986656,-2802.8739266751936,-3113.2642447861949,-3310.163781207079,-3398.8798106597255,-3390.9572358014848,-3303.5881266684692,-3158.593079749402,-2981.0090414440306,-2797.3694105902791,-2633.8022208545622,-2514.0930464246662,-2457.8559526390718,-2478.9283958715432,-2584.0579389789482,-2771.8833317025324,-3032.1323752375902,-3344.8560947623419,-3679.3630619544915,-3992.4670101476472,-4228.1729651498335,-4322.7214719550966,-4217.1575363029069,-3876.897648975817,-3312.5256377658848,-2590.6186770617919,-1823.0427545656266,-1132.3984003524956,-607.62469209611822,-274.96644383113556,-102.24559725894838,-30.413563163707277,-7.0517908340132083,-1.2457723200357409,-0.16470338190864128,-0.016098582169296619,-0.0011546264923495541,-4.4825795585560314e-05
0,2.4195606858055877e-05,0.00040504062060912628,0.004931405881455974,0.043872820049298697,0.2873012640994731,1.4031788361421429,5.2090123018972179,15.047102737033651,34.704732047382599,65.566004601610288,103.85856718514215,140.61033634978227,164.84092642053787,167.84055900283636,145.87318306592638,100.25271168936094,35.563650492333714,-42.519987692479525,-128.75874286603187,-218.90510701588664,-309.56369262213911,-397.92054478277993,-481.63409112765271,-558.7658994655867,-627.72870565265168,-687.24663264414176,-736.32187332622698,-774.20356732962955,-800.3565838760893,-814.4297331085445,-816.22444487546727,-805.66599773762266,-782.77998722041502,-747.67688219987303,-700.5473623425778,-641.67069542721026,-571.43767734616085,-490.38851188682656,-399.26433570174947,-299.06894649591601,-191.13479394648047,-77.184803904025259,40.620546897002171,159.66272960168516,276.88292762929399,388.84761123000027,491.86712756863761,582.16602646308536,656.09609822044365,710.37527975086016,742.32935115497867,750.11008892309621,732.8643098776563,690.83323926612923,625.37015891213605,538.87489622461965,434.65419934703948,316.72544804323417,189.58569164735781,57.96813387733598,-73.395608399259956,-199.99536964482709,-317.73881953541689,-423.12351665625278,-513.38550666157118,-586.62383937040772,-641.8966091682579,-679.27984340722048,-699.8776951489757,-705.77247941045323,-699.90671714332507,-685.89614273519965,-667.78116262207766,-649.73270051307099,-635.73469799924078,-629.26838353104245,-633.02195545791426,-648.64368748101049,-676.54710925030622,-715.76439536641851,-763.82800145930719,-816.63772942925391,-868.22857490264744,-910.33546525300687,-932.35036459975902,-922.59877032762631,-871.23586882595373,-774.39844064861609,-638.09278448245084,-479.30049153203879,-322.19196839405026,-189.91902861928881,-95.999219426032909,-40.61539329886827,-14.019432513792829,-3.8476447472015618,-0.81951529141001489,-0.13267408163865499,-0.016068970855654671,-0.0014409412566072164,-9.5080113996125302e-05,-3.0878165092200888e-06
0,1.5745135101597235e-06,2.848835835448781e-05,0.00037590665401779762,0.0036296852147944965,0.025801514195079429,0.13661988861769633,0.54845055997654268,1.7072773881150327,4.2276378386520195,8.5496149505767516,14.481346579540249,21.018011035965614,26.651775449161821,29.972714637567758,30.159507237429626,27.11631080648543,21.295042826706279,13.397170210621393,4.1288367617588912,-5.917719868891071,-16.273301209404906,-26.558009260720628,-36.457985779687093,-45.712402456559268,-54.105629637656072,-61.46227916760769,-67.643673487648726,-72.544820436599679,-76.09136094054324,-78.236248088663814,-78.956144153087507,-78.247689971377739,-76.123924531266994,-72.611206484384923,-67.747030588187698,-61.579134436860691,-54.166256778661349,-45.58080880114823,-35.913538049624762,-25.279981988455003,-13.828144365120826,-1.7464224551153344,10.729561345810334,23.312828330858267,35.665271063200379,47.403664832237645,58.11233554218024,67.36250175148173,74.737269385080424,79.860201601289759,82.424542851522261,82.219732279441857,79.151940691600814,73.256017338500413,64.697345412391684,53.763464374928546,40.84665498197527,26.419729621215236,11.007819560907029,-4.8410581943638382,-20.584377993867701,-35.71094278115995,-49.76351806978726,-62.358191562502398,-73.20060993805825,-82.099069303876888,-88.973997067556553,-93.862861470235813,-96.919224698722275,-98.40468612408219,-98.672924639515585,-98.145877969472238,-97.283125209923355,-96.546526602026717,-96.362885385434964,-97.087658143815347,-98.972467746717712,-102.13838648845328,-106.55571014863712,-112.02928328655014,-118.18622171561262,-124.45945149673042,-130.0532841137055,-133.87261261134151,-134.51775561852054,-130.48981256604665,-120.63199215867883,-104.72673014720257,-83.996468972281903,-61.131299381162179,-39.585303441201397,-22.325256903010043,-10.716184774976103,-4.2719452664020627,-1.3790212996615627,-0.35162065156752137,-0.069221022087428252,-0.010323270832705581,-0.0011501254122753238,-9.4899756020143489e-05,-5.7717670398818519e-06,-1.5478918482959307e-07
0,4.386164743041634e-08,9.6226611459280341e-07,1.5199412874926879e-05,0.00017318284481483543,0.0014303958006377788,0.0086600023680732611,0.039114106722491167,0.13487785182579815,0.36471247619343394,0.79541387069302938,1.4384689659329994,2.2138128204425391,2.9680244588258624,3.5373455462440027,3.8102996930422286,3.7538844313318864,3.400778068946209,2.8178530350275102,2.0772607685479154,1.2404800835230987,0.35518263675039519,-0.5410457300946151,-1.4173279838397173,-2.2479116152479728,-3.0113414029127243,-3.690007983156208,-4.269877696886665,-4.7402864532864726,-5.093727870397923,-5.3255985874526273,-5.4338877724484451,-5.4188165434491244,-5.2824481802505563,-5.0283017578044751,-4.6610108930491094,-4.1860748142869406,-3.609750495556165,-2.9391290010804605,-2.182424129094819,-1.3494739801381419,-0.45241753408390889,0.49353757917388819,1.469384539483308,2.4517860574839156,3.4129159974601757,4.3208289734666607,5.1404600534812444,5.8352724396456983,6.3694666120691572,6.7105581208767173,6.8320454999513593,6.7158445067249213,6.3541737938980685,5.750641140273153,4.920388542869234,3.8892865182897376,2.6922969504985668,1.3712225953528296,-0.027888349678458532,-1.4574181529565231,-2.8707225835750556,-4.2244050161819873,-5.4802645013943394,-6.6069174442429404,-7.5811139327182344,-8.3887539260105211,-9.0255681344564618,-9.4973824839482326,-9.8198563101015637,-10.017588574435361,-10.122530713472534,-10.171722224799312,-10.204459727530628,-10.259098596488995,-10.369746953650171,-10.563128731577326,-10.855859576939972,-11.252298643181003,-11.743016855587975,-12.303760895443499,-12.894575179128239,-13.458398669323264,-13.917520866424635,-14.164317640797165,-14.059360069715744,-13.454851619223499,-12.244255340563148,-10.427714863326036,-8.1629616028922438,-5.7582394554769012,-3.5818558947135792,-1.9192661403751681,-0.86399042592457009,-0.31830349185779772,-0.093446966605435403,-0.021306210272455516,-0.0036867047691127642,-0.00047516029726138627,-4.501962019971006e-05,-3.1125991613786486e-06,-1.5654881858061015e-07,0
