0,0,0,0,0,0,0,0,0,0,0,0,0,0,0,0,0,0,0,0,0,0,0,0,0,0,0,0,0,0,0,0,0,0,0,0,0,0,0,0,0,0,0,0,0,0,0,0,0,0,0,0,0,0,0,0,0,0,0,0,0,0,0,0,0,0,0,0,0,0,0,0,0,0,0,0,0,0,0,0,0,0,0,0,0,0,0,0,0,0,0,0,0,0,0,0,0,0,0,0,0,0,0
0,-9.4388959221135782e-07,-1.6046026052638608e-05,-0.00019687793948020864,-0.001747568510304294,-0.011274141055986011,-0.053396359767724083,-0.18848594651341644,-0.5048955244359109,-1.0434550487202046,-1.6761154300317707,-2.0512514395967933,-1.6944767801424343,-0.21322457028020506,2.5400299836169489,6.4426502596893469,11.197480997803181,16.465293529902741,21.96037178286424,27.482377316196686,32.897405300368604,38.100499132743224,42.997522535707269,47.50771395150808,51.564431798583996,55.114405451545586,58.116654123411863,60.541446032043886,62.369411734044093,63.590842275040153,64.205166109671879,64.220595641393729,63.65392244557119,62.530441108869844,60.883962685700055,58.75686552244337,56.200089601756318,53.272930271150877,50.042389565897814,46.58170183847372,42.9674150165961,39.274060269826208,35.564943045898389,31.877001468424403,28.197318047985231,24.429790142990765,20.355496245338834,15.606183261743796,9.7108122538618442,2.3607704067449458,-5.8319115546351155,-11.834958674253972,-9.0375518802064327,4.9243336383453027,9.0115458850312216,6.6957439343324516,0.85260956572654989,16.579043197817064,35.657847129516135,56.126532131362993,73.385870737777367,85.996714272740377,94.316534386757212,99.206065249535428,101.4644640333734,101.68568939098861,100.27847286852281,97.52608185756651,93.640668164493889,88.801252684955074,83.17642188472449,76.935722133945362,70.253536052461229,63.308280626599661,56.278867940135704,49.339702746260613,42.655045275392801,36.373281735408263,30.621463473427763,25.500350614051968,21.080095902963393,17.396587490233053,14.4482691779644,12.192778762124309,10.542601779534097,9.3653848595466922,8.4913242220327714,7.7292243528785853,6.8981855597989012,5.8758657302978659,4.6473167213909061,3.3217114448546101,2.0887853316230158,1.1246577790593444,0.50432003862753005,0.18313271381377547,0.052395889434384953,0.011518722825645143,0.0019055139907527838,0.00023359638159276637,2.1023185816276948e-05,1.3819950423938333e-06,3.8665626607832818e-08
0,-1.5999820570702411e-05,-0.00025218117264240008,-0.0028578316846158097,-0.023351025884987293,-0.13819392859963237,-0.59786132953464288,-1.914703935459835,-4.5920416206060937,-8.249887481686546,-10.66528436323537,-7.8201430825594178,4.6431262562240923,29.482150219372045,66.766155394688653,114.17221066130408,168.18963586263376,225.38579580419784,283.15537679222234,339.83657193764759,394.3971754173354,446.02094221600208,493.94230064458577,537.49506478999956,576.13327632297137,609.43075548757793,637.07373108461479,658.85183462094449,674.64949582274437,684.43854238928725,688.27226416242831,686.28103500877899,678.66945909303104,665.71497731043462,647.76772753760497,625.25131440350538,598.66379223337867,568.57768991128569,535.63701832274728,500.54784724337202,464.05672677955596,426.90760449294169,389.762299114538,353.06206754583684,316.80018707747172,280.17584753519884,241.13225160796182,195.91000271358752,139.11467899804899,65.676048385105361,-22.251319421687473,-98.774054183323386,-89.813374438428056,102.29443071769541,189.21410764083049,155.23409790213103,58.665458535098693,180.24825672272408,380.14318908564644,587.79124510458564,754.80963452185779,872.1997377538903,947.19209635359618,989.82833946344078,1008.2701566410956,1008.1034354594149,992.92540269504855,965.10579767683407,926.38274758742671,878.24825139839197,822.16504495326137,759.66779945869564,692.39111546077743,622.05367902951241,550.41760136256789,479.23490039043293,410.18865188276749,344.83362705740899,284.53964056375202,230.43980012020032,183.38511765067022,143.90615175484211,112.18115921947367,88.007677787191284,70.774465824017824,59.457055403876247,52.629699731186157,48.516384071140628,45.174149378606955,40.879520421706147,34.649556612862845,26.633822465730276,18.039013458468538,10.47571592907406,5.0758394218500378,1.9960304837645724,0.6197897743925479,0.14811704633952608,0.026653554704893816,0.0035525111834468761,0.00034704444699996061,2.4701043761716249e-05,8.405592311838562e-07
0,-0.00019551940571191652,-0.0028460486020208098,-0.029610321696516579,-0.22074652210871573,-1.1828678225774742,-4.5819904240050002,-12.87999053054576,-25.96396387929882,-34.698825748161511,-16.932657201711251,57.657689779569296,214.99260267707746,464.84862217160116,797.53052049526991,1189.5172876204197,1613.0995739853738,2044.4602277204929,2467.3727520790339,2872.6699856405467,3255.2967082897426,3611.2299010702636,3936.439885628919,4227.3615092964319,4481.1207297100291,4695.5770268346541,4869.2949782678834,5001.490550432286,5091.972288643773,5141.0860155838891,5149.6674194907837,5119.0042694567501,5050.8097714392643,4947.2074069759565,4810.7276126139568,4644.3149543483787,4451.3431354306877,4235.6315360696026,4001.4521491881328,3753.5065297412707,3496.8372777856302,3236.6123641617669,2977.6780170683696,2723.7115183957849,2475.7218862145214,2229.5786480984948,1972.3263750014087,1677.6508399175978,1302.9905601106814,796.6796031908525,137.21804119716001,-548.63394696095997,-728.37295458726385,825.66692169606392,1724.9220195809094,1440.5067159717028,586.8611244661887,1310.059219576483,2839.9095992720368,4320.1126593235967,5434.151467504621,6176.5562421144705,6629.8594993969718,6875.1871288698831,6969.9763471221213,6949.7326892802048,6835.2743377096158,6639.2627713563097,6370.6948591613645,6037.5818742837337,5648.3502755066293,5212.4296291395067,4740.3542713521256,4243.5872903332174,3734.1941963823278,3224.4422870521184,2726.3715236948892,2251.3653354670264,1809.7404588032041,1410.3696207973296,1060.347793266272,764.71004793137081,526.20581098805576,345.12911804477397,219.20582459064318,143.48456768906982,109.99552641286505,107.38242676397488,121.29090449690595,136.36428720766605,139.94559740776509,126.13962683246244,97.708475492094109,63.822531794588038,34.433224725713011,14.990397404428919,5.1359994722444835,1.3511402976072819,0.26701318260795881,0.038968889629270642,0.0041532296087920676,0.00032115923216880621,1.3128246793773476e-05
0,-0.0017258501441851967,-0.023119779606167786,-0.21942785292498831,-1.4765258046659613,-7.0325872781896388,-23.573783643554261,-54.05098195547604,-73.739032315851262,-0.79431949027772508,304.72100027449989,994.3019460886203,2162.7301369667703,3805.0620033251016,5822.899646272992,8067.5361227274898,10390.372341618331,12677.200634482559,14858.634537523878,16901.476569141123,18791.198718561471,20516.274424247353,22063.6488273129,23421.542902505484,24580.885441469356,25535.712666483229,26283.126982288468,26823.068073876726,27158.021585576953,27292.719864146133,27233.870118392006,26989.923435533179,26570.902897639106,25988.295896075597,25255.023252813764,24385.482956488286,23395.668550291433,22303.340713377787,21128.217282035625,19892.101601254068,18618.804245298321,17333.580801446751,16061.587474619064,14824.484542971737,13633.75712824217,12478.610288974709,11305.809582435058,9989.9967309344884,8300.0873357923792,5891.8016470226048,2425.3853397123676,-1924.2782638284655,-4964.2965509149135,966.00065007452463,5630.458122766534,4406.6199330784566,1029.2075226206639,6320.9410604999139,15169.863759620677,22659.753249805097,27784.49751911034,30949.463320388328,32754.929744415535,33654.864667840237,33926.395830373353,33719.370665779446,33109.309688985129,32135.443409891672,30823.975280622184,29200.771766323785,27297.390671325778,25153.193329561167,22815.263604529413,20337.150373590845,17777.013840698648,15195.500565303173,12653.53053428253,10210.105239937324,7920.2094898730684,5832.8656413295694,3989.3938964707545,2421.9340450222958,1152.2883666741909,191.16561825549476,-462.11790920001062,-820.69081257618745,-913.79904161263266,-791.84635271310731,-528.50174946807397,-214.37829563652733,60.588557049699972,232.02668995130094,281.28132278149371,236.85455731226546,152.78347225317705,76.73612684109996,29.762789041723359,8.7637305114909427,1.9230204870091194,0.30953018739398125,0.036152129186028656,0.0030447419492603042,0.0001474912223473496
0,-0.011048158920458843,-0.13569835898045929,-1.1654583286626952,-6.9670586033010764,-28.544981964633369,-76.521528443183982,-108.31640627855316,78.536508878592485,920.30547504695323,3003.1078008017657,6823.546687499037,12552.948696089505,19961.362495976875,28523.041919375479,37611.602424279292,46675.611178308049,55333.31640359178,63381.267609272814,70745.016566604259,77409.486455507227,83363.658261516903,88586.87486535043,93059.951222657764,96771.010671746248,99717.40862281654,101905.84661103012,103351.6322620987,104077.59059742599,104112.86416033587,103491.76601191497,102252.76376539317,100437.68896286996,98091.214875521255,95260.676528186348,91996.253187547743,88351.556048909115,84384.595240473485,80159.082579121867,75745.883903174195,71224.244210596997,66681.954310745685,62212.845927434028,57908.548295818749,53838.994238727406,50012.300852005574,46299.545917507567,42306.02118000474,37178.163453306966,29388.088101979341,16732.939309215872,-2614.2478469880616,-25512.989427918521,-29093.037814844851,-21029.66000954451,-21995.321478192935,-19008.143659212514,21289.697701009769,59960.161077180521,86769.714509127138,102752.83321421659,111517.55639529593,115948.02165712648,117786.75649725964,117928.47708129995,116765.93042180197,114438.4741337665,110982.65404486899,106414.23932846649,100768.39430274864,94116.114871420679,86567.881943379471,78270.737006364841,69402.149931020147,60162.443796502157,50766.684098374972,41436.484410040968,32391.979536408275,23844.12477630785,15987.484009188154,8993.6877170650023,3005.8067111311429,-1866.0423200188432,-5547.3655384868198,-8000.0309889961909,-9228.3040948333692,-9298.4611782986867,-8366.6327953337222,-6698.9332443014409,-4661.6333333886123,-2664.7146212471475,-1063.7243056478544,-56.205633642263905,370.30582093936374,397.37633300694119,258.08181245746835,119.38126735280937,40.428687597034866,9.9997348304224243,1.790139078629879,0.23012884095007505,0.021146426798148682,0.0011965885587519238
0,-0.051763356876148012,-0.58010200936517908,-4.4542242219234405,-22.991126236752386,-75.093425837552871,-118.10360203614955,179.08517366245141,1742.1378726805024,6122.3923198414432,14995.225784170632,29383.197185044402,49154.340870689019,73087.518697091786,99362.389719359096,126138.40744030586,151966.22944118863,175946.11543883826,197675.13684540521,217076.91357971507,234208.43713269741,249121.59005104515,261834.74499804032,272363.83818424947,280738.62394977314,287008.48975984508,291243.06746683316,293530.26340120076,293973.03302170371,292685.72238950292,289790.39542179817,285413.54950837122,279683.42326238402,272728.19850087509,264675.24630446563,255651.67159916915,245786.28730731027,235213.21195124474,224077.14062052302,212540.19462171916,200789.77654286881,189045.90366773962,177564.57728051444,166629.94073276405,156520.89516481358,147424.91876634883,139250.09552734427,131253.31015157062,121365.89275087006,105100.63008787997,74134.859304760466,15637.59494951289,-83140.592701163259,-209448.75581423118,-239371.1108700292,-223212.44091849067,-138688.9988856641,64676.666306061772,185531.30761640711,250856.14956708852,282298.53738100978,295830.83861860976,300582.6492648758,300990.27230269904,298830.83063393488,294562.84159195988,288093.16081241379,279177.76926151523,267613.38269403257,253317.25322390831,236350.2451956881,216912.6551803188,195327.79225469506,172020.69617988585,147495.36205792008,122311.95348078913,97064.519761526375,72359.433180839114,48794.640843075205,26939.981023980097,7318.9777559171425,-9607.1590889695108,-23452.2768130125,-33913.114879188637,-40772.00225945875,-43920.043824314365,-43424.515439123221,-39623.669652179888,-33207.790470966713,-25226.201683465642,-16965.644737196966,-9689.4807679646146,-4305.2538488961254,-1106.2554710093225,253.03629976234268,495.44765508490963,320.54922367286304,132.2037905828233,37.793039134601401,7.6121255511338184,1.0823698780110926,0.10865527462266111,0.0070792844106537705
0,-0.1799444919828404,-1.8251707032211026,-12.250178209978085,-51.124995029956395,-99.805396468578977,192.1108789604684,2161.7311897707673,8677.5057816416193,23655.956170693687,50413.160704897608,89979.03067999745,140575.01279297308,198397.30170285734,258986.19768169621,318411.92677773192,373911.315927763,423985.17214186612,468140.63840022765,506484.8809974608,539335.72891695274,566970.12498854892,589586.31678703113,607368.74907645734,620520.43322071969,629274.82404770597,633896.64080130728,634677.24205124273,631926.7643232093,625965.37724983518,617114.09546500468,605686.6985181676,591982.68373319437,576282.63082316215,558845.80506014603,539911.34260415542,519702.97988808918,498438.6640377334,476345.21291462256,453679.04105556093,430752.63800872047,407965.82002551033,385837.42772013549,365026.90936323302,346321.53027084091,330537.174881613,318226.31991156458,308984.001266454,299961.37891332846,282901.85218492616,238637.36309543171,127836.82728943892,-121678.48883793165,-622271.69582669972,-797766.09637221857,-709303.9237060775,-358668.39835794637,236766.02398825038,476856.90356939362,568973.38612131483,594298.99058066076,593577.47935539554,584891.9588723284,574840.07982334576,564719.8259344456,553703.34217179473,540364.39242707379,523358.69337478571,501688.95924362115,474776.61752028856,442449.37499112432,404896.38640184619,362613.90779991617,316350.82243793446,267056.99970638065,215834.93596915787,163894.08746753729,112507.18091509184,62968.010705796216,16550.663282068603,-25529.155768496767,-62149.283479177451,-92310.22389924826,-115154.5725105677,-129977.19792974471,-136289.65147696491,-133985.32079232801,-123564.23721947198,-106341.25903106062,-84523.657397632094,-61040.778888838358,-39064.322128756648,-21281.534019481733,-9155.0680184845314,-2539.4648115484356,37.009073659209072,496.12824596010478,298.90661630673014,104.20219552143824,24.089871066602388,3.8164396150046707,0.41921147752005944,0.031025711902846486
0,-0.47135836434941841,-4.2564540305824057,-23.708890497879345,-63.666402113675204,107.38940444336106,1790.4658956857288,8710.7195555248836,27440.991294840307,65322.569458821796,126774.47886099768,210843.46246367635,311630.25698054279,420749.53457033721,530000.03823621629,633071.41779093747,726096.18948969524,807387.24568853027,876786.14284161432,934942.35168480175,982723.38637355505,1020879.500694948,1050023.7667304627,1070738.9145611902,1083625.123450977,1089316.6348053231,1088480.4707651101,1081806.5595813943,1069991.8335932754,1053723.1300687473,1033658.847756972,1010412.9374729757,984540.34854683327,956527.36266771867,926785.8212415179,895654.82523727883,863409.33686056139,830279.50519076013,796480.95794137649,762259.96143795899,727954.46453795384,694074.12378544128,661398.49981557473,631087.92032978742,604784.68690544309,584645.51287719037,573162.01340251439,572447.54263959383,582291.74895613792,595503.43978223298,587474.27032809751,493695.04916475847,162635.08676791887,-740876.75458086189,-1062020.491446876,-819115.41223956493,-110717.872039883,831161.53181360452,1040515.045331934,1043233.6516165249,984520.82464194472,920949.38402118185,870157.70439824124,833802.07526728872,807858.73991252866,787036.42724000092,766511.05655283807,742486.99489222839,712274.33364664996,674189.73040461785,627410.14879531565,571829.57292527356,507933.79361356428,436694.49621151754,359479.11721490492,277971.63833752752,194100.48962544464,109970.02016426205,27793.839605277604,-50171.376086858414,-121690.71587314545,-184612.86226414348,-236924.21963096119,-276789.40530816,-302580.51206600026,-313015.04159415135,-307465.75723295537,-286359.16751575167,-251559.32029376694,-206584.94332243261,-156486.84793294681,-107242.42704357101,-64630.933270407404,-32783.368751937276,-12951.826450295899,-3284.1379978792161,-37.621664512733162,411.2112771538512,206.55726029943855,57.267669236323876,10.252842819786627,1.2368424149621786,0.10280236984385877
0,-0.94098696405917515,-7.2750809487753525,-28.518841230579955,24.919081861030879,986.897842732703,6211.8136940461145,23647.117718944286,65108.628967970319,141116.73584147063,254767.36710207874,399691.17643622478,563060.58579759952,730611.53503769508,890518.2475758451,1035016.8247756496,1160268.4432753599,1265367.8853908707,1351173.343872101,1419307.9507700056,1471476.2238666452,1509147.4371510681,1533601.37598974,1546073.8841641881,1547810.3305955702,1540079.6895147255,1524167.0167455999,1501354.192200277,1472893.4202292159,1439978.3026824626,1403714.1773887025,1365090.7084467465,1324957.9037236068,1284008.3720948549,1242766.9985891087,1201591.4471814337,1160685.0736959386,1120126.7040997923,1079919.8218189753,1040067.441015469,1000677.9645021101,962112.48632254696,925183.98516578064,891422.11862823425,863409.04677761707,845170.20562599692,842532.95426297537,863199.36251143005,915863.83978938404,1006754.7227181616,1129763.0898037171,1241196.411737893,1198189.3132212029,611082.41050657467,516778.74927732261,947225.31699585787,1653282.2010063985,2149664.9979527057,1877499.5223455008,1558000.8757231371,1294780.5683696987,1106570.6618960523,983037.74152985413,906680.46135559503,860755.14791202627,831605.88863985136,808895.38103817066,785163.49078082014,755261.95184961346,715853.24797865283,665017.43750931195,601959.1069732632,526792.98912594165,440384.80806854431,344229.36364885175,240350.16393147234,131211.40644536598,19633.870335202995,-91288.535987882162,-198275.27863280766,-297947.87146791286,-386919.71342188923,-461880.53382354986,-519667.40542979859,-557328.6483439696,-572364.60421399761,-563198.96017026738,-529733.17312296038,-473884.40039068618,-399974.90566932352,-314807.74692926381,-227219.44997517488,-146871.62111922802,-82181.970149156492,-37831.989340905799,-13131.904660781098,-2766.5228805504166,42.960421698498173,268.35929834568896,101.62380683882307,21.252923734808192,2.842901785297939,0.26343022052432458
0,-1.4236280926920177,-8.3848565852278174,-3.4087610713521115,355.72828070387754,3111.6446072588956,15046.018729431178,49997.925064231844,125409.4823422997,252821.05718987645,429990.08251997671,641372.06292381068,865387.58989330917,1082245.9301952696,1278210.0516590413,1446132.6394808271,1583967.022426879,1692799.682321619,1775197.0274048534,1834094.2034305204,1872205.7226927525,1891865.1362937593,1895187.1898731524,1884238.7494128374,1861083.4420640904,1827781.7551809812,1786373.6879997142,1738845.1139044303,1687090.973619329,1632871.2316140176,1577770.9779203043,1523158.2390580617,1470151.6970478678,1419591.2185794988,1372023.7387167986,1327698.6031210665,1286584.3165412028,1248403.6937459332,1212698.7519401293,1178928.2850421413,1146612.8726049082,1115543.8323736405,1086084.4498228447,1059605.6493112617,1039111.8032318094,1030135.2073805686,1041978.6698104111,1089371.5131394172,1194451.3162943204,1388582.3899974125,1712351.5245185206,2209196.2510467148,2901003.1058755494,3716952.3535913397,4379426.0900034746,4901189.4536612164,4922804.8472848665,3888743.1317595355,2676141.8771802168,1846861.8983803147,1305602.150904564,966976.99137463467,764793.94007362623,650924.23748861032,591447.5402938578,562807.12607942009,548745.91501510853,538086.78857156506,523203.00633626094,498995.02547192003,462220.524804999,411059.63292405923,344835.71355406143,263832.14865029161,169168.84435683425,62708.884590491944,-53020.070734859175,-174903.72930300608,-299323.37251680734,-422248.04953040951,-539336.3701660384,-646047.61195960129,-737755.8450237785,-809856.64745294524,-857879.61977764312,-877847.3303614374,-866882.98595818889,-823832.51985054801,-749847.83528260293,-648904.10975769418,-528204.25342827989,-398272.94813220279,-272257.03300487896,-163777.66036821035,-83181.81969502219,-33592.32111405379,-9748.8284925301759,-1554.5029734627367,101.19788429455004,126.35726850516782,33.943720348245158,5.1622613930137558,0.53340354749408192
0,-1.5318731783266295,-3.36729183259096,82.166007018887797,1075.2168790203375,6937.3154455817057,29143.110985949395,88298.584244831247,206310.73216857333,392122.77791374212,633828.71684011456,904030.15559318196,1172385.5721333006,1415620.3623299017,1620877.0877607409,1784122.5716973734,1906856.3561813608,1993160.071617973,2047757.8767311827,2075028.6131473929,2078706.5175910119,2061993.8848622399,2027871.4656085158,1979277.3312744191,1919130.6566421567,1850307.7494929354,1775613.7985415412,1697731.1263968274,1619175.122863628,1542233.1293052495,1468918.2348480232,1400910.5673197384,1339520.517673898,1285644.871134893,1239751.1198356827,1201862.4266067841,1171576.0944114043,1148093.6083718536,1130291.0524292574,1116819.7905406824,1106267.0877870671,1097390.8757472802,1089475.2576906588,1082869.3410431601,1079812.7547214297,1085722.0628054272,1111206.4031625425,1175276.3340268584,1310467.1623644007,1571124.0882208459,2046895.4997827795,2885149.9552567261,4329423.7976134317,6789291.3707084972,8236752.7246628171,8635960.3315972611,7651875.0718420586,4919337.6515364517,2828836.1453555678,1575692.3862001256,829782.32806605718,394782.21740603069,151391.38344208745,25770.118584754877,-28619.268060877683,-41694.674834699872,-33124.991133893862,-16155.636253128601,92.26892096256779,9241.8203828291862,6843.2813416184817,-10104.207262858845,-43420.930735044312,-93894.1491857613,-161354.52440706786,-244721.28969220794,-342037.25348144642,-450511.208646869,-566575.51715649897,-685963.92220535909,-803811.51291316492,-914774.44131997658,-1013167.882896063,-1093107.6367668905,-1148679.6625707496,-1174413.3675376091,-1165964.9855897368,-1120673.8482773516,-1038024.2627916455,-920177.29360839108,-772764.83518159273,-605868.20523422235,-434487.61996515252,-277161.50253039051,-151520.74092832196,-67556.335599244761,-22918.849835064793,-5260.2843598475902,-570.66148123841913,72.519503108875583,39.897572023852426,7.4079291979855801,0.8671893797184711
0,-0.77324600498243901,12.142839481287432,252.95090454800186,2266.2668806497581,12571.005060360887,48142.075190190953,136174.72889453676,300695.99040732643,544115.46776818018,841572.93191478797,1152985.7164071128,1440930.3399989135,1681610.7499686365,1865959.5580740201,1995192.4424743208,2075600.7925402911,2114809.7853001622,2119820.3654247886,2096373.2901261847,2049089.9057014449,1981924.2064053458,1898625.9065989482,1802910.3669272778,1698456.6809241809,1588854.6887279532,1477567.9096078814,1367862.4567963139,1262760.6340493388,1164962.8680815503,1076801.1459247745,1000164.392760687,936462.60342883121,886567.60769495636,850798.3874220422,828890.0694511187,820010.64426855312,822772.63572714606,835295.58205426182,855283.76508687146,880169.87865949119,907320.53994444269,934363.99776014709,959694.29680750577,983271.74808869127,1007920.2439291701,1041468.7584574133,1100388.3789638472,1216066.4645378296,1445922.101722437,1893488.0900353841,2745759.4793605679,4344703.0526440991,7328868.5125513179,8832925.2258501686,8887053.1949940827,7318284.5923822531,4061220.5970228589,1815572.0313867065,536900.09055220359,-190241.45686038738,-595170.91280273849,-807801.35199985246,-903701.83911894599,-928136.90774264524,-909194.64758060744,-865083.28151260794,-808234.58487925504,-747610.76731015928,-689995.96155104681,-640692.36363230553,-603876.57502868655,-582750.77936013008,-579581.42087057349,-595676.10850747395,-631337.69352223107,-685822.13843824831,-757315.08636566892,-842942.02152518812,-938810.54828949086,-1040094.071393261,-1141145.6354824484,-1235651.3723381436,-1316801.7877772131,-1377520.181998662,-1411028.8174171741,-1411528.6979015742,-1374550.6132670306,-1297122.3181818801,-1178173.6818880187,-1019711.623726149,-828907.53988931933,-620262.29868669889,-415857.17785771925,-241162.24188582686,-115682.75681756904,-43376.549464754891,-11774.438861294879,-2022.9009615286095,-131.79259034915614,26.507452320564301,8.0851097184155094,1.135057665710677
0,1.2376654965486993,40.703903241288231,516.46118206098981,3908.5669178508797,19713.225333184084,70597.76738975021,189277.40294722858,399119.85183309094,692801.08499392646,1030935.5178844407,1361677.2045357439,1643149.7135685997,1853967.0915463706,1991111.913063111,2062387.4129585195,2079462.2648063088,2053606.439256954,1993954.6807944553,1907389.4229616416,1799205.3626625601,1673921.2395032658,1535877.6758763292,1389387.0506288649,1238705.2083601586,1087952.8780824891,941071.2300934646,801736.33067674062,673312.82780991914,558765.30407176609,460614.34718465735,380853.00053464668,320913.21567523706,281596.20063510392,263055.93887938221,264751.82760345517,285455.06317855237,323234.13037331327,375492.96528147184,439006.36409699998,510014.22825276729,584348.94555892481,657651.47425698454,725696.40456500277,784910.55371770822,833215.22247463255,871436.32150305831,905756.46402687812,952053.69210435764,1043797.4131913703,1246591.175573305,1685470.6260096387,2596575.0673208456,4425170.5690241279,4954392.603503352,4499753.484907872,3134949.2107008486,1051053.7342001791,-390974.17936890566,-1195635.9481515491,-1640888.3259311498,-1876460.6349648044,-1984641.7769818853,-2011896.9267020235,-1985528.4904800686,-1922583.925498757,-1834652.4406794144,-1730449.2849689955,-1617168.9394432043,-1501163.3982181449,-1388225.9304576258,-1283658.6702533751,-1192208.7779312094,-1117936.2932948724,-1064049.8038716782,-1032736.8954026508,-1025018.1370131285,-1040633.8791684563,-1077986.8331028507,-1134131.3085443969,-1204826.9999143831,-1284635.5179976951,-1367079.1715031357,-1444835.4730538726,-1510017.859732639,-1554804.9143722325,-1572043.9725854788,-1555291.391298325,-1498548.4092463758,-1396399.8240099137,-1245493.1318212862,-1047826.4060064548,-814945.39856382878,-570512.38916017849,-347416.1213120101,-176456.20906924331,-71091.447742514691,-21387.371862539392,-4435.0744926055904,-546.34329069582964,-18.774612887574648,5.4568816715284338,1.1586184129467667
0,4.621784251734562,82.072502530591777,860.5032534369534,5889.7776531853151,27782.334104974881,94522.683885248218,242757.88741059497,492646.73562210076,825187.42283007246,1186570.1331742294,1515264.9793309432,1767748.1688319552,1927350.1863573324,1998433.6709458791,1995888.5212287467,1936750.41624525,1835689.1899644604,1703674.2203262905,1548461.6251226007,1375798.8925162475,1190574.543824841,997522.32120644581,801343.88945263869,606659.62974836119,417910.92916032346,239313.01681481436,74760.729239113542,-72212.651507768591,-198528.16496600295,-301596.8134273797,-379406.25505219912,-430548.2157379142,-454296.02878154174,-450623.38160977175,-420270.37519867101,-364752.08988805139,-286406.90173036861,-188390.81893790909,-74697.720020820227,49870.434043247646,179724.04833271139,308546.41203946201,429351.93357403652,534564.59597366396,616093.26669872634,665414.66661334352,673672.85704144766,631813.18080168241,530817.74029065424,362066.70638209971,117880.88037905662,-208188.21061312142,-623641.97126392333,-1770272.6141389108,-2843837.2294539493,-3455239.7297367291,-3264783.2015046123,-3272828.2513561519,-3278686.6443549991,-3276679.7155174855,-3260317.9576781727,-3224160.5709545617,-3164511.867292956,-3079584.9239687305,-2969461.6132013663,-2835935.876735169,-2682305.2665328868,-2513105.3725845739,-2333827.2847102215,-2150605.8578762366,-1969900.1440968025,-1798161.6221955786,-1641498.3400557858,-1505349.83297133,-1394175.1802717859,-1311189.3747734379,-1258142.2473840374,-1235180.90500933,-1240769.9641550162,-1271706.2647861089,-1323187.4836172271,-1388968.8109478871,-1461571.1366951154,-1532602.7428535649,-1593423.0034917851,-1635628.1630208744,-1650728.7606981657,-1629374.6253121579,-1561101.8133032825,-1435972.3706649467,-1249017.6696849042,-1006649.553489596,-732049.94614357117,-464511.70751095231,-247025.28765605256,-105093.17784455126,-33944.886006146175,-7843.1636501550829,-1199.7908797081477,-104.10411346044259,-1.828012630288256,0.7785907361208243
0,9.2227523220632435,133.61410010450109,1259.5262759658551,8051.5865276603217,36117.682429545603,117980.2450408117,292467.7189635401,574553.90004138136,932861.98577188433,1300479.3534481269,1608799.0463045924,1815169.8320745085,1909180.7939087902,1903069.6881375313,1818632.8499518628,1677807.8783190337,1498182.5166009036,1292183.8513581008,1068184.8405677674,832205.2881857052,589345.61751399515,344559.32412259001,102747.41801599253,-131304.95764626755,-353033.5891491081,-558141.69847982423,-742692.14159175905,-903141.13935292128,-1036423.4645904298,-1139978.5228607054,-1211829.2066282169,-1250604.9547368174,-1255619.085568473,-1226895.8792490859,-1165250.43576157,-1072321.5362218521,-950651.27344751125,-803720.50016970502,-636020.95707531052,-453092.69592088176,-261601.56227636966,-69427.732011541259,114139.86710544555,278049.64194386348,408790.20330627193,489095.49673586822,495545.28422663303,394162.38042180217,132344.88914000007,-375992.65619159309,-1277764.1849025853,-2831039.7746411478,-5497095.9533359269,-8385355.3241751716,-10113605.840303391,-9942437.353880683,-7498180.261767338,-6052735.9393802248,-5255797.8124673935,-4813092.6837870618,-4556057.1810542205,-4387696.9916913873,-4252168.1272297734,-4117749.5316108563,-3967306.4699962912,-3792853.5655298033,-3592386.0489773769,-3367925.7620030292,-3124256.133614637,-2868016.7092405665,-2607004.1645542248,-2349580.6648133271,-2104139.4938083333,-1878620.0075799206,-1680051.7138005076,-1514166.3333270433,-1385061.5360688823,-1294971.8862245621,-1244112.2266449134,-1230642.1611795791,-1250702.7589229792,-1298561.8800441772,-1366830.5307549692,-1446810.0816285054,-1529174.9587228219,-1604329.1715070696,-1661717.0286934676,-1688505.4295683124,-1668843.0642078922,-1585485.3585593626,-1425233.7760942816,-1187604.6800743327,-893421.78656074975,-587148.61229964148,-324206.47306990868,-143932.70878066885,-48983.947554412509,-12157.311272788824,-2086.6586225080332,-231.40684830233062,-14.352265792407586,-0.092681211569363653
0,14.711679142325078,191.56084250227292,1684.3810080061305,10239.586794972132,44149.737947693611,139473.81903526909,335536.00399596331,640764.69690762239,1011656.4364273649,1370223.022156894,1643484.8019480307,1791752.0823699546,1811773.1236269649,1723555.5491493572,1555165.4477720084,1332692.7525954922,1076028.667166126,798653.58141637454,509328.02881361498,214211.26440371177,-81496.906083423251,-372756.91593063157,-654624.81345087092,-922319.74372907495,-1171325.581094973,-1397430.045953298,-1596806.1656858642,-1766032.3782961874,-1902161.9203834175,-2002733.6661170486,-2065836.9812781701,-2090126.6788649617,-2074897.4600478036,-2020118.3114029814,-1926526.9350429396,-1795688.4222690773,-1630107.9192451406,-1433305.5844333484,-1209935.0484247608,-965870.18284920335,-708348.57977855462,-446146.42617870343,-189923.49329563382,47167.769789150756,248301.57430970378,390801.67805970169,442093.53267785942,352292.95586741093,40646.119349875975,-629189.5634470043,-1893954.7695578411,-4171269.0051839305,-8202246.7204172006,-12318973.57611575,-14659456.413458969,-14178194.767156824,-10436411.025335234,-8051778.3835959965,-6738583.9314598991,-6019908.5538107771,-5619742.20420748,-5378479.7949172426,-5203925.3187348172,-5043294.4655698398,-4867341.9853371382,-4661296.9527535653,-4419632.5050092004,-4142930.9250086462,-3835934.3921963032,-3506225.5039104871,-3163256.8932133638,-2817564.9271403807,-2480071.2291631857,-2161457.2439648993,-1871568.5763525001,-1618905.220535174,-1410162.9518031778,-1249909.0583196247,-1140339.8844807574,-1081191.2413088942,-1069736.740614946,-1100920.2404740804,-1167573.1827931204,-1260780.25086297,-1370574.0697011026,-1486176.7306608225,-1594964.0775442906,-1680604.8649263449,-1721763.6345284563,-1693545.7330001525,-1573716.5349401308,-1353555.8566007956,-1049934.2911181476,-711256.16401241918,-405214.60244709183,-186143.60520663299,-65933.081058733238,-17220.395792031435,-3178.209890625385,-397.50097574730648,-31.958420860811085,-1.4622624036376608
0,20.721135073526572,252.2541808400706,2110.0029361865845,12334.640758181733,51481.851745602071,158066.38578625239,370382.90056930133,689444.55606139498,1060452.9989640664,1396681.1067084682,1623369.3423193025,1705487.0385002398,1647400.2451482737,1476420.0417425546,1225999.345832943,925494.18234208471,596431.0991711067,252934.54590105597,-96055.67744985249,-444343.96083644871,-786712.55783055502,-1118138.5996040802,-1433762.0156680306,-1728947.325378702,-1999372.0749007217,-2241051.6576387556,-2450401.2681438122,-2624236.4096662859,-2759817.3509063586,-2854839.9602599661,-2907477.9819534947,-2916387.4025219525,-2880771.2950174217,-2800422.690931174,-2675830.3396290662,-2508268.5639537107,-2299940.8232099675,-2054097.2156697006,-1775187.0454340857,-1468975.5650847263,-1142701.6758598422,-805251.54167389765,-467491.1161974424,-142856.79851599174,151457.07427546923,392257.48497012543,546101.10412150098,561439.80429105239,354202.22963078954,-218370.97943471558,-1404627.8645036682,-3641003.1276929206,-7692976.9373217653,-12265464.099443598,-15159590.10582811,-15092676.046085203,-11445713.049458785,-8904465.8093124125,-7517391.9370260285,-6775489.0776488902,-6378383.0679924209,-6149890.9680615906,-5987172.989950222,-5830891.1960790372,-5647964.3489106372,-5421594.7640782725,-5145484.5502677755,-4820375.669696087,-4451911.7192740664,-4049196.8561049323,-3623726.571757447,-3188504.7585930652,-2757234.4297840586,-2343574.4015009962,-1960412.6969730705,-1619231.7629544428,-1329525.6505931215,-1098371.6624458351,-930101.51466890518,-826150.77299308497,-785021.443481619,-802397.93139428017,-871368.15628603369,-982801.97454471537,-1126065.8616770545,-1289172.549710064,-1457433.7758718454,-1611065.9964059568,-1723288.9230111204,-1761445.7379209276,-1693780.813265803,-1502336.7452098678,-1198697.0785037328,-834046.84395346476,-487971.39405291871,-230531.00039348972,-84275.512357156127,-22869.506103318785,-4438.105726161376,-596.78252844808719,-54.058025942112955,-3.2836551867301194
0,26.936557038499103,312.83164647716353,2518.5591272063975,14260.178916326837,57886.947047767673,173296.00085537336,396400.58512306859,720259.12882422504,1079907.6910157506,1382287.8152607728,1553278.368502782,1563916.670868414,1426382.5851079598,1174646.1581339079,846566.46445692983,473839.22655163379,78947.190351041267,-323748.53064058896,-725331.3105791657,-1119665.3532730283,-1501586.4744690501,-1866177.3378507353,-2208772.0514542693,-2525005.5230940259,-2810880.1605992154,-3062770.9750132654,-3277459.3590618107,-3452108.1778607769,-3584272.0918782246,-3671861.8680534088,-3713155.173613566,-3706783.9623479866,-3651783.4586550803,-3547640.4727082057,-3394410.5846665031,-3192842.3375864532,-2944556.9503164566,-2652212.2545770742,-2319686.2878461704,-1952205.5213139965,-1556471.1762187611,-1140738.9412721663,-714972.82980615913,-291124.78207727161,116171.12799767066,488164.04522780864,799040.40594129148,1010281.5628931323,1060043.921814688,843702.94856151717,178882.01541022013,-1255796.9526778485,-4024785.9217655188,-8283588.9397287546,-11689724.583022665,-12763171.135113234,-10525455.000493927,-8599314.2269264981,-7584582.1557070902,-7076645.4871430593,-6831099.3693446852,-6701488.7194785792,-6600829.0228785016,-6478382.1588571128,-6305906.8823414939,-6069543.2013659179,-5765051.7306591235,-5394938.923872469,-4966664.5004101582,-4491397.6655981597,-3983035.7171957605,-3457330.5204642881,-2931017.7700115452,-2420975.5036244066,-1943362.8208641615,-1512853.6165722837,-1141917.5310720305,-840282.96115643391,-614516.10148757731,-467813.11251916905,-399926.89030347526,-407274.7147258828,-483164.54804875329,-618193.32123609283,-800991.97747925948,-1018318.0565784272,-1253431.5075036539,-1483182.9579909327,-1675465.0091892183,-1789879.6268587417,-1784861.1171646332,-1632440.4441584095,-1337750.6858220547,-953631.72520689853,-571043.62909186061,-276241.87528902479,-103622.56036966584,-28973.089794314215,-5834.1731751716015,-823.67954609658693,-79.974846551965115,-5.4935636648625117
0,33.122337221732323,371.28783954370994,2898.5597787119073,15971.992463839222,63253.488569140449,184995.99867020195,413535.22306047165,733650.36749976303,1071475.0982236704,1329988.1279717775,1437950.8992037484,1373677.1322568296,1157210.7345345076,828464.18812477402,428705.38261750725,-8949.3055651148279,-461731.10715772462,-915448.7062141588,-1361418.4095828105,-1793670.8776187229,-2207174.1656068391,-2597205.7806963078,-2959402.4427157096,-3289790.5440657292,-3584828.3588841874,-3841383.7368846321,-4056735.5000788961,-4228513.5769138495,-4354668.7967825774,-4433399.1327935411,-4463120.3859960716,-4442424.8885788787,-4370107.2227984779,-4245211.916795711,-4067162.8847427643,-3835927.4961081934,-3552244.0461373166,-3217845.8918592711,-2835685.309967041,-2410071.9319060151,-1946739.7967997899,-1452768.5750767551,-936428.29757247842,-406923.0867755154,125800.44928609695,651088.95322969824,1157094.4191038376,1629322.1847216343,2047227.6559218913,2377283.2830377202,2559716.6406143489,2484735.2857857575,1953178.4942788924,-1414836.7507282351,-5291316.5604229942,-8015356.2492391961,-8149447.3057765178,-7411160.0371430479,-7101742.4245297685,-7020007.5006505335,-7036508.229809789,-7069118.3213442741,-7066805.651298509,-6999029.7064510891,-6849031.6763437549,-6609644.5413712719,-6280764.2825459149,-5867778.6390284868,-5380556.2989321453,-4832666.8759183604,-4240646.8122633677,-3623218.3740912587,-3000390.9159350572,-2392517.6272394313,-1819282.7191013449,-1298776.2648574088,-846623.76571816974,-475325.78336424893,-193747.52886117162,-6855.0222291740938,84380.358891327633,82875.526145878001,-4810.3626021081591,-168900.22490914501,-397197.15837435791,-675153.68336129631,-984010.69512599066,-1297379.8825151131,-1578008.1709060378,-1777866.1067821372,-1845407.9631825516,-1742005.7141006936,-1465247.8154411137,-1068466.0386825718,-653350.81891087058,-322659.16698648786,-123695.94184314672,-35435.554534538453,-7342.2118119918032,-1073.7907210188889,-109.14272894383174,-8.03645102132867
0,39.098927148957088,426.14198110640314,3241.9194196923431,17441.375851514902,67520.165491030828,193117.74913743333,421938.3028147216,730326.22185204481,1036853.6433655469,1242833.0254863265,1281984.7621211975,1140943.636912399,847568.37306463637,446967.17628768081,-17166.512292198378,-511187.24482340959,-1012692.7247897909,-1508066.2916042362,-1989079.2009755685,-2450052.9165452789,-2886180.5638685822,-3293035.09403292,-3666670.7143375254,-4003634.6232735245,-4300980.3405023087,-4556216.4530249229,-4767267.1013401709,-4932373.0470838156,-5050007.990126011,-5118758.4554746309,-5137237.3478132235,-5104002.8146680603,-5017544.8744238196,-4876326.766091343,-4678923.1824367633,-4424235.6003957987,-4111785.3612353248,-3742028.2480362863,-3316647.496678804,-2838728.4543796168,-2312771.6698163813,-1744436.4971281078,-1140018.1214812512,-505547.07206155307,154470.36539761411,838862.24520949728,1552264.8166337137,2308716.8508353899,3136896.1097280416,4088039.8510008771,5247941.7531379852,6755179.4167763768,8828043.8722325359,6602728.8082367638,2313380.9362050132,-2208994.7329119737,-5112332.6494719721,-5808201.8946232107,-6346090.6165949572,-6770877.5576140936,-7093935.9547364423,-7312897.8781294338,-7421759.6685293233,-7415418.4665807821,-7291523.7985724853,-7051133.1780431485,-6698982.5729084164,-6243587.1274318295,-5697257.7994881943,-5075952.1482525012,-4398885.7935873587,-3687889.6977989022,-2966478.1787506123,-2258771.4671126008,-1588280.4439613975,-976778.08337968239,-443242.20261418348,-3060.0726188576714,332573.42105740122,556958.76503435173,667995.06813805923,668051.48975208891,563688.15703726455,365186.750598685,85678.76306358834,-258943.44012736253,-647964.18527147197,-1051935.4431282883,-1428709.0770283982,-1722819.0130393438,-1872660.3100425398,-1828372.6719949997,-1578912.0399792523,-1176848.8178004369,-733807.80221625755,-369208.62985143019,-144251.94791951959,-42176.842205434499,-8942.5374624210745,-1343.5931474290865,-141.11137290446084,-10.869130062413646
0,44.705502858771865,476.05170998795921,3541.2308011369519,18641.884548013579,70631.126244977597,197623.62341809052,421783.29609063832,711039.23927462334,977824.50715982949,1124004.9414175865,1090155.3642797894,872100.00447695237,505358.89971419878,39461.546935470767,-480434.41975250066,-1021009.5883086182,-1560852.8804227577,-2087317.7279313819,-2592858.746645248,-3072225.871522794,-3520945.8308246708,-3935000.5931682643,-4310989.2129508015,-4646119.9235873688,-4938197.8409658149,-5185538.156746909,-5386885.5413686093,-5541264.5595719609,-5647837.1193131935,-5705717.2776656542,-5713814.9540461507,-5670690.3724780399,-5574486.5164615586,-5422944.6525698667,-5213550.5532528237,-4943807.8104547458,-4611630.4810037119,-4215793.1501383185,-3756356.0098270942,-3234933.9890778763,-2654707.2361367,-2020021.5259896964,-1335521.4206641752,-604635.72830654553,172692.0979996995,1003459.5050187258,1906800.8819712645,2922187.8277442586,4122551.6471006414,5635767.674909424,7679876.0745461276,10620829.836601445,15066920.68360283,13911046.694196081,9259155.2302684542,3104759.5463434779,-2341082.6905568466,-4340509.4739767155,-5644491.9252665816,-6524326.341560483,-7120419.7973913979,-7503482.9771873523,-7708747.734585641,-7754278.6151264952,-7650618.0322065922,-7405886.1604812862,-7028675.8363920162,-6529784.7079421654,-5923292.4786714679,-5227093.6459292434,-4462889.9797124369,-3655677.277400556,-2832730.950095416,-2022307.3672364748,-1252137.6882192006,-548012.59167498094,67507.40134411538,576044.21192881907,964081.41258070827,1223285.0491772585,1350578.0612864371,1347963.5717729928,1222183.2834640956,984187.32859362767,648157.34837553243,231359.03292846528,-243635.81816301413,-744558.13633240003,-1224697.7427708532,-1621443.9423541939,-1863153.0949706705,-1888232.0104337682,-1675919.8324272607,-1276674.2829750786,-811079.12847554265,-415193.3301776193,-165001.77550164761,-49105.228070740122,-10613.516683790989,-1629.3905218607538,-175.43048271698501,-13.950665038970731
0,49.78759605960186,519.71216908398458,3789.2139600391588,19547.349706207231,72531.534803039773,198482.49594013937,413272.52710339922,676627.28288514679,896354.21370676393,977005.86518556066,867699.29751691141,574107.26608297753,139128.49643833042,-384097.27553901123,-949883.85296132334,-1526043.4627911525,-2092737.2013074015,-2638657.998181853,-3157163.9772479641,-3643575.3477078252,-4093870.2501146225,-4504564.6207943615,-4872938.131502687,-5197014.0747081926,-5475519.4740414787,-5707765.1147560794,-5893517.3442307962,-6032797.0521136932,-6125663.1597486138,-6171952.6241922975,-6171026.7361216675,-6121539.5308066159,-6021279.6265538316,-5867137.9710790459,-5655240.9172441494,-5381295.1704934826,-5041115.7557511898,-4631291.3843989354,-4149836.8946377896,-3596667.9875906524,-2973704.0215172903,-2284414.674734517,-1532698.0853131672,-720895.9170647203,153218.71681282911,1101033.5153809856,2150091.1753443722,3355286.7700169124,4817107.3344838172,6711968.5779657131,9342600.2692826875,13221319.215562267,19205762.790433317,18711535.631394949,13723947.424929604,6415735.0649288725,-696677.37351069262,-3513005.0609864253,-5296471.2148174094,-6459359.2033281345,-7223607.5310257329,-7706103.5570350522,-7967877.7157197865,-8041097.4342218228,-7943624.8418276422,-7686962.0785656692,-7280929.3235245282,-6736646.1244597659,-6068533.5484252432,-5295508.8504224401,-4441344.4614133826,-3534231.6158186719,-2605566.9879516861,-1688280.7508489154,-814879.41923286917,-15622.507500449596,683072.88906219427,1259751.1214314057,1698651.1684822275,1989991.8526692677,2129969.5006995928,2120483.1325128209,1968701.666082338,1686445.4223798553,1289079.0775499295,795258.70145710034,229277.18605024865,-374077.53347294772,-963954.19164965325,-1471002.0600653249,-1813682.8238305892,-1918278.3417395314,-1753272.9748671809,-1365592.7770798737,-883615.58408768359,-459781.76803073817,-185595.06434112909,-56108.874925514589,-12328.930630626197,-1926.7720735452726,-211.57486968044532,-17.234203519798665
0,54.207444243385076,555.97192273325027,3979.5858888628281,20136.326656757134,73183.409858314582,195710.10197196048,396713.06431119161,628121.59267733898,794711.6227762847,805747.36064154247,620341.58828612056,254440.93235793361,-242104.69912541614,-813395.36655182193,-1414116.6902894739,-2013953.0791504532,-2595156.600546089,-3148085.517004583,-3667198.8777454472,-4148521.4906766484,-4588602.9811049327,-4984621.087739124,-5334678.1537370877,-5637773.2130330084,-5893738.7289498206,-6103085.5503333323,-6266833.4753824146,-6386250.2943455176,-6462560.4139793059,-6496587.8249416687,-6488386.4402225772,-6436877.69741173,-6339561.4978445768,-6192378.2297376888,-5989798.3275779514,-5725227.4582386892,-5391726.8591982713,-4982997.4350834992,-4494421.9299605908,-3923909.4672621577,-3272246.8379768422,-2542708.8303311351,-1739799.6261256484,-866979.38330921729,76718.811713393603,1101678.9845539189,2235132.4327823813,3532957.0184807628,5098942.8777822247,7117032.9724190375,9905176.0052597579,14004826.036172813,20328627.993126046,19882513.121412713,14614343.283865402,6861762.6126322364,-708999.66534032393,-3647809.0051366482,-5496332.6922111157,-6693281.6702441741,-7474606.5351418192,-7964261.1343691628,-8226461.1991609512,-8294186.0722584566,-8184450.5249259761,-7906721.66178801,-7468141.6102128457,-6877206.1335337432,-6146529.1111236457,-5294691.4450568827,-4346965.4021125827,-3334859.8378954683,-2294516.1473022974,-1264396.6050251999,-282623.33456092305,615447.70663688227,1399211.8889488075,2044101.7702475383,2532302.5846856008,2852917.8274697443,3001801.171874085,2981124.8478236808,2798809.905093981,2467800.8874276709,2004797.570967735,1429858.7003902914,768829.41098126164,58654.929990872304,-646184.83150709537,-1270125.2142584538,-1722026.5147323254,-1915804.9222396081,-1808252.277052654,-1441319.8076524921,-949834.13759448263,-502093.18817078718,-205651.15223639095,-63064.206066199295,-14059.517846660563,-2230.7923538661407,-248.95526415966913,-20.667219510298985
0,57.850491512717227,583.90417594635153,4107.5885626927584,20394.770164762806,72575.004839431174,189392.19205504956,372557.47789459338,566796.96027614677,675503.85006465111,614539.14234042936,354206.66741577763,-79092.334067213073,-629127.5621563684,-1238118.0919335515,-1861972.6028598214,-2472908.3785866201,-3055711.1426799046,-3602674.5279151574,-4109522.5586277596,-4573103.5135032712,-4990651.9349661293,-5360132.6164493458,-5680609.6959296297,-5952219.5775545239,-6176083.9278302826,-6354131.4352617878,-6488888.1279444797,-6583164.731014817,-6639682.7083664704,-6660615.0721786786,-6647066.0584901022,-6598536.701843489,-6512424.229704327,-6383697.7655637413,-6204853.9092855426,-5966353.9110042974,-5657579.5583883189,-5268303.366887453,-4790356.8453653157,-4219116.5501530403,-3554314.8000028902,-2799850.4856359567,-1962460.7797641992,-1049271.3405044952,-64349.818343278013,995945.30985511676,2149373.4879715084,3437609.1104356111,4942077.5188526697,6810545.1373197697,9301478.3792209178,12856896.031488936,18219112.341021575,17141514.378370523,11675012.966421673,4250106.3999210801,-2488593.7549403766,-4812217.104632074,-6285973.937509994,-7252353.9195714528,-7889834.2569892183,-8288334.3649389111,-8491691.455356434,-8519910.3762859516,-8380555.177028642,-8075063.3244509296,-7603238.6424930282,-6967188.6524259569,-6174860.9188833972,-5242714.3193035293,-4196893.2199632907,-3072645.4447474568,-1912005.146162272,-760406.72139102127,337105.3716290865,1339187.0357676023,2210673.9803116303,2923971.0249791243,3459610.611284805,3806135.0276105353,3959639.1741113123,3923092.4677068526,3705593.6011819765,3321517.1511548678,2789070.4039997035,2129715.1662724745,1370647.5262708396,550549.12880927383,-273072.26510170585,-1019092.0302522512,-1587228.8862534582,-1878980.2003850387,-1838656.8889761046,-1501815.669538453,-1008230.1805128538,-541253.36805875855,-224780.08679893013,-69841.607502358078,-15774.030960014705,-2536.0959100892046,-286.9263443409273,-24.191588602555125
0,60.628722827523056,602.84241256652399,4170.2472397569181,20317.306277508178,70725.05894093361,179694.080385754,341417.33136245678,494178.90954228799,541657.2203478741,408020.34158892848,75681.752808672303,-418565.33522948378,-1012811.197097998,-1648284.8113293734,-2282904.663818385,-2891988.9052030034,-3463214.042874251,-3991015.2233388801,-4472505.6784926131,-4905453.357431761,-5287877.8835947122,-5618644.0113120358,-5897905.2091308311,-6127082.3533518184,-6308761.7888943162,-6446504.7073485255,-6544612.0166894654,-6607767.3281893507,-6640596.5537130153,-6647097.4063887559,-6629953.9564370038,-6589763.5882846583,-6524229.1251265109,-6427488.1585598299,-6289778.6963081211,-6097785.4834725531,-5835872.5263182446,-5488261.6410568943,-5041730.3234261367,-4488160.963853674,-3826139.2207000959,-3061076.9423884545,-2203752.2156807403,-1267554.6984954644,-265018.00428056705,796027.1330129134,1916658.151770303,3112427.4865884436,4422016.0199001748,5922028.0428838562,7751805.3199740937,10153151.909266267,13529731.006305771,11258849.319591194,5643258.5123585742,-848131.70032069553,-5692867.1907025343,-6802729.6680912534,-7545793.4684272893,-8066120.8789739413,-8427111.670948334,-8652536.1358443107,-8748076.1989734229,-8710557.0073989742,-8531401.736481335,-8198622.6687169746,-7699688.111050996,-7025715.7438118067,-6176265.3349913359,-5163381.7931377655,-4013524.4101333432,-2766726.0522452961,-1473035.9317914518,-187301.89939859047,1036447.3304254845,2149635.2509417636,3112186.5817955816,3893838.3325306172,4474238.8327136096,4842279.929635562,4995156.6667795032,4937348.8196378164,4679661.2362765614,4238250.9227542784,3633005.5226937393,2886766.5789401694,2027835.602095868,1096152.1107013363,151565.7982330352,-720016.79770886153,-1409809.0005377335,-1807051.0716827754,-1842980.9709472253,-1545417.5886696917,-1057459.6134113683,-576435.1722033727,-242597.80660620402,-76309.527029914796,-17439.996842769149,-2837.0087571009526,-324.79317264032983,-27.743734369953778
0,62.482300033108778,612.39625608829692,4166.4726814892929,19907.65655098161,67683.814604714164,166861.26736109983,304058.21103063528,412021.33893082163,396360.86209042399,191053.42479224497,-208747.32903545414,-756152.42399925215,-1384382.9059136936,-2034560.5841985075,-2667319.9717020961,-3261546.109284671,-3808070.8924495648,-4303609.0344233485,-4746742.562203099,-5136227.2633622997,-5470946.8476616768,-5750757.600442145,-5977004.4057968287,-6152512.8129011756,-6281481.3812387651,-6369299.161799253,-6422299.6392062921,-6447392.1184310922,-6451577.0987562397,-6441291.2441126984,-6421547.2130706003,-6394875.738393127,-6360063.7453186959,-6310904.0357794724,-6235241.2458357681,-6114954.3624592293,-5927406.4245206723,-5648684.4135038368,-5257989.2646380384,-4742002.3178652534,-4097779.9165268485,-3333287.3706403603,-2465464.7487606984,-1516600.7718153549,-510355.35489896522,531339.69739661517,1589663.3038024351,2648786.4690487259,3694982.9037832129,4716175.2783696195,5702242.4727683356,6644712.8274735427,7531879.5926062325,3829550.9443733306,-1893795.4565140728,-7161846.5127081918,-9594998.9075630847,-9195008.630865138,-9026779.4307422824,-8986988.5827501658,-8996903.1810289621,-9000658.6630706936,-8959719.2284795921,-8844752.4089912158,-8628292.6339229867,-8280958.0403023483,-7772518.7130148662,-7077183.0523797162,-6180985.9998001503,-5088474.1764514633,-3826070.7964125406,-2440819.0847135331,-994644.70599009388,444025.58043644275,1808929.4787946492,3042580.0228070985,4099867.7032463318,4948803.9847639231,5569580.0137709277,5952891.5542237265,6098270.3665345851,6012629.6950904559,5709101.9044850664,5205987.4326236155,4524995.3080450464,3690267.0947300363,2730904.3898361623,1687561.2629143409,621666.32115198113,-376986.0261769286,-1191914.503316435,-1700498.7563061831,-1820551.5211656324,-1570944.1117986033,-1096404.6270109713,-606891.74503848364,-258738.98168068414,-82338.121286664449,-19024.44930310057,-3127.6394525184369,-361.82053395107056,-31.255214337903322
0,63.380015950311737,612.45375645386753,4097.0566065823177,19178.480346785589,63531.801353501127,151213.87942476009,261382.05935064729,322264.28099930688,242986.26418960508,-31403.797424729702,-492673.58708681469,-1084350.4357515045,-1735681.8711547728,-2388535.6897347327,-3006875.9801525017,-3573510.5185679724,-4082596.4647468138,-4533195.4959315155,-4925391.150225834,-5258962.8818762694,-5533709.5151223335,-5750539.3715607151,-5912052.9190258924,-6022555.2445504274,-6087955.4524338022,-6115611.9444636414,-6114106.0264426116,-6092904.844288026,-6061891.8340519918,-6030683.5566740129,-6007649.2310311012,-5998543.6340949601,-6004651.3450814858,-6020584.2250011144,-6032125.0629893942,-6015177.0790225985,-5937146.9352280293,-5761752.7022852125,-5456330.8077504225,-4999377.4680006662,-4385664.7936822381,-3627243.8827728038,-2750245.3808846134,-1789031.7344005262,-780372.53594239149,239742.46191662189,1234714.3094906984,2160890.4831753294,2956252.3712912584,3524240.0142049603,3709934.9846927309,3260283.2781669353,1749983.0184095625,-3260482.5613530702,-9064653.7806555405,-13168282.472991444,-13294813.242735235,-11460483.487328542,-10419258.857466621,-9831211.1098776702,-9485994.5434592925,-9258600.4281694721,-9075846.8438150324,-8889134.8803273421,-8654670.7297977768,-8323257.0961490273,-7840383.8558998927,-7154748.3764925376,-6231033.9114070423,-5061724.2107654056,-3673245.2685279041,-2124021.2651900891,-494841.84842073295,1125146.6183705376,2652321.5597215965,4018204.059742732,5173257.5985638397,6085919.5268175174,6739482.2177292863,7128715.5233276272,7257187.3826118335,7135368.9523496991,6779368.4241713779,6209932.1407908006,5450631.4375063395,4526727.6716872603,3467727.0509363795,2314383.0278318264,1128867.8001498373,3869.2338525414079,-937413.80869949947,-1561141.1978627609,-1771626.0121460792,-1577773.6255154202,-1124225.8083776201,-631984.22353724204,-272868.40074128035,-87802.737174558933,-20494.696367907178,-3401.9983995741113,-397.24588094769661,-34.65376167656089
0,63.318760540595243,603.17282060129696,3964.5846553715514,18150.779837276739,58376.983146930826,133136.70750341075,214400.84233742359,226979.0836088614,84993.632157758038,-254434.64332185235,-769944.44315582397,-1396185.5431990144,-2059386.2974970299,-2702965.7053319858,-3294725.7487486801,-3821640.410220156,-4281265.680689225,-4675008.5755917691,-5004439.5544112986,-5270362.5678119175,-5473510.0759873893,-5615862.6667693472,-5701289.9106942602,-5735586.5339773847,-5726390.480767657,-5683077.94240849,-5616591.645045599,-5539202.2273328602,-5464140.7448020112,-5405023.1402091729,-5374887.7310950942,-5384624.991315702,-5440442.807621805,-5540255.911003815,-5669273.9594128886,-5796447.0373740746,-5874762.1166388281,-5848446.5810734527,-5665497.9298512666,-5291032.3155571334,-4716329.2987683685,-3960376.9374294309,-3063800.1779593891,-2078134.6688996782,-1055417.8658307337,-43047.439189919052,912700.89824708411,1753611.2802010626,2387763.6350115887,2659714.5601002132,2309105.7488800911,905632.05427280476,-2265501.0967245288,-8139632.0847480251,-14024119.330985989,-17367169.231391449,-15933282.495999524,-13105571.139188882,-11439472.282738855,-10431428.505433828,-9787666.4355787057,-9349572.1561470944,-9036393.1998085398,-8798753.0660221297,-8585075.3806672245,-8324646.0603249874,-7928680.034335671,-7306230.6265088338,-6387558.4766203435,-5145685.0989277773,-3607754.8540990441,-1851890.2687699574,9582.3396666441386,1854396.5475252559,3573480.869908283,5085218.901502355,6338194.324592229,7305827.8777541565,7978973.1597517878,8359863.8131150967,8458290.6058222763,8289488.5398077779,7873077.1141745308,7232359.3729936844,6392615.4905266762,5379877.3205399066,4223537.1655465849,2963747.7649884769,1662526.0670570177,414374.90425765811,-651915.89181614446,-1392173.5461434135,-1697444.1045928865,-1565894.107897361,-1140399.5997689043,-651203.74449717335,-284690.84854395478,-92587.200785768335,-21819.110639139548,-3654.1322397063082,-430.29534540914727,-37.864714148244964
0,62.32206801026723,584.96307391042012,3773.2802826948832,16852.957006189547,52350.674036500772,113066.15768090551,164204.70921048187,128306.72140875284,-74166.784123583901,-473298.96367960458,-1034827.0859675562,-1685397.0899933553,-2349206.1481595719,-2971962.2662899191,-3525703.1728557418,-4001697.6243369803,-4400882.888873321,-4726943.4836589592,-4982877.6338253981,-5170480.2640158962,-5291399.5458807219,-5348663.1226086123,-5347359.6687051067,-5294699.5801857524,-5199955.6664301809,-5074424.7598565184,-4931347.5298348516,-4785840.5899283048,-4654764.1314053265,-4556468.1434145495,-4510160.5857620146,-4534483.2948391838,-4644523.9826202663,-4846415.9360116897,-5129025.8460609214,-5454619.1376638766,-5754951.3609339148,-5942317.8345779581,-5931987.9749008752,-5666487.8575637834,-5131873.3657133747,-4359875.5590858301,-3415940.0367553663,-2378596.5900478875,-1319401.0036064177,-292499.10748600954,660638.49898148479,1490461.1562848934,2106130.801880864,2334456.9850098444,1870511.5894595648,207979.26759902493,-3481851.7828250783,-9552443.0705645997,-15519517.606628306,-18743478.361780457,-16940206.67471892,-13815613.846029421,-11917342.728291757,-10689884.19596548,-9831239.7113270871,-9206624.3389296066,-8773082.0185929965,-8512275.5903336164,-8379849.6742855432,-8280629.9782478698,-8073879.0524107656,-7603953.4205716141,-6743608.2182554184,-5433633.7818837808,-3703847.8602263718,-1667734.5080599464,507604.96509107668,2644852.1220446522,4596635.395884593,6267243.578948305,7610654.7774439929,8614517.7863347493,9284694.3355452549,9635602.9057647474,9685710.6855894346,9455990.3161855061,8969707.7726290803,8252441.5410330808,7330696.4145333366,6230682.7506263098,4980999.3999408297,3620407.8305006064,2209816.9233397432,844403.98901129654,-342707.05790521653,-1198137.6286384258,-1600226.3815413227,-1535919.4595125369,-1144738.5538948404,-664186.5889606555,-293959.02200319502,-96586.764773920571,-22967.904195629431,-3878.2660817050637,-460.20185680716173,-40.812734923647724
0,60.437776709931143,558.45896175211419,3528.7890308243,15319.589830158973,45602.538427766172,91475.147904313475,111927.11591325729,28393.894477974296,-231151.36470195762,-683558.47730020422,-1282152.0976103437,-1946588.2998953222,-2600028.1190735414,-3191126.8256501472,-3696438.8914953261,-4111547.9979587728,-4440668.4304495808,-4689636.2357142428,-4862778.2972487668,-4962814.567193714,-4992256.0313217444,-4955101.8391071996,-4857540.2154442705,-4708022.0613261238,-4517219.9284770116,-4298056.2927935226,-4065734.3550923956,-3837905.1942438353,-3634912.826671693,-3480163.2653114982,-3400342.6533905077,-3424970.1996878735,-3583937.7868657578,-3900766.4876588485,-4378420.3537984323,-4977276.6833092049,-5597130.9389677802,-6095654.7737753848,-6330651.562618129,-6205371.403538201,-5698282.0928577334,-4865770.5526408283,-3818648.047474327,-2682236.3971458399,-1557366.2255451991,-499112.62694144523,478060.18779311766,1367896.1814655876,2122556.5605708482,2599363.5660367105,2512510.2932306551,1383847.3274014853,-1538524.3838038528,-7011732.7281770296,-13088468.879000161,-17000535.102702439,-16191557.626886541,-13558121.218584739,-11865246.771368753,-10622184.229526574,-9604569.1479334813,-8776827.9955596458,-8200125.2433700962,-7936297.0722499387,-7971104.4041649923,-8177471.8787965821,-8329669.9350563139,-8161594.0739691816,-7446635.9788747346,-6070594.4587730439,-4070226.9541243128,-1623878.1421896489,1003372.9663286918,3539364.9944252227,5777666.4402096421,7612341.3020193828,9021325.5356758237,10024528.658504698,10654440.738167418,10943354.248780195,10920370.834042719,10612257.175684821,10045197.232695302,9246084.2527333312,8241682.7403650861,7057472.5204994157,5720398.2195170224,4266953.1218775799,2755953.0382438451,1282072.607739849,-18592.257934601759,-984811.94439133164,-1483113.7503894458,-1489067.8506328173,-1137391.6329943985,-670721.09575827455,-300478.93276664102,-99710.535661512084,-23913.843719045311,-4068.945531916916,-486.22433950497549,-43.423726656752983
0,57.734840365051319,524.48487391483582,3237.9117329355549,13589.986428494083,38294.948152739664,68856.844757014507,58709.064366232742,-70669.269639885286,-382812.36538958759,-881185.70759153832,-1507430.2000524073,-2175336.436787501,-2808010.3559511118,-3357620.2476959662,-3805405.6017658701,-4151180.7103850879,-4402258.0928093223,-4566447.9727129545,-4649274.0284816287,-4654288.5728598088,-4584779.9752454953,-4445597.5877192011,-4243837.6278740941,-3988911.8511616355,-3692500.2985894647,-3368620.2844048524,-3033746.2407884812,-2707218.8616158897,-2411961.9230684196,-2175760.2156503154,-2033029.7208611707,-2026798.2306504732,-2209321.6833945564,-2637188.2487521898,-3351551.2517994954,-4330522.7633861033,-5423501.7257245332,-6389999.1712006377,-6983524.2615753077,-7037209.5874562385,-6518938.411523452,-5533687.9055490047,-4278237.5849477835,-2964171.1825160524,-1742635.1947751499,-663322.36518154887,320606.32004364103,1298088.4516287295,2319036.9745286782,3318930.2577769924,4074648.4179852521,4200806.6243889602,3151063.5295366053,-1078361.7467826349,-7316805.7338575702,-12655175.015740508,-14061037.607312465,-12628081.923531169,-11519838.532835379,-10388653.596464841,-9166743.9572940301,-8011954.87566509,-7186768.3005374894,-6909889.3466003649,-7232559.7869996252,-7978935.2862002356,-8776279.4920190815,-9163865.7522067688,-8738962.0113322902,-7291159.4313962171,-4872651.0476116017,-1782223.0658778946,1535650.2788319548,4639544.7754367329,7228951.4222681802,9206389.7079625186,10619533.168971241,11554010.176231293,12084674.435009293,12266310.090542533,12138250.671415946,11731010.68173098,11071448.772237988,10185825.432920845,9099586.6726134494,7836222.9848163528,6419991.1671564346,4884184.5527289156,3284543.6735467566,1714062.7225101378,310370.93254114024,-759015.09630441631,-1350043.1958062979,-1427099.1866269233,-1118822.622625317,-670745.28400380502,-304112.33591927332,-101883.2260453522,-24632.866512823741,-4221.1712777566308,-507.66704532538722,-45.626847017849542
0,54.29935314572046,484.01322088996164,2908.295483724411,11706.573309762849,30596.940816736591,45707.986208102899,5664.1293948348202,-166906.8725224543,-526275.24397543119,-1062650.3692955582,-1706932.9335800947,-2368255.7092072498,-2970616.1419792608,-3470166.4632673105,-3852887.6176852323,-4122649.4309905553,-4289616.2388569927,-4363354.5517072808,-4350426.6406031353,-4255105.2276642947,-4081349.0621050177,-3834699.5416802461,-3522909.7807396031,-3155978.7466435884,-2746058.7003817772,-2307497.8576890104,-1856956.8889671655,-1413953.3324406084,-1001963.2133169266,-650674.1291998825,-399836.56258926046,-305476.4340496342,-448256.441325953,-940233.34849249711,-1912563.4393169431,-3430582.0604902189,-5253494.5117419967,-6954870.68953628,-8094265.1288420921,-8377058.2234959146,-7757712.0369158993,-6436728.5043081595,-4776282.7304390734,-3151601.8046793104,-1805960.732331983,-777259.74395658134,100204.67218336251,1095620.8115485474,2435469.8396111806,4178411.6951389504,6163626.8328983905,8082729.5467909174,9641678.3169216029,7064475.8372238446,574153.75372985203,-6782828.6441875696,-11337634.470505694,-11634248.277314715,-11365440.739330087,-10322471.501280945,-8654519.2945555709,-6841034.6305269515,-5500084.6768442169,-5134417.8405659636,-5920233.0340644391,-7599046.2331582578,-9535520.4745860435,-10919878.222029448,-11031426.04166406,-9488518.5314573962,-6374365.0821193606,-2212595.1852447256,2218141.7074405854,6163265.6052490426,9163086.0394878574,11188841.634993019,12472199.895964522,13220295.083928514,13564289.635782633,13579006.81935058,13307750.06436966,12778994.402858315,12015880.700625191,11040903.753458055,9875986.3537111934,8541066.8665144332,7056574.7690979047,5451679.575967337,3778123.7985756951,2126087.7644005176,633255.09637802851,-528319.13519827265,-1205559.0491284237,-1352211.4742020157,-1089766.3694151188,-664334.84931782063,-304775.96587093052,-103046.138340901,-25104.569969141059,-4330.5206410775372,-523.89824065218886,-47.356545137596129
0,50.229877323128335,438.11654301392826,2548.0913490697453,9713.1690397134844,22677.986089493479,22512.401094897807,-46154.359919371673,-258507.95368791549,-659000.66666981613,-1224979.3243197019,-1877735.646867825,-2523009.4775188612,-3086590.7237856658,-3528987.778971314,-3840879.7547941026,-4029932.2430708581,-4108860.2597394134,-4088732.2272460097,-3976972.7807177971,-3778454.4227680443,-3497694.7683039862,-3140756.5269767498,-2715757.0199223869,-2232848.386231144,-1704029.2583172719,-1143053.4913298311,-565363.86145911191,11508.504921135496,566858.37032943196,1074102.379115954,1495284.2473239526,1770096.0420952716,1795012.4937963013,1385972.2952079431,227935.70486127766,-2083065.5485665642,-5091254.153779692,-8002271.4092612891,-10012316.822750384,-10590393.641589919,-9679607.6938319281,-7664948.2870498607,-5228809.1542391041,-3060760.2189913117,-1572908.7609756752,-787048.68924333935,-312752.71972062986,453502.32245017844,2047175.9219790895,4704532.0717647783,8251897.0455227457,12281811.892290628,16582068.866690442,15668925.938275844,8788477.2532479018,-910096.99824055645,-9105090.1007971372,-11460529.883208444,-12173471.889392916,-10982420.534670359,-8294680.1686983565,-5119020.8308948595,-2698175.1800754825,-2041213.1366863039,-3559627.9774862672,-6848779.9836193612,-10795513.557075469,-13959826.708877329,-15037881.456647487,-13341494.172305807,-9009919.3901082873,-2986199.6459225351,3322817.2283723317,8563213.0748023503,11971131.294154644,13760275.146995941,14646276.891398573,15022101.697801443,15062696.75342783,14840664.877978629,14386464.364929438,13715746.44199712,12841281.893827325,11777675.311820019,10540709.348449826,9145085.3136400804,7606294.9727733992,5948569.3625643831,4218862.5097182393,2503506.9945652587,938763.03485134756,-300675.26496610598,-1054563.6501163472,-1266899.4379476861,-1051164.7159431844,-651682.22448227706,-302437.72069423413,-103157.37898974717,-25312.564213690504,-4393.2527988957836,-534.36767740725941,-48.554552005564176
0,45.632180766738713,387.9147903253197,2165.5871905165618,7653.1865708550731,14701.717899301459,-274.86427150768685,-95783.183326160521,-343868.876838658,-778829.41365370515,-1365787.7401870124,-2017717.9316482281,-2638269.7705532988,-3155872.1326705846,-3535671.4104645988,-3772907.0898377961,-3878710.283898924,-3867991.9485609769,-3753037.9225470889,-3541942.6412696689,-3240062.4976380635,-2852388.4514468717,-2385363.9159735246,-1847151.5595397693,-1247605.5209736642,-597951.30412058136,89576.400794260073,802239.23460873449,1526979.5760446989,2250123.1923804255,2955582.5267772437,3620148.4599935529,4201846.4553838503,4611700.789904329,4639172.8670763057,3725613.5407587029,141589.88171364565,-4903262.3365940349,-9891829.5594778731,-13353910.270906014,-14310741.892342946,-12723504.614191128,-9318437.6215081736,-5402045.5659574308,-2275476.9383848249,-642247.48321969039,-523733.00228095008,-1095125.9449759745,-1121382.7136801046,488698.36471717816,4263860.1486051371,9836371.4989583436,16250143.26295618,22745168.393922593,23051795.714497998,15647393.481074415,3624835.7973373695,-8343487.0991600798,-13206059.806101669,-15125400.732693585,-13286020.963350156,-8445287.1733964328,-2539945.37636093,2062283.5443626079,3454868.1201395695,767005.12597132521,-5333555.1668086164,-12849836.652366281,-19210614.911563184,-22019363.286609396,-20049174.100264918,-13522405.902515994,-4161643.5288324472,5448827.9902778696,12784348.010054102,16367885.432053698,17135815.325597893,17148628.003176518,16903226.663710557,16512204.078038508,15987722.673579123,15318607.815070229,14493244.719152128,13506425.774028491,12360612.886252917,11062954.518838178,9621430.9889583979,8045716.4669872383,6354523.1610268876,4589440.3505162811,2832074.7649705382,1215831.8485953193,-83964.558283096718,-902018.02378178481,-1173782.9733512488,-1004086.4813926481,-633068.56976552075,-297110.3606690655,-102191.41391902522,-25244.69856295213,-4406.3970930127089,-538.62252038813358,-49.171772954029123
0,40.613500198030252,334.51884882449065,1768.8223643947802,5567.7928574565431,6819.7140907790235,-22242.647441746813,-142375.8902338238,-421627.19159826898,-884009.77375747869,-1483280.9760709172,-2125522.8641099627,-2713621.7260354902,-3179441.1115952837,-3492962.9995259461,-3653770.9540678752,-3676062.3364339005,-3576541.9373270222,-3368390.214386398,-3060160.2283507409,-2657585.5179891111,-2166120.0798151768,-1592583.8344637332,-944790.94013853336,-231863.202010932,536228.18313879136,1349453.5511520014,2198939.5986150433,3078228.4456104166,3984679.3848542017,4920419.109568743,5892422.1418434754,6910113.1124965884,7978718.6707706731,9089562.8717046231,10242042.7244922,4122306.4882891476,-4593299.0485654948,-13253053.016188495,-19234349.127868332,-20647706.298331775,-17635556.376938175,-11484862.762825528,-4737928.7309915964,76954.529888272591,1851311.6503509423,421133.96914129134,-2502434.2108879797,-4466344.7476790622,-3368989.4043964557,1946889.1228313192,10602301.931069411,20264930.106598716,27282716.565161373,27660570.715709582,19870037.148895863,6278927.6897337344,-7820248.0164186247,-18268780.9835601,-22199154.830634441,-18828578.490187716,-9700768.9547253624,1514277.64843156,10367406.044065788,13415867.436461475,8821975.2280007657,-2259988.0552594056,-16152242.005663605,-28318050.40993952,-34220115.477369994,-31765223.268268116,-21221467.870308239,-5768656.2929313062,9844669.0678202603,20864353.726182204,23687157.375376135,21262605.730594005,19782524.549723938,18700817.78319009,17792209.955178812,16930365.989957847,16035514.435782121,15057563.203131236,13967940.968184553,12754094.654648179,11412917.140146393,9944784.3086640928,8353121.6093721753,6650899.7075602617,4874052.3964680526,3098786.0373153496,1454308.1493444967,114500.78956530069,-752611.24026218278,-1075417.7363103961,-949638.33137271262,-608831.71202332643,-288843.70863320393,-100138.18955453391,-24893.194060232585,-4367.8266991336377,-536.32165787372969,-49.170046085327002
0,35.276448226340904,278.97122701731672,1365.1885313689288,3494.0348088769265,-834.69093231521629,-43038.173437115831,-185226.86869649636,-490688.15657507814,-973209.35447402357,-1576228.9932006435,-2200473.8188905627,-2749413.5996276978,-3159100.4967168323,-3404485.8770137606,-3489210.2543940102,-3430079.9726348626,-3245134.414771541,-2948078.3109518234,-2547662.8371798531,-2049874.1556335667,-1460741.6980377324,-787977.45535454596,-38228.410777085941,780519.17907402338,1659737.1337674074,2591775.5697907554,3571997.5440199324,4601441.5642468743,5690535.1693825303,6863917.5473824283,8167369.8799510142,9677854.7325954363,11519800.335786296,13894544.043512506,17140169.520166494,10105175.35362279,-1059152.5625237918,-12445367.257600855,-20300686.367368437,-21842952.030793291,-17267346.91428031,-8548213.7799965106,647415.06805829448,6557548.5264221095,7477509.3801706629,3272289.2633897136,-3517931.5185364033,-9203920.8328537568,-10434247.660611469,-5354176.6814427441,4889873.2759021381,17040199.410585191,26202306.222157829,28029341.660728559,20802674.805059221,6488972.6800925527,-9672331.5938173439,-22219302.590420205,-26735408.228615075,-21763787.535560854,-9050375.0061379746,6727142.1707822504,19516416.538890183,24482283.861016266,19127521.347823013,4805648.672187157,-13711098.103325168,-30285349.334731542,-38770077.973199494,-36380055.802911244,-23452073.469474968,-4369062.0083513735,14518557.703091072,26888191.595487073,28484292.165397141,24570863.837582905,21961048.918752469,20131517.661503389,18737973.932987612,17561151.357756998,16461952.134970708,15353423.684880204,14183700.448373383,12925020.896989636,11563881.619793758,10093078.319648562,8509966.3188852593,6821990.9635198042,5059466.3407671181,3292754.3036619327,1645641.8464086023,288485.50109584531,-610426.1945274946,-974104.97033804422,-888875.65265949431,-579333.99944096687,-277716.67443693441,-97002.13537284224,-24254.732405789822,-4276.3223770261002,-527.24854715387971,-48.523744888125677
0,29.71269193702501,222.18468392551469,961.01806869179984,1462.916950342114,-8152.6974569728736,-62381.540486486032,-223794.39399617599,-550247.01941657613,-1045515.3777575286,-1643917.4801614115,-2242453.4606754356,-2746550.4190163049,-3097188.1350805634,-3274379.3632839927,-3285486.2047602138,-3149407.0371315661,-2884998.3593538674,-2506042.9816087666,-2021128.4993213036,-1436198.8628419298,-757894.91278580483,2433.8018188352562,842279.59087496402,1754955.6222581333,2733055.0393800028,3770758.1272204979,4866899.0688090054,6029073.1557799848,7279702.6975775035,8664739.3080374096,10267184.263693839,12228325.176807163,14782427.621135497,18313066.795947544,23442058.417145748,16123940.321635542,3470052.8795574158,-9572209.3771006148,-18348409.413899451,-19475089.884701245,-13086672.820284845,-1948163.4494695086,9230288.4817580283,15675954.035979398,14994394.698582824,7239897.4086412266,-4256143.0244109984,-14693804.648527211,-19394629.514240466,-15810781.318159906,-5066443.0109061496,9057380.2056876216,20723659.234567326,24877623.076018006,19256316.91812681,5478652.6246093493,-11204155.391917419,-24544291.222496815,-29082292.37032672,-22718577.766849633,-7211723.5661175093,12179462.643717898,28355244.420527201,35326173.745478466,30160881.568403106,14169052.816782322,-7252909.927986267,-26828872.218731746,-37411435.78703253,-35582840.096958071,-21729898.109796949,-966555.87279115699,19340223.608751878,31787570.831971135,31850739.302613821,26794863.437168602,23360609.26998372,20965814.689308409,19197425.951758604,17778313.638533197,16527882.279448599,15331111.928840287,14117334.274638278,12845985.069369029,11494579.559760595,10049335.881041283,8502363.8825918622,6856247.4970808085,5136038.7852514777,3406039.1732110912,1783530.7372824189,433297.5555934576,-478636.55624267616,-871721.45254052593,-822724.17487586895,-544934.62312668492,-263830.60604836821,-92801.410812079383,-23330.561069156036,-4131.6323961299495,-511.32288272945203,-47.221212996701617
0,23.996577670772627,164.87973390902064,561.16017212191116,-502.6041056598628,-15056.696112645113,-80081.25173910326,-257725.5245056946,-599812.51002934424,-1100431.6844851982,-1686084.7047132088,-2251750.3784854542,-2706236.7655158131,-2996215.765922694,-3106856.4483972709,-3048877.9246482351,-2842706.7750563063,-2507427.0665068245,-2056373.6719785978,-1497470.5712454524,-835856.80858977791,-76319.644179626586,752798.965346882,1666730.6322327622,2657660.6668534572,3718206.6750103268,4843053.8279008828,6032539.2944380734,7297917.6877310639,8669306.9957479909,10207271.088171143,12020959.150145933,14296832.689181294,17345529.239950679,21677280.10627868,28120175.22068974,20755279.64078521,7206938.7035218515,-6751930.654131786,-15727349.196439354,-16004647.786951296,-7696219.8237234885,5716839.7556521017,18647737.519315109,25444300.088996083,23049822.890992966,11777405.404247653,-4421056.5504768305,-19755974.174769748,-28327911.103651304,-26925240.72647294,-16363979.836852554,-728501.8585193312,13454659.340385163,20398067.581181325,17107085.889701799,4806750.5345054064,-11461643.558288692,-24998174.427052282,-29686909.457698509,-22777180.097846951,-5837249.2921678443,15658326.864002282,34212812.813943014,43049359.110836461,38885698.03238038,22823157.723281957,462684.84016794921,-20407357.392949708,-32271739.747773394,-31148556.813764613,-17475278.497157019,3301729.5366407195,23416317.783271618,34978157.512935996,33412772.254841022,27670628.459341694,23759755.29301627,21038522.180289172,19055083.848466225,17502908.137341656,16179389.546608344,14953465.304500286,13742852.19782331,12498463.232468495,11191491.032258129,9803402.0649572611,8322436.542790656,6747358.6298241029,5098583.8961011218,3434334.3921432896,1864443.1342463624,546157.44054154283,-359272.61197470676,-769591.89942969743,-751923.52362471609,-505970.98242044152,-247305.43401204052,-87567.744279401377,-22126.671445123611,-3934.5344290635899,-488.61136195449825,-45.266019923132518
0,18.179019066950211,107.52295968854675,168.54816504528748,-2389.7469271086329,-21507.646907055881,-96052.360535061045,-286887.28203603724,-639240.58783486113,-1137885.7270208444,-1702859.2597244298,-2228887.3975996408,-2629671.9434461151,-2858437.7978776549,-2905667.74469809,-2785087.1846467797,-2518039.3509110315,-2123169.5197870987,-1612769.0034709009,-993710.60159974534,-270480.38941847801,551803.68172275426,1435256.9360946799,2405856.2285283348,3456960.6517211995,4580866.4467517696,5771053.7265540278,7026398.9674584176,8357333.5428621154,9794910.4601754975,11403672.544609807,13301287.798262542,15689200.576184915,18902598.906952091,23492530.5875405,30363660.328342192,22775296.495501425,8558501.851513328,-5912974.5101255318,-14728598.044330485,-14003584.437406363,-3880235.2158708675,11555137.231953789,26085195.107744124,33419203.672233205,29933075.149838541,16063432.591171959,-3822905.047250703,-23109193.751377948,-35019149.12888132,-35778098.771837533,-25722886.559365325,-9092123.4734399728,7273631.3830889007,16971681.329217564,16218482.976877833,5772167.0657207686,-9753644.3436111454,-23481607.42358993,-28968284.493699733,-22835301.143124081,-6285453.0215660855,15377505.446782745,34871011.076648206,45092784.0576315,42493906.473525383,27836955.398887005,6446359.0064190002,-13969838.113061098,-26043536.094843555,-25506526.391590878,-12781549.24177772,6804611.9260091204,25554363.847905457,35683749.948287457,32825039.813310146,26999354.243824739,23022315.778295521,20253093.985996328,18243909.337261021,16689691.133722372,15386734.865300752,14201453.141611317,13048461.715094915,11875461.454458607,10650728.33429243,9353326.3428356349,7969358.5028802063,6495053.1102034152,4946989.3948066775,3377432.3024082142,1887952.3792995925,626420.86485598434,-253089.68411760917,-668423.76995449525,-677002.53302873112,-462752.97664774087,-228279.79028628691,-81347.127256435924,-20654.089819673314,-3686.9029208410566,-459.33762490871914,-42.678015639349915
0,12.282310079652751,50.270912872398981,-216.22372958969507,-4198.1511271996687,-27513.529360618413,-110339.21733581259,-311410.42517858522,-668792.03461183456,-1158267.5699240637,-1694725.0753071115,-2174453.5356686958,-2517713.0014590095,-2685342.974182013,-2673464.9697842421,-2498527.2712767781,-2182139.3060741983,-1741694.9728550571,-1187634.9975917418,-525091.7162892404,242580.84160235908,1110391.2745076967,2026460.4176725601,3032938.4780382616,4124375.8846370578,5291844.80011955,6525347.6544783767,7818550.8604991958,9175591.8995847329,10620580.573534677,12210070.590239102,14050712.862578724,16325107.086012954,19332262.925704747,23552071.951799218,29750406.312455628,21600568.668073837,6786023.8662841199,-8075440.6297902493,-16686291.478162212,-15178114.585399326,-3680826.8149857363,13386542.435573971,29342285.508284371,37584818.764944442,34101729.49522683,19228265.05738781,-2457083.0385766062,-23861493.212279994,-37795855.409766287,-40077954.914130345,-30521394.686083574,-13359709.740532462,4497348.016966573,16344392.039904099,17772185.437627073,9013695.5022346228,-5847809.8240019297,-20072172.378899258,-27214818.275242686,-23397322.118287157,-9173429.6838605423,10711563.485706344,29547289.564785104,40401824.082333408,39570792.528017454,27406077.146486543,8617073.2536525074,-9757607.8821535707,-20974326.133800555,-20774636.235322811,-9502309.9493222293,8079733.9832926439,24782034.820376389,33392722.470139936,29978313.898328841,24732432.46229611,21121474.913642012,18592359.504272774,16753329.024775563,15333541.003173366,14149198.281783286,13077647.108161135,12038992.035165375,10983196.325869951,9879207.2401181441,8706186.6700499691,7449937.8838256514,6105506.7540222546,4686492.4540318549,3239398.2904445371,1856833.3637057294,675619.27126000426,-159562.50928045169,-568317.88156103541,-598292.67158000544,-415572.56203743891,-206915.72806886485,-74201.474273715372,-18929.290773930334,-3391.7813325355091,-423.89107222316028,-39.494139091425943
0,6.2972553988215489,-7.0690889834857895,-595.25749990420275,-5942.0963720788168,-33138.929047023572,-123144.81659190815,-331754.03476406937,-689234.04325393948,-1162534.8698803582,-1662556.1336917402,-2088978.2871496028,-2370521.1727304016,-2477066.8183626365,-2411029.939728498,-2191477.3928027609,-1839603.9062415122,-1370526.7225773418,-791662.49078991136,-105257.2276526987,687478.03864453686,1582507.3741020605,2504352.3371871132,3522901.6704969089,4634296.9088423438,5827321.8286040388,7085750.3300919561,8393654.7440748233,9742991.3404903263,11143330.302465536,12632940.265970495,14291866.418421315,16257579.239459179,18745396.606716473,22075276.666201085,26706338.973793074,17731844.929618817,2388421.8730459968,-12850729.694628455,-21457163.040895745,-19640025.238589182,-7514188.1790463915,10479543.082823303,27527238.816649444,36965291.934501231,34637650.378574684,20647110.770533524,-515479.34206119715,-21767581.008911319,-36000421.5294929,-38806635.622985005,-29637907.047096118,-12544553.017606402,5791576.4334320435,18740104.713411741,21588196.263910815,14101083.427979257,-260908.98627230112,-15211158.979552133,-24526661.832788393,-24152185.643575754,-13855868.357062964,2568632.37276995,19234355.996611632,29842568.343365863,30714898.087348904,21693450.198543962,6564505.2436204646,-8646732.6440717373,-18106702.055408504,-17963401.519979596,-8484067.2654635683,6500289.9135508211,20782549.419737127,28147548.718900397,25091267.630457707,21016652.497890133,18156329.651356235,16124226.282474767,14631788.571423687,13471145.157792492,12496373.062657081,11607197.333281856,10736583.282009451,9841545.5862988308,8894910.6191572938,7878210.3388223536,6778630.7322275545,5591276.4833848607,4327558.1115027592,3028415.2994985827,1776895.7143136079,697303.34692674596,-77013.317224257189,-468858.23016458307,-515980.61285848904,-364728.61533348297,-183407.88174595078,-66211.152755499235,-16974.7029049187,-3053.4533010639943,-382.83377680835599,-35.768905275471859
0,0.18542646128992674,-65.036651566195303,-973.50171270614715,-7652.1998250199877,-38514.925517913383,-134867.64491638486,-348800.21778841678,-702013.70632640691,-1152436.8534165688,-1607791.1662607568,-1972912.8768049602,-2187229.0643471237,-2231706.5581466169,-2116317.9789874176,-1863012.3833373014,-1491918.9289187873,-1014540.8657579209,-433548.48194971285,253525.31520705868,1049265.987479148,1951809.474120189,2846614.0799334301,3850404.686973332,4962229.9936954277,6167580.9744543675,7440662.0737427771,8750775.3833016828,10071463.258733649,11391251.198266536,12723691.467086725,14115359.301703837,15649354.072109977,17441565.086515244,19622499.767069768,22290978.385306429,12532229.107706752,-3134650.4534083749,-18581789.535629526,-27358985.372678068,-25797505.743061371,-14002712.272245035,3858369.5180972377,21318085.365794107,31869776.722271401,31484553.900961254,20046013.302159294,1600977.599840377,-17309301.082125984,-30110364.92070068,-32469136.433670718,-23761111.452073663,-7587873.0434361864,10022278.545398466,22809689.633277457,26198115.318533309,19636721.540528763,5871459.0442672493,-9574874.2091541868,-20933943.904123843,-24260194.806985356,-18690863.692093719,-6852011.466371228,6494515.7860726621,16029228.23913808,18282122.625156537,12667431.494392553,1811665.8608599489,-9615431.148892276,-16880182.817789596,-16756005.438923743,-9343475.7403734904,2613223.5777014284,14163690.586530274,20506279.129099637,18680403.778015547,16182864.985325139,14342781.921821684,12994003.687290637,11981075.565342721,11177167.495955272,10485679.249002585,9836202.7414153796,9179562.6734363846,8483205.9678384699,7726194.7294028299,6894154.90563598,5976958.4344232948,4970742.430820737,3885348.8904456883,2756295.8817334939,1656557.6983968541,696698.08743846626,-2863.8634340353765,-369272.90453367657,-430194.68323267828,-310564.39980656182,-157995.98109790328,-57478.051976497743,-14819.23321578886,-2677.5010677797509,-336.90420068133608,-31.574464830999162
0,-6.1081141770966561,-124.42488241969097,-1358.3874351182742,-9375.3463900104216,-43846.248124657082,-146143.13718221965,-363986.41546560545,-709540.330897509,-1130938.0417447763,-1532864.6269720527,-1826832.828060372,-1965686.3603921491,-1944517.4711437293,-1783197.7158339561,-1507554.6503550769,-1136150.2565881575,-675111.71456350037,-119775.79098499144,539927.42396760057,1313070.6167473882,2201915.2822347535,3028126.3431231068,3986357.8424597234,5081251.7026594123,6294033.2232563812,7584911.9444787437,8901613.7407592032,10191864.794192119,11417237.061505999,12564309.149486221,13649640.332664391,14713424.532517189,15794856.130409926,16874090.641566049,17750117.812233172,7703065.1968759019,-7700895.5298681045,-22867552.84052809,-31762344.469749823,-30968918.94133155,-20537045.146779791,-4096358.1807875261,12630572.691983758,23678606.638654493,25410833.986066181,17535149.516949143,3390100.6175305862,-11517573.827491056,-21557832.994078889,-22901700.052050825,-15015473.48696957,-769522.07598421548,14744064.600190407,26066614.651956465,29252429.574076597,23533554.266655594,10977657.920206595,-3951930.0713872858,-16369841.061971985,-22688279.62172585,-21624280.363774389,-14664303.203796452,-5282274.0246603172,2502030.5247890856,5657326.3609005548,3274551.8242537593,-3178511.6734155212,-10607804.2172767,-15632291.265087241,-15717561.388169503,-10737513.631732197,-2283566.608491702,6273356.0982284509,11651214.373236205,11500483.456836406,10693312.025630753,9978379.2550689857,9401942.457431756,8942010.280854132,8555078.3229200672,8196403.3103211736,7827740.6219873987,7419695.0243719872,6951685.2698261943,6410227.5976550784,5786014.695398544,5072383.9725201344,4267105.1743254196,3378830.4158543795,2437703.0170475552,1506199.4348953036,680203.42218464101,66015.938237723269,-268646.88285801938,-341113.91057112836,-253512.29214063287,-130978.74343319339,-48128.638169485464,-12498.69681690285,-2270.8346037028086,-287.0160210943701,-27.000108176213303
0,-12.622139485979323,-186.00308274641543,-1758.3343369330048,-11170.117421585259,-49407.86684428194,-157877.08346785628,-379472.90446507139,-715619.64086764306,-1102965.2007744815,-1442091.4947652973,-1652068.696189146,-1702410.3245355606,-1606956.9468831583,-1399709.116379207,-1112760.1222065294,-763031.97883345012,-348911.63890757959,145546.70109463335,742658.04413098935,1462384.3728541124,2314370.6341010416,3016418.5407011532,3891962.0633916515,4955970.2521317629,6184272.2116607241,7516459.1519444427,8868477.8124085609,10151514.208342664,11292701.086167652,12251424.624001076,13025723.571191352,13642009.877010712,14119784.26355684,14394331.371160394,14162516.075540747,4627676.0221419726,-9552078.4130387418,-23543303.589261673,-32159590.212823633,-32395795.18583646,-24190867.160405535,-10531077.91769743,3962016.0862157498,14355399.193037296,17677711.903016664,13538715.976733528,4411784.3668286568,-5598107.5373247871,-12232928.503484985,-12504679.788441202,-6042740.6413783394,5124778.2936991034,17119954.297803223,25840652.401782651,28357013.646352973,23819616.605466824,13624404.139108093,872737.26964168379,-10825031.340866331,-18600145.332669675,-21022050.839250222,-18534027.526847925,-13181908.91901253,-7530217.6179315951,-3909514.5522409808,-3438405.600929236,-5785080.6573376432,-9410122.7195455655,-12443954.32820249,-13130260.74489723,-11032215.500882093,-6586174.9157081144,-1415143.5755870768,2726544.5597050404,4293091.4598120628,5027937.5336970342,5382913.6503408961,5569272.4937964296,5673920.8661606964,5724262.3406210104,5721335.8547476223,5656257.1645420594,5518269.799265285,5298440.4629962482,4990778.5535512641,4591220.48388955,4096780.4964027647,3507052.9862523773,2829610.6807875317,2089164.3064423392,1337365.9026607587,654796.91650205478,132904.88245715993,-166158.73101648703,-249083.80582203437,-194138.44918192236,-102726.5093681101,-38316.283386432697,-10056.011739142821,-1841.6718820730075,-234.25017339468744,-22.151081206036277
0,-19.311350902594558,-249.8962487484778,-2178.9928864608901,-13092.240442948905,-55513.461619839014,-171235.96884476667,-398313.65009243338,-726076.8721932288,-1076660.5542903345,-1343343.0464274187,-1452145.6272128392,-1392982.1507635936,-1205551.2681616163,-945516.93538175721,-656256.67634673044,-353956.00559875218,-26065.980740396608,360812.74153881223,848784.00380372908,1475985.2426696443,2264884.3014136888,2763919.4377507279,3508783.9129983261,4532726.3818869246,5804482.9364704834,7232305.1413738206,8683651.6304302868,10015368.778589036,11107029.709997201,11888290.537230216,12352520.090409707,12549545.509376651,12551312.095885403,12379200.577038003,11869532.258296421,3847087.0049512195,-7934132.0159767643,-19542753.913332526,-27072963.218212776,-28220814.103453945,-22846114.897551339,-13186615.429592006,-2469109.6146036913,5799894.7283205241,9615581.4435440451,8626236.6213652249,4366822.9644281901,-595694.0746813477,-3776279.3938451014,-3322794.2789605022,936785.3446203263,7866136.8729633149,15128901.976360332,20378998.767646361,22030625.30408898,19291812.758069858,12841814.964313461,4235480.5022399984,-4579225.0435939403,-11773989.3350493,-16082633.110246299,-17167379.708890479,-15560609.490092523,-12255063.166397931,-8618625.4782589581,-5803255.824451982,-4538425.8742688494,-4769554.1205739174,-6158806.9843926905,-7824968.82133184,-8992343.3001692388,-8948082.9611388389,-7619130.062799261,-5236235.021706325,-2333459.4941719719,-403609.15430284839,842898.17999513412,1703979.6682195952,2333249.3215124588,2806287.3412944796,3157676.8272649408,3401333.8800830357,3541663.4296593186,3579579.7393279308,3515652.2951085027,3350551.31550196,3084672.6001930432,2719251.8530533775,2260647.9252360607,1727994.7650346612,1161915.0167620578,627412.09393257217,200824.99716679042,-61308.063755575633,-154720.7348699306,-133179.23895595921,-73689.73570745808,-28222.104588369821,-7541.0130534807386,-1399.4507870468544,-179.83832641300032,-17.146597705069315
0,-25.922457396681029,-314.38122398240665,-2615.3337565437978,-15159.983029963309,-62419.789229649243,-187511.39292417566,-424523.7029006721,-749559.34702064411,-1065402.26311538,-1251096.4844222001,-1235744.8287664258,-1033387.7108461788,-720581.95183538774,-388035.5285726295,-100368.85206616779,123986.78984723106,312903.72787516564,527072.78733295621,840838.77103762096,1322654.4381016006,2016934.2378356096,2194984.8960397821,2742360.2617441644,3723705.2244385625,5097796.045405183,6723599.8104846366,8391923.7606558707,9874513.0403187722,10978720.911412165,11593877.524731429,11718324.749627663,11459913.05005003,11008555.222245874,10580759.175977301,10331012.763078798,4709222.8390148887,-3468349.9054042771,-11408921.001761522,-16784974.742364511,-18291149.238999836,-15913595.588614728,-11081389.097116463,-5480003.4640445141,-824075.32138697,2124753.2742209542,3262595.3120763474,3197527.7396266609,2873472.4215257503,2855092.4323183186,3580986.8388723056,4938325.6895178175,6725409.9372564675,8442152.3205364626,9677797.2437913939,10360332.432680283,10036174.551460436,8626079.7274819054,5954283.4072766816,2019512.4436340891,-2680477.5661492809,-7363968.6029122686,-11030196.659796745,-12749525.820375506,-11939283.875129078,-8755617.58696693,-4150626.9592171847,248212.58150462827,3047303.1856176392,3089451.8720763158,339762.75823273213,-4272406.7290343884,-8920161.487014018,-11795589.387595156,-11643206.495015636,-8033466.5737329461,-5333949.9372712225,-3431505.6224221629,-2026080.7805775148,-943836.50539079669,-86739.665181302873,598970.03585696756,1141910.6621538226,1557059.735542984,1852581.7171193548,2034082.9502413601,2105998.5071425037,2071442.0397216424,1932823.9684448845,1694970.1252168373,1371252.1727810805,991212.5447895804,604370.41771876789,272188.07493562339,45899.699154299589,-58987.180211788153,-71561.717513734926,-44400.699422256694,-18053.633919789529,-5009.7615515928665,-954.65689209074276,-125.1364760086078,-12.116977881192618
0,-31.796918901454056,-373.82781462293923,-3036.9443639733449,-17282.91378248277,-70098.924747300218,-207678.78488617562,-462759.95857024973,-798353.9310842735,-1090927.1322674667,-1191867.6301985537,-1022533.0446965012,-623292.3358955622,-124672.77781329451,323700.57465608156,616687.32333056664,726447.27711399493,702313.54069748358,648331.05375878722,691912.7347284453,952236.53794141486,1510990.5049948166,1184144.5213279221,1434845.2669006281,2380760.2558148564,3965709.2988736755,5969207.3710979773,8057878.8150436347,9865689.927055873,11083377.980499353,11535122.239207486,11225252.174937082,10346682.095876331,9255866.7700087819,8430658.8750823755,8434946.3168592565,5631143.8130283104,1973456.6504429255,-1199111.9351068216,-3240769.5432628277,-4201094.0487094326,-4539302.0250249924,-4849447.2636435069,-5225844.0444660559,-5342061.644423848,-4499294.0835849233,-2269953.587348382,1118213.0185135889,4864706.7144225677,7633158.7686225725,8335655.5843195776,6490862.6512035988,2690210.5910075889,-1566779.1598948308,-4592798.3732877085,-4975837.3067785157,-2506689.3981505916,1928888.0430617477,6301195.6295584701,8590671.1642394755,7673423.8485036073,3583107.7753292052,-2069537.2676315939,-6894948.5825880375,-8746343.6984270848,-6454415.1964887669,-548450.2251856511,6623742.9965526592,12263723.294721685,13766431.725242417,10175431.940697562,2404927.3850775603,-6821324.7875562068,-14018699.211982377,-16410251.662418677,-12765130.253587479,-9664606.2230807636,-7324446.0876804451,-5506016.9020261336,-4050996.3558187764,-2859463.1602256778,-1870557.4685453097,-1048171.0995286586,-371106.13417335908,173414.74770559487,594365.80337553285,898790.97554444219,1091670.6425612785,1175960.1560246311,1154534.6884890832,1034835.2500850684,835465.02218414098,590936.34529474843,348541.62628917274,154839.61737130606,36776.460216501146,-10402.204210942984,-15466.486818174515,-8040.8584594450922,-2523.2698318603939,-518.55879237965974,-71.588169303902788,-7.1999116987528158
0,-35.622257885971635,-415.76039868304917,-3364.3353340847066,-19132.060531320887,-77762.60273307802,-231285.42219728656,-516933.96894789644,-888617.27998003608,-1187881.3775455635,-1213779.6651154249,-854435.82417051296,-173248.29683152639,618459.61846539157,1269036.6849250358,1595890.0881692495,1546458.5951979575,1200464.0369302754,732150.54902589729,357328.35964395321,280443.70407987398,646291.99780785968,-480666.59073176008,-681067.25632877205,251555.80869091221,2237442.7284797309,4925998.8470371785,7779898.0367450835,10206523.512291536,11703976.360102747,11985600.811112981,11054012.731701691,9211710.9032293092,7018447.4726175033,5231666.5523738395,4792888.9539650101,4522468.1377796941,5720919.8012746098,8139250.8205050593,10553273.470552798,11158952.91655877,8791469.6023439504,3575632.1545648281,-2999227.7397494274,-8452690.0479958076,-10493982.474310387,-7938841.2378393477,-1664980.7343656842,5842635.3148069708,11314054.483935757,12079905.56647378,7237042.3085436188,-1978077.0284795112,-12154861.356324736,-19461076.250716522,-20964368.639022063,-15758954.756770229,-5547586.2196392147,5970929.1131069344,14741208.519994922,17838395.343509052,14569344.943395242,6991355.7822880298,-1099196.4301693763,-5876632.522239198,-4847352.2075338243,1958680.4205030382,11690949.038093003,20233477.017208558,23549886.231964789,19703269.991467826,9471349.1184248552,-3738703.1468965528,-14957122.381693445,-19922388.368709385,-16736814.115528639,-13437941.477591807,-10802037.511355365,-8669986.5436948799,-6911928.7240432976,-5435293.9313066071,-4178630.8389345291,-3102860.5520082302,-2183653.0823727199,-1405691.5284167349,-758079.66709079756,-232259.00495375617,177749.00685853424,474776.68020319793,659320.72251059767,732802.95297430479,703253.65144263825,591042.61817860638,430445.83224021317,264242.61981572246,130872.01853531938,49020.151112471816,12447.561010550762,1570.5119531179932,-145.63675657448465,-102.85299199154231,-20.677972100608731,-2.5359335441686315
0,-35.297249296220514,-418.20112596865391,-3439.7248268903559,-19939.333631572477,-82977.70201705418,-253978.55387528741,-586203.33077030955,-1038271.8524250507,-1409771.8149556038,-1403303.5091739779,-817333.06399673747,280179.12255875976,1554455.7704658918,2572557.6121571306,3003785.1297571207,2740182.4597693905,1905720.5931440063,790814.20410183223,-239654.45470358164,-837162.09489807312,-750252.65545300348,-3160719.4672947796,-4060493.3548707841,-3094794.8618956916,-381773.70440341916,3512823.5232048295,7714064.748673901,11254280.936367985,13312241.155651115,13415377.045186542,11553727.061151812,8181699.0667868955,4118403.4990002383,402685.04593882285,-1784193.0668370007,-447098.70816181041,5377199.137782637,13820529.486439751,21498015.238898043,24647463.828381103,21214843.62775252,11796325.590795839,-595178.840025404,-11294909.591612784,-16375022.887523791,-13790049.523447756,-4825649.6666719355,6473585.107016488,14957002.83802725,16366657.747745588,9248272.6976470575,-4610264.6282675434,-20164004.006870713,-31561182.699763849,-34334946.368556581,-26974639.841671433,-11849423.682404703,5867325.0556918569,20203475.737936895,26514243.12538673,23450317.45316375,13534135.605296543,1814860.4260237205,-6218768.912815433,-6752600.3093546843,681289.4955050163,12908631.349153269,24599271.073220015,30297632.008959312,26997471.249705855,15241546.35023229,-962875.51730201719,-15514009.393341187,-22823602.805608932,-20256662.325885676,-16760158.012259047,-13874579.200501591,-11483581.595537586,-9472907.7304369397,-7753956.677366198,-6264874.7015485875,-4964922.7751300093,-3828088.4799554287,-2837757.6894571967,-1982130.4025589321,-1252009.0542543486,-641173.49985021632,-147521.65301872714,226705.56772106054,476954.24580920278,601297.66504644288,607204.31975246407,517491.67468554992,372264.23442257952,221316.47655364423,105314.38624327374,38643.467301344834,10528.318016742945,2058.3408748230022,280.76803138700882,26.122991380938313,1.7367104237995301
0,-28.459992073183123,-352.15496696725478,-3018.0812021908241,-18287.993679150142,-80270.982141324552,-262511.50983709143,-654925.17846621922,-1257912.9193312221,-1834836.7152513273,-1914394.2226496467,-1082925.860916856,643411.04040270299,2736698.1372826099,4433507.2486416679,5119431.6100253444,4572574.5860188892,2984866.2831140994,843363.40863781411,-1232586.1907136058,-2649940.1240386809,-2977363.2962660943,-7473586.6943938201,-9480197.8687471747,-8394585.3800402973,-4398737.8909779731,1583270.2107099467,8114283.1291746572,13603151.871739831,16699027.587496461,16624492.826605486,13353772.924444674,7593686.5851834239,566893.87779349578,-6337541.154302178,-11902979.416310895,-10140565.84973444,-282208.15686723526,14153659.090513565,27509017.882799223,33975142.251415752,30461465.522638608,17861041.771013383,526971.61385070614,-14846683.663662555,-22575163.140459698,-19798066.57633391,-8085939.6421340993,7232750.6238140808,19298969.262858827,22255889.882254731,14014149.238444917,-3210873.1418678714,-23207768.328403357,-38316703.207175508,-42625793.973808736,-34083883.557488643,-15468537.983745769,6738922.5769882826,24875428.767426889,32924959.698421106,28972041.622377899,15979084.430597574,181236.66637533723,-11332748.895612711,-13571071.535473779,-5604587.7992396038,9104906.3366499133,24170314.077200711,32831624.941420104,30954819.557954103,18745457.440822572,706414.88396945957,-16281304.071085421,-25495127.622377522,-23510678.573497646,-19702290.722136695,-16549873.001289137,-13921393.053344047,-11692192.693727188,-9766856.5992290713,-8079199.748039267,-6585832.3802468507,-5259214.0991140874,-4081939.4931894941,-3041890.7377970922,-2129833.5715919463,-1339887.80549184,-671161.67082071572,-128871.34595522739,276665.09300206753,534438.19064521033,640609.61154332082,608447.96006950631,476636.31152487866,305960.45403101307,157049.26035162486,62423.505387522186,18585.168743379694,4025.9356078328474,621.09995472321282,67.416463329998209,5.4875342213158227
0,-14.963520266573902,-203.00037890204192,-1870.5840977133846,-12240.794174280805,-59676.553558709493,-225726.60803283282,-669294.10247708461,-1522766.7245051691,-2565680.9803672484,-3018928.0749482457,-1990155.8950090259,703197.32404650352,4220524.8148255367,7179198.472726454,8419212.596343141,7498770.0186292976,4723039.2480626404,918921.21121137636,-2854860.8649413837,-5589116.7095180713,-6550735.295218572,-14476334.616312953,-18267372.188798111,-16906126.491369016,-10682495.812102344,-1120682.4905994344,9400220.8529499415,18247899.678943161,23188836.54978675,22950110.750778399,17506639.682861801,8039645.9144276585,-3468379.3142319061,-14941962.832280347,-25166844.946319897,-23926290.651278187,-10704507.126797566,9317871.5498571899,28268071.967010133,38397830.510651067,35565012.424618527,20805900.328686893,-300196.36223291786,-19416406.943685062,-29177719.020489756,-25880983.979042497,-11256800.797399916,8333003.8314484255,24516022.847147126,29969340.627994325,21816239.737263821,2580553.2709831842,-20699708.161115255,-38951845.83729881,-44989828.915818147,-36262893.224913113,-15811400.211582543,8883709.8952663224,28775784.897443239,36879937.60418468,30926726.739399988,14250595.10623065,-5817106.363637425,-20771781.378993973,-24640479.939695161,-16056315.11389141,1135732.4042817657,19625631.355858795,31545201.713289741,31739616.818772875,19970016.559909143,1074726.0954089561,-17445704.559339914,-28024528.618180379,-26493943.459925495,-22252633.207172081,-18805477.221665334,-15951689.687962158,-13531888.146251077,-11433007.000378234,-9580018.0521299504,-7925255.6550612617,-6439273.7768763397,-5103985.0027245656,-3907237.372027107,-2840128.6315518687,-1897514.5041754066,-1080042.9567256155,-395994.32870131923,138942.89615798599,505802.28304720117,691349.56144188216,701505.70794330782,574878.76885576558,382638.06725740875,202838.08450925921,83127.438239727257,25510.706128262675,5699.4317624219284,907.92972926015409,101.93761929343303,8.5992917516137535
0,-2.8198401092426271,-37.977434825148656,-250.67993125698169,-1043.5464266871591,-8061.8007731414136,-81371.702586465588,-485753.25730015989,-1695370.5070159088,-3702848.3545758594,-5193576.2349117827,-4205551.3329139994,1104.7991699126703,6050776.018811712,11366335.559802644,13731619.006448189,12308969.771654446,7611441.4685274167,1061670.8830094486,-5514298.1004207637,-10398722.187685618,-12358507.470121527,-25977207.677194785,-32688862.226168852,-30778008.23811258,-20719990.328833949,-5047340.7165996395,12272396.607088353,26862223.786054343,35001857.293035805,34609052.920312747,25698461.781501193,10347908.037528757,-7964082.1105648652,-25505902.31314918,-40306836.858863831,-39644420.640954047,-23531322.977814324,1357671.3146682223,25260565.657818742,38887762.250726901,37148216.892613769,21078426.019828059,-2705742.7278477736,-24604101.970998034,-35796969.075483359,-31774568.016777601,-14273009.749805467,9543608.8471745048,29980025.712143056,38517848.830551021,31440565.263800841,11426854.508314572,-13894471.733206935,-34531794.547267631,-42294539.690476134,-34182212.935630098,-13352641.50303378,11993208.795072859,31874007.252593543,38736333.502989821,30084351.432660643,9696399.120599648,-14225399.276375538,-32169775.879559297,-37350841.801806308,-28059875.160707764,-8514261.8184423223,13180879.637524862,28202171.486669861,30652660.103853244,19818797.941705909,676507.24436200922,-18692375.218183476,-30170834.163221348,-29018548.747136343,-24318950.842630759,-20586367.296848714,-17533110.343378235,-14955204.191187182,-12717216.4894152,-10733260.783327995,-8950677.8714168072,-7337973.7845804999,-5876459.5943474602,-4554110.3929451378,-3362567.3617121736,-2297665.0837670965,-1361774.5384960533,-566181.08548174577,68627.721510746836,517082.25280008028,758730.85645179858,794575.46754670015,664540.10582362884,449329.36078097642,241427.55251051544,100170.47322984213,31103.830395331126,7029.0035970576337,1132.5197293476983,128.61251410917194,10.973103643116854
0,-11.59240595108662,-126.26036658955306,-210.66451468611339,7944.9709652507736,75486.016198807542,271875.78020093171,237486.83143222929,-1322064.8573889469,-5234333.6980544627,-9269656.667779848,-9045095.546897687,-2416255.142968392,8242572.4191377936,17982761.872023828,22520113.177474339,20383858.689513624,12500760.528071621,1337037.5350044251,-9921766.1091995537,-18353923.030616976,-21922708.701077804,-45060546.80691307,-56607418.53852538,-53669262.70279298,-37048857.467301704,-10968471.529721403,17902455.236508649,42270732.721865885,55867479.701858446,55288152.079591021,40621690.902611129,15546621.035378696,-13737246.124920538,-39763610.162499219,-55485042.598167181,-53846139.099615797,-35084571.649672344,-6377975.3407283407,21281941.6243167,37629950.514679052,36885767.250507951,20004421.941197231,-5649933.3767929533,-29503924.778838407,-41587832.908707812,-36867679.027547166,-17016632.786199979,10342624.657719795,34478086.773936652,45986443.586819336,40530637.979761727,20719301.447208002,-5528128.323420791,-27655170.837297354,-36831797.928532265,-29732816.929646295,-9490749.497310752,15293106.546115467,34109234.174830578,39142524.945620745,27879108.050537724,4471149.3757145032,-22292124.591751054,-42234825.010660075,-48070780.512535296,-37967931.766273245,-16433012.73927277,7842427.5346359871,25264187.89958768,29485584.559093714,19526840.075615339,318962.18899946479,-19605429.142222058,-31690102.779617477,-30850594.863060866,-25779055.512863953,-21824395.537812233,-18621887.818099141,-15928826.025058221,-13590665.608592724,-11512422.605447987,-9637391.4311573822,-7932543.9599909186,-6378876.990258839,-4964658.2850878509,-3682206.4113813918,-2528466.9331073682,-1507599.1724484698,-633704.12000110489,68656.905311143637,568854.49547510268,841607.22472020693,885587.70824642479,743432.29698636953,504314.9328094715,271780.61284749839,113078.08407341318,35203.754275895102,7975.2840069015683,1288.0347200404556,146.60818885636027,12.532880853621682
0,-25.985091322160891,-310.67270520732404,-1407.3950740945945,6084.2057644892548,98710.33717576701,425701.21793805313,618025.04437184182,-1038834.3708818149,-5894161.624307001,-11326811.861353286,-11654201.511153691,-3895712.9473088849,9108734.2438946906,21158460.535743225,26843574.644064721,24281613.465407647,14600718.291352507,852067.76944805321,-13064954.255121658,-23544313.360693764,-28040472.914005216,-56529747.783760987,-70776247.001005679,-67315981.446892604,-47060476.475297116,-15192346.68041206,20173718.644783985,50016996.767693833,66769499.811173469,66196308.650420852,48522243.647315837,18268391.806578249,-16717982.853993654,-47040474.104915284,-64083056.305645578,-61967395.008763447,-41549346.282080248,-10566689.570820091,19190432.426224545,36989985.391296849,36722990.661006577,19180325.291268773,-7751932.1298292382,-32890260.204721283,-45625669.234274156,-40621382.678342216,-19432522.472693987,10105946.09762332,36714601.177215002,50481781.933483049,46596373.27172526,27518610.145546898,1265114.427627865,-21416262.097886886,-31418821.795892995,-25226949.51978901,-5989674.1707199467,17706043.64888455,35247404.292799175,38731496.280625023,25782564.549171973,727942.54207326379,-27321136.549513277,-47930429.590050563,-53643130.406707697,-42643553.951121114,-19733193.502020773,6069337.5959049929,24764064.926025227,29781682.722942229,20125032.056975383,709942.16141807276,-19718694.31628852,-32311669.943584144,-31772788.34520169,-26524205.171342384,-22461401.917759977,-19182769.50610064,-16427627.487047669,-14032764.345175063,-11899230.646399742,-9968733.533964308,-8207855.6635254212,-6597790.9429180734,-5127314.3640332129,-3789522.212525317,-2582537.7819101955,-1512290.08067375,-595409.7458952202,140310.55631661686,660863.50352404814,938667.48613296705,972749.15676707856,809827.99197244388,546303.90689162293,293144.22688236815,121514.18162553564,37698.85909144688,8511.4033237158583,1369.8776973079696,155.37174036424568,13.228742533328846
0,-26.003584335209116,-312.19758333006462,-1429.4533827692751,5932.9125571286831,98229.81484720108,425693.93792027264,623713.45791863534,-1015396.3691020092,-5840770.2572222659,-11243030.213354982,-11552624.23241321,-3810291.1140716672,9132944.3257274833,21098689.298997831,26677983.37900205,23999362.239497628,14196390.84085344,325894.41301077756,-13725862.185341289,-24339064.388315041,-28965453.777399845,-57556495.503500134,-71897613.208508894,-68546793.106376916,-48379221.32668373,-16546100.500621548,18799352.571007278,48660178.129687876,65498855.099415712,65057534.249468081,47561279.679232985,17534234.311479531,-17207386.830260135,-47274762.409161866,-64067936.474360242,-61559483.099749148,-40696313.820018888,-9315456.3715218417,20655955.702231467,38377883.024617806,37769202.000680923,19640940.51796867,-7989912.3297031671,-33820695.748285979,-47111742.29316248,-42405505.685503483,-21187299.472337391,8693129.6384093836,35962312.675876878,50628478.414522499,47732754.381028228,29575452.855228364,4035314.8710315241,-18277063.477685876,-28351194.317194216,-22645684.480296243,-4256369.2725902535,18450506.619112682,35063197.350178704,37864802.888391554,24638005.274123918,-286698.15430474642,-27772514.127927199,-47575373.056440592,-52383512.80534821,-40577344.285624981,-17134161.01137276,8885202.598925842,27438420.631171074,32067516.754427325,21893435.180262797,1929018.2080857074,-18970677.611619778,-31947803.92334507,-31681813.873110507,-26505557.958138432,-22471002.856340148,-19198891.306251016,-16438931.985398533,-14032874.194238454,-11884289.0062388,-9936318.795711467,-8156517.0902193589,-6526856.193889413,-5036841.1184924636,-3680433.0842598118,-2456968.4228727883,-1374084.8172554569,-450599.73434439115,283374.80641507485,792213.494792821,1048631.8589347247,1054717.838099156,862594.74153007939,574520.52163328673,305094.9022909815,125299.91029947385,38532.560039537857,8624.3289953936674,1375.9087492052088,154.65556679522538,13.039203601089907
0,-12.14294031985218,-133.23120428536765,-270.76141678606587,7647.2423944834291,74937.832082222711,274206.13947030785,256426.49267278833,-1258257.519160833,-5098105.2505622413,-9060016.7309105508,-8795573.421031354,-2210997.5432896279,8292627.269914804,17818232.582722493,22101068.947564974,19674748.630231217,11487242.552233076,12333.738776390572,-11595210.898041489,-20387225.327880673,-24294828.915262714,-47700210.289336897,-59493733.219605483,-56816001.590463847,-40418329.912477493,-14457143.823208462,14349225.068592271,38760176.047479428,52565932.020774662,52343452.263318196,38167751.226320684,13706253.096298708,-14899744.946690684,-40259159.0271677,-55561195.113474004,-52793580.27105666,-32721014.903434716,-2895819.2135682679,25361506.745913006,41512491.979479522,39808994.779891476,21330792.765373118,-6259096.6335654473,-32006283.074401692,-45622578.654145733,-41750106.845038734,-21850681.116856426,6400392.8750924114,32316652.822256248,46233298.09011557,43480303.108527467,26192712.918292906,1903434.1341368044,-19211215.688436411,-28590226.343452945,-22829789.099974267,-4892955.3754172456,17166877.794453189,33393780.397151213,36495503.829608575,24436668.249047223,1419869.9831114239,-23773303.32337277,-41453165.685277551,-44763130.184302114,-32428955.768444665,-9423079.6061111707,15387948.39873096,32386144.713958442,35500614.28340856,24094071.257237874,3404668.6500050253,-17774192.768623903,-30840540.777179241,-30661886.08398293,-25760081.8311636,-21868101.946966738,-18675273.93573869,-15963731.868608218,-13590682.890742442,-11467168.640377266,-9540054.8471043818,-7778890.2478446346,-6166859.684775535,-4694373.9540787051,-3356340.7427580873,-2153351.7915246999,-1094691.3181468199,-201010.34620371551,496189.2792556585,961436.05290157243,1170328.1241735404,1130674.5229007695,901251.14224273572,588740.59973561519,307557.79377232288,124421.4565070965,37705.710981263466,8315.4062167606262,1306.5317902140225,144.52717587498211,11.972004522798512
0,-1.1268623007510707,-15.045219055446404,-36.487113630507118,372.84097286594954,-1224.4689239395564,-56572.959193790106,-416347.10764446005,-1541437.2980676934,-3424811.8902112842,-4773496.9341224581,-3665596.8954480244,585033.26641067746,6560943.8911722042,11685321.181956038,13765081.524757531,11994822.353849351,6917237.7027075663,-32639.964046307581,-7032525.7157959603,-12368287.309445668,-14792511.317745088,-28681744.377500933,-35704143.463701598,-34173008.265962988,-24517407.56471172,-9221093.6939290985,7818214.0742577147,22288107.03362735,30560370.820122037,30572226.777778611,22355274.480105914,7941903.2315837704,-9263514.5414282233,-25760318.390831914,-41010128.031973965,-38412326.757169053,-20287432.124146841,6231440.6248876629,31006699.261500388,44426004.432264961,41383108.657470115,23145517.770649575,-3323642.1926544099,-27854511.984726492,-41210051.3952538,-38462688.407427751,-21010171.488342408,3911317.5405190629,26682895.440832347,38415543.530060917,35021390.851325959,18479205.654110201,-4126851.5347844157,-23338563.326169889,-31358935.74316632,-25099495.891649775,-7483731.5913325297,13996432.563579572,30185723.131649587,34284492.498183861,24498215.354849696,4724276.6519174734,-16919317.988775946,-31601995.523869332,-33197048.697132614,-20801640.586843681,750703.99899554148,23062736.735894758,37377426.647502631,38201877.568005078,25312039.60286539,4152712.3442420741,-16808205.687546123,-29406084.378425919,-28930638.474248145,-24385096.753922772,-20696347.784585297,-17632641.035312627,-15013712.35506512,-12714829.964001482,-10655815.963237638,-8787923.4849352948,-7083038.8873672215,-5525744.452229904,-4107476.826786025,-2824202.3375974526,-1677860.8524360473,-679367.54901761177,149111.05194099576,775577.24224796484,1166430.0287664856,1302643.18240727,1200286.2864645738,925941.62971527001,589275.90453708684,300798.40256572649,119026.49757097726,35275.44028090268,7600.0765972512609,1164.6457906952592,125.36321475778695,10.06355912423108
0,-10.297965947237165,-147.5794328465268,-1411.8123213915496,-9551.658979897984,-48268.257588779983,-189661.13083026846,-581440.60137939325,-1352204.0067799387,-2293645.3546841387,-2654112.1871979255,-1574804.0421657751,1097250.8453236171,4506331.6832702318,7275031.2091254322,8260256.9175878204,7040198.5112529276,3936553.400140374,-216519.98205768073,-4360103.2409152146,-7485124.469062957,-8852132.3444967102,-17031760.626009423,-21106018.881244741,-20065885.263437096,-14176773.125268579,-4922338.9001737004,5372064.0563953891,14129325.090940891,19169005.948186234,19239037.447901446,14309029.025109211,5511546.9911676422,-5268875.2255378859,-16150131.173120527,-26266514.463125572,-22946037.08159956,-7491239.0792396953,14364656.743607651,34349693.901988454,44392183.404076435,40291999.206418678,23342801.559360828,-507654.97420432157,-22379038.96756085,-34436504.636563703,-32617957.120098822,-18259037.431284089,2242353.8162891646,20562677.635703858,29089799.260249276,24598919.493603688,8900694.969412636,-11570861.123636313,-28305736.436998982,-34550109.162265986,-27761471.643129889,-10720325.509090055,9827351.4312606286,25734287.236694992,30867459.155097265,23721003.646623015,7792194.0828466779,-9707588.3669670708,-21072134.894154985,-21054692.288241789,-9228568.6191101559,9931497.0799835529,28833219.257292084,39753494.96899496,38069641.232199371,24088008.07839904,3201987.2594278185,-16683618.25362939,-27994757.540713552,-26705839.572363332,-22476926.436642841,-19000009.765914273,-16094713.635236261,-13605702.446516706,-11420633.063225701,-9465725.0435182061,-7695748.6444657007,-6084719.2581327148,-4618668.9787778715,-3290223.6615712889,-2096623.0577462635,-1041357.69955701,-137049.92170921239,592858.20088045369,1116684.1749976184,1404297.120573672,1444368.8257348738,1263575.6447617782,937338.26581097336,576910.95221512893,285389.03258865478,109410.11283503435,31350.656449392671,6506.8260580842898,955.46842833786104,97.828595664687285,7.3770938533714796
0,-21.354586495829434,-271.97027032049368,-2386.1793783305957,-14762.308276384516,-66080.406129168055,-220176.77181016898,-558177.86916923081,-1082639.4077834217,-1575322.3753585087,-1593721.8224544795,-751560.6856896457,917877.9067145047,2883147.1627445179,4389151.0962197799,4835487.23537964,4014383.5441139056,2128440.2292699702,-329948.64146646904,-2739680.4203876331,-4505786.2200764911,-5191582.767646974,-9934292.1563614495,-12201357.67369592,-11391671.92727359,-7670361.2812813669,-1930975.7574459659,4428734.5622723307,9857962.92424771,13039293.412037147,13208799.292325703,10329882.707058461,5067275.7329835752,-1432951.5317725837,-7895590.5599951819,-13225224.804784916,-9758545.5634983741,2036413.3472396231,18138309.6389395,32507094.440386057,39070890.198163159,34661615.768719666,20419670.732599635,995764.88751140086,-16559863.239040293,-26148514.341126669,-24721335.795627285,-13530856.089604948,2105873.6788621042,15403708.917757599,20393731.408864245,14770788.81105385,252281.46923090148,-17474624.667887721,-31246375.942658398,-35591099.331251591,-28593215.377119064,-12803955.703233033,5873089.7493298501,20578200.687321261,26085443.199115794,21166091.523182727,8949505.8178592529,-4482251.3876690129,-12761040.409610193,-11582337.43323496,-958859.12756442279,15128149.184354933,30117799.973690476,37498990.052116163,33733303.726454847,19585519.546431508,141991.86405438842,-17483069.925452273,-26613688.403688554,-24076075.724995028,-20071751.078093067,-16797308.815370142,-14076774.534563733,-11757206.138632935,-9728633.2734588124,-7919664.0368611226,-6287300.7777300281,-4807541.8310639057,-3468133.3907770361,-2263283.8289206102,-1191929.8370408949,-259482.64981365582,519522.2895152226,1120499.6021353614,1512774.5301096288,1671116.773723661,1593977.5642957343,1320721.9499786654,936487.27963939717,552802.44547165302,262154.8172166475,95991.979053548799,26084.753032460863,5075.4755451856781,686.2496526114262,62.842620828959845,3.9996342355125214
0,-26.465919596047108,-321.15204610517407,-2694.6690813711748,-15890.730796597605,-67132.291748254531,-208139.3506604087,-485001.23567671311,-861958.58527507097,-1160204.4713072584,-1111170.6101839142,-536594.31644273887,485010.10251394671,1620792.790404099,2447787.8588359789,2647892.5942926547,2124489.0595831368,1009743.9286226206,-401145.84171882004,-1740446.3843600536,-2656277.0005414658,-2891450.7241751547,-5543447.6094584195,-6685550.3322105678,-5960793.800723739,-3474127.3375968901,231230.65913202448,4308486.8518205341,7818130.2834563358,9960663.0708397124,10271478.922973221,8730073.4798384812,5758155.2725904603,2119454.3136832914,-1219241.0099453949,-3137779.3203335465,-831490.30347378133,6227696.331084419,15835398.281201333,24270764.519871749,27682558.458756223,23954975.107177638,13867665.941265937,572763.86846602883,-11128150.946925374,-17123272.288234632,-15411773.586219577,-7135381.0374009879,3681405.533590138,12028916.940942902,13740740.192836441,7428576.172725617,-5259920.7791119013,-19551766.297883421,-29976933.175439198,-32473685.966002766,-25797018.601648569,-12258364.099424072,3269947.0782511355,15413093.349651154,20110612.059515398,16524401.996300019,7330079.8770838706,-2611340.711143089,-8314039.0676294034,-6560401.123618016,2359011.7455867194,14992350.791648371,25945199.423886999,30145860.383276615,25187201.763373494,12121756.769614784,-4553984.4384447103,-18736197.057558607,-24949066.073240902,-20960251.062381014,-17121562.492283184,-14070386.02490486,-11582842.226335246,-9486523.5305663962,-7665582.7990287868,-6048662.2254386963,-4595003.1843988337,-3283377.0833226573,-2104155.6347222961,-1053965.4340265812,-134164.3574287869,647340.19673404458,1273751.8157792876,1719358.1553605953,1955048.5098087918,1961717.3401543535,1749376.2386864433,1371831.2321369352,924624.55926123227,518355.21448070451,232105.94782651591,79287.381851551225,19666.252139941793,3354.9734965515245,365.89964288561845,21.534768736961638,0.03805540931371687
0,-25.741172997277886,-308.59830697823156,-2552.4418156402398,-14779.289163141215,-60967.812969369821,-183451.45192902995,-413158.36172719457,-711399.36710788391,-942855.62205222331,-935210.52211693022,-597574.89830135799,-606.50332747015932,648880.08256759425,1110015.8686816627,1212162.6658012455,912872.22500168765,299135.73101392889,-449988.14988007519,-1115006.8149332632,-1487164.2255290099,-1415538.40996725,-2778724.8446784187,-3206585.676280045,-2488232.9857655317,-692286.21572374436,1847725.5075118262,4614924.2478136988,7036774.7259752145,8626550.9659630992,9103202.6567739397,8461531.3162070028,6979804.4452841124,5175380.7564371806,3746219.3840071526,3565166.2708634515,3392232.1381578157,4925779.0158651071,7793345.2266416112,10555507.085715212,11488802.557097252,9444079.7989634685,4651313.9227038519,-1368432.6079538509,-6310634.6388255563,-8000666.3292386346,-5550891.615175385,50451.423177073142,6326202.4166759159,10187481.958509782,9317362.355206918,3199914.350012335,-6660390.4598113336,-16794774.799457204,-23582255.651775599,-24424442.719454847,-18776815.371668838,-8545660.5086046532,2560280.1203212538,10748337.380559526,13400188.820532305,10145053.6564904,3131484.1358069442,-3981117.0536100729,-7649018.5278442679,-5813292.3189664539,1050895.5134099715,10075610.337443495,17243011.006043412,18981934.792889662,13904444.889450606,3197015.010841012,-9474432.1045263018,-19300477.685910136,-22283584.460313424,-17090996.226517074,-13503434.922297604,-10776779.89991631,-8614790.7386580631,-6819099.3318217583,-5268516.6038624812,-3894418.6751711671,-2661207.6288930932,-1552902.684203211,-564389.21782186721,303887.39505490573,1047095.2381408195,1654064.9173857574,2105275.2903232928,2373809.2056244784,2432545.9885495859,2269503.0511954585,1907687.9222268041,1416713.4549797564,902986.67408954527,475090.23684920016,196363.65796871454,59874.953720563055,12308.241018873472,1400.8745602957274,4.5597224887919019,-24.806735554926234,-4.3855477482120593
0,-21.458898760243368,-262.18337428781479,-2194.7628229114607,-12788.194372233131,-52840.657182305673,-158786.02169759446,-357308.34777462925,-619429.21726061497,-845260.93904280756,-914649.31224737456,-768957.86370338534,-454476.54620928707,-96212.211878476854,167288.50968475058,242567.49631063128,111451.26503342757,-169679.4950183114,-491725.03990808962,-723001.86572130618,-739468.86042240402,-453140.04422652489,-1009731.7273910455,-973848.15966029791,-221991.77953014488,1199666.3624415745,3084412.5906445985,5114789.9741579136,6940471.2447446389,8264725.9974459279,8918076.0433635823,8902017.754848415,8394457.67618067,7721094.0380782187,7309121.7566111805,7648189.1795723774,4197866.7703500269,-900.65608313044061,-3546577.995308164,-5798255.8950462295,-6570098.6998625975,-6178545.8528862521,-5168650.4636695115,-3641234.3900375715,-1738422.7144437721,804834.65457822592,3859817.2085767533,6829863.8086540708,8867441.924349241,8837425.557002468,6249337.0878548976,1294885.3441396465,-4775430.5410496434,-10122332.051611565,-13022715.410314236,-12345242.473870955,-8298497.5226610806,-2223065.8589007943,3509956.2542107757,6789237.959658186,6530786.4278671071,2910863.3903401671,-2439147.3079704768,-7146242.9111851947,-9150844.5402307156,-7516292.9287174633,-2847882.026762133,2700333.6205542395,6563519.6314507369,6638292.4099423829,2403966.9064877513,-4968479.753246503,-12776960.223008042,-17852435.649307951,-17832912.427204192,-12137171.438221261,-9084107.2994717862,-6886165.4268733002,-5193381.0014277836,-3799341.5556105836,-2591153.6143652331,-1512538.5638342176,-539606.7653842388,334003.23934221279,1106020.3135548939,1770280.3014976461,2317184.9623431731,2731433.172428505,2990272.5551723274,3065463.0494811032,2932198.3217165247,2586391.5827819351,2065108.3501022316,1454703.4107605082,872642.80528630561,424519.98643480189,156087.5085872706,38364.085838964151,4237.4764053844783,-727.30455064427929,-386.85389947966308,-74.790263294909906,-9.1388976231160992
0,-15.645939434672583,-203.08815645142971,-1773.6178795402336,-10656.98846236091,-45090.603379503184,-138305.46401934174,-318120.89485333132,-568400.82119349611,-815362.22128881328,-966345.55670007889,-970327.71702589141,-847166.14436750708,-667873.82518741768,-512174.74896113004,-433160.53600435908,-439687.51116301556,-496762.29623743182,-538358.77637223282,-485486.51773904939,-264570.61492889078,175064.36810985717,130991.57002077112,474594.7172893965,1277234.705254924,2507156.5343961464,4035406.2487724856,5666551.2518553017,7186505.5568470266,8415496.0278739072,9252761.8646050785,9701646.5083174687,9867741.9234423228,9927702.6862117648,10068287.175506806,10391431.966223424,3713911.2922550025,-5659861.5076238904,-14729155.887720507,-20967634.613487817,-22655245.197245967,-19521531.926208545,-12905322.02158843,-4554899.6246331204,3240421.5451665609,9013499.7395778298,11876664.995286517,11867291.09714813,9771086.1393069848,6381111.965391594,2838156.0613536378,-65246.407544604604,-1596175.4346960527,-1712438.4046451454,-555845.20736401516,1541569.10140115,3664218.0900307414,5089776.1990977302,5078046.539282646,3266198.1624950822,-18786.133354527596,-4023831.1244993098,-7698495.5275135692,-10040386.492590826,-10385762.174853355,-8921598.608934965,-6370788.0203106739,-4051118.6120786774,-3064533.0087217237,-4068519.3228262956,-6802607.5619226145,-10264746.187154246,-12886812.613656523,-13348651.329691216,-10948473.494006339,-5851179.6234094193,-3810835.0205234136,-2430544.746715494,-1384766.1295706437,-504098.98527961218,289652.99122965446,1024760.6327188683,1704016.2127523369,2318495.8172210003,2855117.7807259816,3299906.0079876389,3637183.5057571945,3846703.4783501267,3902049.2771611884,3773578.8499428518,3439071.6688643545,2902901.7871386129,2216871.9618187877,1484554.0499400834,834368.64689100813,368044.27277209633,112410.68116544075,15364.695220252403,-4316.0312040366434,-2968.6714753255592,-797.10477127755155,-126.97679495007712,-14.084704265076374
0,-9.5571264237673397,-143.25838906697524,-1365.2588139643549,-8701.9082169871672,-38477.673738204649,-122454.69409522101,-291864.34405641741,-542890.67361448798,-820290.75141879392,-1045390.165791354,-1164465.2568004539,-1173954.0259688261,-1108682.8961536016,-1013777.1597461512,-921275.41737724119,-837769.14480742801,-743420.28336975339,-599256.08021069493,-358320.49977094721,22686.520854526148,572307.9491157718,857721.59563894838,1408621.5986070139,2265480.0274294401,3406300.5305102956,4750723.4452437628,6179347.5590868769,7563496.0109551651,8797972.5445016716,9828071.4629966132,10662792.09730646,11367035.37231724,12025758.138005758,12668559.311211519,13132040.006781265,4115687.2561617717,-9119772.3161491714,-22374328.207822382,-31402678.935006633,-33351602.080581151,-27652328.141923998,-16345895.561335128,-2742713.4319689004,9098235.822151443,16353049.4908645,17758925.273136787,14136835.808326771,7796862.3953409418,1400341.7217102414,-2491296.0655983416,-2730588.200181006,596395.08969049703,5819192.5651246598,10974993.927711422,14255038.440482555,14385146.203034412,11284631.928936895,5895246.1422066037,-383096.37282602873,-5970032.0603447026,-9702927.6984933037,-11112489.15214584,-10591018.453404207,-8974761.9556756448,-7467534.3859614264,-6872709.3671991993,-7597675.2963377265,-9230099.0466647297,-11066453.587412335,-12076080.529915165,-11565723.739835685,-9251107.4953660797,-5643446.0790794892,-1677951.5185489054,1689315.4409675244,2183089.5053721876,2447644.0273516276,2677671.2473976938,2948014.1519258106,3270614.6312381746,3628205.7333408357,3992634.3748033787,4334120.296023421,4625621.9124758411,4843568.5503318729,4965188.4683800498,4964738.0856898371,4811914.6018070336,4475727.2813207684,3936817.7619673321,3208409.7260099514,2357346.7051293142,1504420.3370873919,788576.90535836131,306876.31890217308,66388.499493342897,-8538.4762061336896,-13128.269727351908,-5263.3298132780183,-1215.0634123488016,-179.93360900288616,-19.085708798392943
0,-3.8044375264872619,-87.941456595986253,-998.12248415132046,-7007.8257335248036,-33028.858100350073,-110320.04140077189,-274176.49597673642,-531444.68094631366,-840039.11379307497,-1128144.7376594672,-1335736.3908049283,-1440100.4124415305,-1451401.7896836305,-1393877.7226434948,-1288607.2228628213,-1142921.6884399196,-947771.29208217177,-681473.37647189072,-316802.86616989772,171244.43032492534,798073.56478873256,1295664.6131018486,1986006.383615471,2891485.3066636012,3997077.5960290725,5253540.8878666274,6590058.6484704884,7933440.9359923759,9229233.9086461738,10459082.86289902,11648666.395100916,12859840.598705895,14158454.553108728,15541438.407723878,16789416.493630618,6768962.9370656358,-8651683.875127526,-24473066.98774296,-35056972.018519372,-36816253.102944709,-29070891.50651776,-14518956.432760624,2233199.2379408032,15837920.405040741,22540565.515503578,21052631.688441709,13113972.762435939,2463326.2515307982,-6584844.9237818643,-10403906.947657038,-7792172.1727803024,264789.61496635817,10525484.203898441,19291749.272662144,23438868.433645323,21654062.678699337,14559314.178622222,4694561.5201637167,-4872846.7559432602,-11452751.654696677,-13696064.108265057,-11829746.054743478,-7686095.1722528823,-3669817.967652882,-1849896.3848902786,-3064401.6465912964,-6744519.5662345961,-10999039.621870276,-13768451.390191099,-13284780.903195715,-9268109.4776008409,-2680491.348850586,4276893.7313949959,9108468.1168141682,9986421.1699619778,8537154.6508721467,7480050.178118648,6789469.7050915835,6397674.9845509883,6224870.5677200807,6194763.5712451348,6241134.8979731556,6309628.8519435478,6357356.3674380472,6350245.724136292,6258045.555343519,6049430.7232303079,5690332.4181325166,5148681.0054200999,4408318.6803972693,3491567.0067645987,2480258.8579302402,1511939.3103713463,735311.14436928171,242004.55688476324,18963.497584740933,-32805.518659216679,-21988.804337937952,-7554.4117478466669,-1630.0856579148563,-232.28304968733934,-24.009364286854193
0,1.4011669076103292,-38.529276159926489,-675.67056171612182,-5553.0191694032674,-28493.341980654775,-100684.31525893723,-261340.54914077069,-526196.36693493661,-862779.54801493022,-1202645.2493872463,-1478947.0476168019,-1653903.8905633087,-1720536.1650903141,-1690040.6926243245,-1577741.0161906178,-1392717.9522506646,-1133591.5485726632,-789902.26133068057,-346741.7106955967,209735.96557389147,887118.71896348626,1518596.3927368817,2299479.7995596109,3241692.5836366741,4335351.9650134183,5551589.0244030785,6851456.9524663733,8199264.341420209,9577651.7189647183,11001067.131232921,12524322.162612205,14242112.64558181,16273502.425140368,18718791.008537408,21562487.970051676,11882097.58790504,-4162463.9104611035,-20976160.810582366,-32038207.914627977,-33404401.487049468,-24405802.009402473,-8237929.5589343235,9526617.8496158645,22737237.462767467,27155609.540492162,21729348.707857799,9127350.8464194629,-5586374.4725420913,-16803958.537082456,-20269657.146097746,-14888475.490505725,-2664586.6792949392,11799526.035112111,23366701.193320829,27913580.643403482,24278851.156845227,13886333.663759694,749210.84262222541,-10615148.583142525,-16624932.341563394,-15976730.017607855,-9848992.3667310122,-1478397.3779423474,5269273.3186049648,7551637.2122353995,4559589.2465919405,-2160590.9225905887,-9312257.8058843296,-13426074.124544155,-12054931.761290666,-5234495.6499282299,4964048.3268643934,14678766.723954061,19966737.100269128,18216352.650998645,14711927.467467889,12302299.868073162,10695258.742857015,9659012.2524605636,9012165.9130181875,8615099.4972851127,8361890.5672346922,8173224.4856245182,7990545.7451982461,7769695.328608158,7473436.9781799298,7065391.1285056639,6508271.6433644518,5769474.0945117818,4836481.0111857159,3740852.5414303881,2579031.783923497,1504399.4896584256,674301.59593236342,174191.03655127948,-29051.74203062394,-56954.198039818926,-30706.371537659608,-9789.6862567571025,-2032.3260714623316,-282.7442938725402,-28.731953848290061
0,6.0573172173531367,5.4416248738330228,-390.61345975087113,-4277.7570154276791,-24560.203341697066,-92441.752067654888,-250556.76935753052,-521992.8916583503,-881709.29746347666,-1263200.7813762287,-1593624.6548231165,-1823594.8726001284,-1933925.54139904,-1927291.0333140921,-1815862.5667081261,-1610543.8683917935,-1315379.955189361,-927296.95078939665,-439195.77353423409,155873.4162481229,860792.57304016151,1571191.1039125968,2404746.3995474228,3367318.5476809205,4452709.8616484813,5645416.7982119955,6927535.149345397,8289067.7534841662,9740369.4002606384,11325348.72423465,13134495.429684244,15316959.675769424,18090979.146905731,21749922.354879644,26657629.97374941,18216463.328272745,2716107.4392767693,-13832013.433658762,-24612208.595114201,-25536582.034459259,-16022475.999856811,340552.18451389857,17377240.770697452,28621126.335101914,29747185.057056639,20143374.273534641,3303966.7104267427,-14681571.514124176,-27362045.29931489,-30223098.806294348,-22355740.783131033,-6863044.2244902281,10553776.014510984,23756878.341820445,28023411.858338803,22507730.852874242,9528155.4961183108,-5657540.8559074905,-17423403.048742361,-21560866.510311943,-17018376.349473,-6056203.4113663323,6767942.512527124,16229944.562004576,18852976.664794393,13897965.770980267,3914527.779833775,-6438003.1807107478,-12430568.069871392,-10892349.117496811,-2003160.3385233332,11168159.595536193,23307074.848548453,29117587.892009445,25391903.230979264,20095443.938903455,16519004.967736725,14128493.747586589,12544432.4729879,11494829.533075206,10784201.722417289,10272065.696383368,9857757.8121535536,9469637.1279309802,9055354.0581681281,8572141.1520979889,7979739.8159628967,7238643.5852047438,6316542.486347138,5205114.522377884,3945210.9525740244,2647207.6945488597,1478981.352567811,605073.74557554105,104002.93918854567,-76974.77943145053,-80565.952843809224,-39112.381390484574,-11922.699172040404,-2412.976423344734,-330.16665178089465,-33.141991018854938
0,10.248951026004946,45.116518759592658,-132.5860097615668,-3117.6602341085254,-20949.543259779752,-84722.476676433987,-239856.823682405,-515575.1896992682,-893031.12839449139,-1307379.9723410876,-1681131.2708859716,-1956092.5021215198,-2104145.4524999456,-2122044.5144311585,-2020026.8018783266,-1810492.4390838658,-1501281.4230579468,-1094242.7643914735,-587322.60411869595,22064.731634677344,733869.61712069239,1482429.4876074307,2337405.681831589,3300960.6614611335,4369202.415932307,5534939.2807500176,6793497.5785266468,8151454.3748601098,9638085.5631515924,11319665.346812896,13317823.023179464,15834464.901697502,19188099.401366837,23868689.007662483,30622239.35702949,23691432.382531963,9351389.9615109246,-6161298.4209064152,-16182025.50757518,-16701749.068174863,-7245109.748768854,8314684.3421444595,23596302.809460569,32182529.885740533,29997580.785940692,16962551.139354076,-2840185.75185822,-22687785.689828001,-35733756.831451811,-37622523.778366841,-27767868.037974421,-10101074.130244097,8806997.6433359385,22266553.411804758,25432222.687355034,17849283.426477052,2776371.7837019879,-13526202.446583753,-24679085.998645272,-26167516.371125635,-17360239.099572737,-1640684.5221429246,15225048.349539636,26882845.979673278,29384862.609312888,22159651.517483234,8737207.9514894448,-5019036.6251273667,-13281733.755763501,-12164976.252557825,-1865529.0042404281,13731356.390806887,28226951.813974079,35122402.385126449,30651748.484896369,24153759.022071268,19787652.791245069,16860117.169193789,14893796.216282045,13555853.766751109,12612975.126168653,11901321.541286651,11306040.058927802,10747102.992661662,10167163.103135958,9520205.5132018868,8763828.2015133798,7857687.0706972471,6770841.905099662,5499815.784300793,4094718.7964591808,2678910.5255737114,1433041.566197732,527094.27857810562,31870.035170875366,-124239.08994561988,-103285.67948289574,-47062.416058908857,-13913.443229792349,-2764.425622402533,-373.55361771659392,-37.142800983935977
0,14.081411636370927,81.713626792239026,108.18520985099141,-2017.778041281081,-17442.337902247764,-76898.208890833252,-227927.17022320168,-504951.75582573487,-894707.47539204126,-1334359.9081683743,-1743265.2156404986,-2056654.4526759593,-2239678.2745936862,-2284661.8721022978,-2200395.8178395825,-2000305.711124751,-1694832.9703014861,-1289137.5235091117,-784503.13534279028,-181212.46028750701,518695.71135700145,1273701.9879691615,2123232.7779659354,3066887.1786202737,4101668.327707686,5224681.7920522494,6438178.2437081058,7757189.5685140993,9220192.396971412,10903939.062882561,12945028.045035278,15572989.694689518,19163511.002512749,24325763.818516709,32047178.13157982,26191997.482162155,13070279.246821381,-1083671.8107860878,-10134060.985749265,-10286257.109409126,-1255512.0377761899,13014420.879569868,26327743.209293067,32529410.605464894,27966595.984551426,13080860.204361541,-7752046.4285671785,-27646459.048148941,-39760204.995276131,-40168179.844762914,-28844241.476447973,-10229914.167442007,8657539.5090322234,20989216.260455295,22230114.171888523,12409548.771082483,-4365025.0289766295,-21191489.413883757,-31193188.39391987,-29954549.664101407,-17410212.715053681,2114078.6036361186,21901155.771839686,34830738.863959581,36623259.010864049,27013461.675538264,10273063.880794091,-6825282.3842123076,-17428773.436559498,-17121941.974297859,-5938429.565302155,11650259.633181283,28440683.732397664,37140160.181213535,33455603.283390615,26553460.578217842,21890395.147692192,18740560.35196045,16599530.800701305,15114370.793506544,14038106.037277931,13198329.928233381,12475306.494340708,11786621.512728212,11073928.104330519,10290770.629146392,9394699.0652334746,8346168.0368147511,7116839.7689967081,5708776.2209958863,4181214.6162603088,2669301.8263577558,1364408.12382686,439934.83725258335,-41841.602933295406,-170369.2792014021,-124816.48760882842,-54435.98486252049,-15728.595338653266,-3080.3437522132695,-412.07758997426936,-40.65424026106777
0,17.647707459712745,116.24715263388713,339.39668035152755,-937.0926324418316,-13883.572524442952,-68548.207560357827,-213940.88025212809,-488965.36048659962,-885718.86024512304,-1344052.6738008903,-1781645.7494065913,-2128940.5882899822,-2345869.6392943044,-2421175.5627538869,-2362308.7349447929,-2183225.528537001,-1896075.8356081543,-1508249.7124240515,-1023282.9082844297,-443431.6034779849,227707.82954026861,963639.92728628928,1784330.1845925124,2687268.2395834648,3668967.7904987643,4727499.1814607643,5866731.5644243425,7102705.3801831529,8472842.4239366148,10049438.407456126,11960376.208099244,14422357.852664949,17796137.783272725,22679433.927974395,30064448.803904805,24485060.470104363,12339043.664796771,-487787.25120720081,-8585907.3493029177,-8362841.2375240354,122606.21290992104,13095351.568597263,24783306.577864904,29498490.541670267,24094915.718689509,9370002.9457720406,-10279740.784877779,-28305483.914165244,-38276946.006963216,-36828277.066436045,-24589481.606613688,-6233018.0495002307,11267200.801595341,21319222.811931077,20066264.351653628,8046559.8608072121,-9992533.9270546231,-26921318.73207714,-35691859.009410299,-32311377.92433431,-17265931.0375732,4499462.3668687856,25608382.41453582,38620093.205690853,39175280.740248308,27299739.765079174,7733076.0999292312,-12075490.677793529,-24581240.099147104,-25121313.426819846,-13518590.5617692,5458534.0669175452,24326998.438803926,35356267.646453924,33761318.412647955,27241044.100645822,22774975.201239169,19722927.522918951,17620654.448522825,16134548.141265621,15027914.706031028,14134753.823592454,13340018.191272087,12565127.061911348,11754887.196727209,10865325.055941649,9856133.1004236937,8690275.8493555672,7343288.8613922074,5823437.6000968916,4198830.5238672448,2614981.4791081506,1271652.6058039444,343432.87674192601,-116750.46401308918,-214950.39537625006,-144910.99685454273,-61134.931025651771,-17341.391037497193,-3355.698427471279,-445.08584262713453,-43.613572179528447
0,21.015054359875485,149.42751828099273,566.26661749495565,151.26044792536931,-10175.513501333169,-59418.695666775377,-197426.70773023774,-467012.45839394385,-865641.7629617023,-1336675.2442848817,-1797508.7685772816,-2175258.0780629269,-2425714.6472044531,-2534514.2631371315,-2507684.7752475031,-2359240.6821209723,-2102358.298603443,-1745900.301691978,-1294918.6248451059,-752989.15964546753,-124946.02867781594,570799.27597332152,1342519.8865528109,2185586.922652042,3094732.9309040252,4066355.8668864602,5101725.3587983521,6211681.7009040462,7423397.3104489148,8790337.1845336687,10407626.663343783,12436847.478046691,15147401.109721754,18986099.13301152,24694114.316024244,18644723.352473758,7201761.8803993119,-4418961.8123631561,-11566279.106830426,-10969147.773278736,-3023366.5727831568,8872777.7081717104,19471401.038979478,23745997.590240609,19163337.149106234,6543159.7231856389,-9969265.5625856891,-24539285.666084345,-31539986.373998273,-28245154.39594445,-15824239.128678927,1197854.5028895463,16275043.965048043,23400128.774694126,19575964.647391848,5776860.0041658916,-12845361.793365508,-29378683.341136169,-37072078.941116452,-32516989.716591384,-16606685.590268852,5446900.0468719425,26057552.960241619,37936918.554128498,36923524.957535528,23336357.948323041,2084915.9169243348,-19189340.488529749,-32752535.45126152,-33952404.474577531,-22396061.4564441,-2775814.2455378948,17583711.451740123,30841716.152758028,31971111.068207968,26421164.658156145,22545208.139448207,19859419.301657341,17982007.186030127,16625964.592761958,15583092.178384269,14706025.442879282,13892582.747293474,13073460.29260773,12200306.766898463,11234265.633695863,10139185.6231911,8882139.0367997643,7443713.6906363433,5838934.6725099413,4144372.9872708106,2514291.5939354086,1154309.4784607231,237830.33308492671,-192385.69072924412,-257596.22731937209,-163360.94399514617,-67080.968726868494,-18731.228928588862,-3586.715967868518,-472.09889143936715,-45.975570615814576
0,24.221487929435575,181.64879654236469,791.62184804247909,1261.4189127428726,-6268.6221711874223,-49387.665282140057,-178176.67843189897,-438871.3892735425,-834423.76871164108,-1312568.8407197944,-1791712.2556229609,-2196873.0542199193,-2480508.1053030128,-2625416.5129756117,-2636033.5535858618,-2526002.4029645212,-2308989.0448522228,-1994788.933457104,-1589444.956234857,-1097137.5531069597,-521606.35725332989,114586.48474551392,820747.45203740615,1587959.6136293174,2408025.4029863323,3273911.7584118983,4181521.6247626916,5132367.9739091983,6137175.9492068095,7220715.276931718,8428580.6941294335,9837286.4607979953,11570339.262984997,13824844.331622727,16915593.37557321,10022869.590016788,-745424.11007196014,-11072478.865021009,-17094822.700051561,-16067280.533720637,-8659522.9661455192,2234646.4005480697,12089194.650129497,16654615.992975716,14023747.560787674,4813670.8482585279,-7337983.3092726292,-17551023.349951461,-21325514.13444183,-16594726.809854308,-4830108.7142739147,9895294.7946227249,21823863.818706423,25917624.962280579,20025677.485141277,5438711.0570149384,-12701237.305040244,-28147765.841997843,-34844363.503571488,-30076375.229946151,-14982244.923962958,5345789.3433004273,23729420.562192298,33573164.722272225,31072063.409888607,16816607.829202227,-4459213.5168449786,-25515041.551095609,-38920766.21685873,-40405759.644588791,-29408754.100274283,-10188485.060770119,10432344.560664251,25071370.626431353,28740382.94407722,24454130.35136373,21408153.126417939,19274730.637953021,17760724.479222041,16636485.753849735,15732773.121685563,14929100.144330075,14142047.039808065,13315621.492632553,12411086.93454257,11396734.76201137,10242179.28974857,8919920.7489105817,7416569.4720329968,5754285.2337172721,4017517.9467681074,2367494.5060002091,1013020.1747107346,123874.68347021242,-268127.6906927508,-297921.17009386502,-179986.85409627442,-72212.850052609123,-19883.107994117665,-3770.8024295769992,-492.80279685439478,-47.711969597930242
0,27.27737294386192,213.01537165227285,1016.1758487420757,2396.669274973784,-2153.0008488803846,-38437.673054486477,-156184.44434323898,-404602.77886572975,-792276.43930599093,-1272154.9069770544,-1764843.3686804611,-2194333.1060499968,-2510391.6738025653,-2693143.6185278781,-2745233.0650455938,-2679544.3618570175,-2509804.964937381,-2246376.6049263389,-1896140.7457368283,-1464461.9964457136,-957779.55407395191,-386894.21447943372,243076.29540452285,923004.50150775828,1642335.6072375374,2390111.992856144,3155834.1747508808,3930258.2488004998,4705809.6216693232,5476009.7732214648,6232806.3777085245,6959855.9530531159,7618792.1748217335,8125600.3726600306,8320594.5007950598,960306.71850737813,-8710173.1670709103,-17386984.629595477,-22020696.007666301,-20572663.84051872,-13887430.041771082,-4200301.6769580161,4837661.8443592582,9833348.8095604312,9452412.4471728541,4088999.8824910703,-3409868.4996604985,-9286623.1075366829,-10275712.476947369,-4955259.8995629856,5213770.9684464112,16837991.185357608,25277363.958484333,26725264.990419742,19839076.726475321,6000844.5463669123,-10223553.521143591,-23617862.562428512,-29200879.879837804,-24958147.170110468,-12110146.514024016,4807498.1010941658,19633019.993010521,26920096.397323146,23428906.065175187,9923962.8362608701,-9358403.2243387681,-28198483.497740768,-40133115.201772571,-41482102.559035577,-31674289.442891691,-14299555.036853069,4834205.4006726388,19386647.232209854,24739462.220296413,21713778.936556593,19602221.44181177,18130109.706064291,17067036.899462592,16241120.710049072,15527650.627692789,14838039.43592822,14111212.389934968,13306871.416973298,12397514.032341659,11359808.76649023,10170189.265054068,8807508.0696513504,7265073.196711164,5572320.5562160956,3820808.7283623442,2176812.109323516,849589.45360927458,2872.0105152154601,-343170.29957656498,-335519.40164029243,-194629.29014809048,-76483.616710085887,-20786.997407774608,-3906.4401621873117,-507.03715503045748,-48.810406952475141
0,30.169108690364826,243.38414902888024,1238.8628223352548,3551.298016692368,2148.8449983830196,-26635.683628231927,-131605.23266894277,-364494.80068808835,-739634.83029934135,-1215960.2361660786,-1717365.2763059339,-2167772.298600072,-2514814.52644424,-2736058.841848406,-2832158.4518778278,-2814889.1791940792,-2697659.6643600673,-2491051.8102938742,-2202446.316688356,-1837804.2872469318,-1403940.7034721163,-909786.15638932993,-364422.46026917332,221011.65427743457,833507.90841365303,1458412.066404467,2079359.1229933521,2677575.0544415517,3229850.6666453453,3703831.0205666656,4047991.0231763129,4171034.9611665527,3900550.0960812005,2904161.5935744182,568033.38221690699,-6250668.551071112,-13955114.616980538,-20289302.194361567,-23197451.477831151,-21457845.655916151,-15827969.505801396,-7894264.3937217472,-319753.94108114031,4560309.0636592759,5877811.7395201586,3855609.1442391453,423940.74143715721,-1893870.2280363999,-1044216.7231588364,3780022.6108577717,11404600.819552891,19322547.659867994,24289357.795759488,23826623.315444928,17298255.075169496,5969995.4278405467,-6678948.9064323111,-16801344.110984117,-20877201.822279617,-17574132.465499744,-8038035.1434940752,4219337.1046471139,14628244.193853088,19206525.764486119,15598315.966203593,4542755.4006530857,-10643586.662340036,-25280436.197271973,-34539752.164384179,-35540817.695858344,-27820092.863497723,-13945858.020935003,1788742.6318760065,14487073.160965618,20329924.803514291,18430789.104549922,17340796.936968118,16597796.050744351,16028505.206956625,15530972.523754938,15032113.779140251,14478483.786441179,13832782.018621709,13071053.086782206,12177389.036892932,11137181.3980533,9934110.1316819247,8553850.9931343794,6996742.6507499367,5299377.4356690999,3559468.5092051928,1946329.7958537154,666951.85550890281,-123312.40808067554,-416508.54924546595,-369953.82965797454,-207142.76625450488,-79858.290241974522,-21437.223235100722,-3993.0743543268759,-514.780530529609,-49.273022839254018
0,32.863702658336365,272.41152129598566,1457.1736481909456,4712.2789353911676,6587.991299098423,-14118.02978194917,-104729.48402497997,-319034.15228583547,-677151.20568300597,-1144671.7076257244,-1649770.3177938161,-2117183.3052381226,-2492922.531156146,-2752105.5861683995,-2893216.3098332463,-2926605.3054088298,-2865022.7924363902,-2718954.1353574493,-2495982.4285806604,-2202339.2640308985,-1844981.1281369866,-1432765.9595239707,-976225.85688739526,-487985.91669829632,17073.89906925946,521580.31438308815,1005025.4838302357,1442273.9834208908,1800423.0464642614,2032526.6054238423,2065235.0453769367,1773881.2089579399,928723.51220454916,-936917.01727029495,-4915624.0087630274,-9922824.0691701323,-14627038.708090032,-17894707.283058319,-18793052.52597006,-16948769.784162741,-12848620.996481253,-7527939.4533538157,-2393683.7857893826,1361740.0588287008,3248070.7218258171,3478422.4361315263,3014964.6870836625,3091269.22007176,4649611.4040922187,7917191.9300654363,12168362.809358023,15985083.767054208,17726982.796639927,16252843.465099106,11430492.934207702,4250998.3041135548,-3296758.8597146557,-8987682.1750634704,-11024956.65688944,-8816997.7166058104,-3208772.3622439038,3704371.984953892,9292338.6121217906,11285391.724255674,8512198.8919814657,1467621.2948967982,-7883649.2416757299,-16751863.399028245,-22360361.615313321,-22946230.420501549,-18216296.988211766,-9491451.4268409703,863111.96406037465,10083435.042590834,13634963.775639471,14589487.147500565,14841990.20511511,14867596.806484001,14783243.530154536,14604080.02631397,14316432.028993826,13901766.873095816,13345107.776186969,12637537.108710933,11773817.672259986,10747539.219514877,9549444.6549739894,8172051.2049667463,6622714.7333130054,4944801.9698155411,3241058.3427895778,1681781.8871650556,469054.95113393635,-252304.69103683566,-486952.70062106563,-400755.67623104091,-217392.85234062618,-82312.215585771206,-21831.932541056132,-4031.0012990023961,-516.13488988668428,-49.114867320773179
0,35.313582254660638,299.60051340212743,1667.4758999532039,5860.7902497003633,11094.140530467854,-1078.6608623456618,-75964.322143318641,-268889.98987466778,-605702.90917604929,-1059196.8309960526,-1562719.0832163731,-2042649.2252602866,-2443878.7425343664,-2739203.7660678565,-2924792.2396599883,-3009292.9100237843,-3004492.378683358,-2920501.577477878,-2764859.4925444298,-2543855.4079516726,-2264463.4746094332,-1935592.9804163827,-1568285.8590965695,-1175871.9578862279,-774174.0194088748,-381902.71866779611,-21448.406834393718,279557.60970992909,485363.20468743495,546978.82458684209,393509.03385213768,-81710.363002132188,-1040175.8475486926,-2709655.1303200345,-5302028.577432394,-8360422.3696708381,-11181011.668074384,-13081568.818510173,-13539770.110819463,-12367868.856875762,-9818800.3669960629,-6481590.819738213,-3119400.7478318722,-387010.51371997612,1406424.1991467075,2356251.7313959934,2926364.132143531,3719448.7027319684,5185174.499322487,7389064.2525419602,9915050.0762134641,11991553.560367841,12765476.792989077,11664323.982345069,8666942.8812135663,4376855.9733304149,-100424.57885715915,-3528453.9114244469,-4946067.4022132251,-4045044.4978114073,-1307873.2233283848,2116097.0488733812,4791926.439292416,5488305.5276960311,3605201.4397914927,-564427.32433903858,-5916691.3444046425,-10886646.995229993,-13936228.9265697,-14066426.118225297,-11112361.540567556,-5797696.3707689503,518087.76003905741,6204577.2707580952,9700490.90841504,11576710.65926788,12602380.862557335,13176351.823831759,13471340.109535567,13554509.18747054,13448427.725049792,13159006.472469147,12687989.634774994,12038179.597947041,11212949.464479923,10212842.239752671,9034968.7984888516,7678315.6076275185,6156928.0829564529,4520325.261692591,2875022.2895855252,1390244.1172796304,260673.88058629358,-381316.9998946109,-553165.68437489867,-427433.9087098469,-225256.41167111188,-83830.119914083436,-21972.666457662381,-4021.2661964557292,-511.31022627905901,-48.362246035760023
0,37.461322537170226,324.34605591460274,1865.3129016451203,6973.5880723535829,15580.025567929939,12240.685766969058,-45818.93299456314,-214902.95251624196,-526402.5941925532,-960717.38562052499,-1457156.3246823973,-1944530.4301724341,-2367121.3619322567,-2695566.7263478469,-2923618.0664704978,-3057985.3333340823,-3109224.4257027949,-3086822.7886675643,-2998060.8354123491,-2849091.7950978871,-2646724.107903556,-2399682.2998869284,-2118923.8389804289,-1817739.7572406153,-1511925.3261234607,-1220132.3260805372,-964510.40551038971,-771856.54253113456,-675495.49276037945,-718144.50569513952,-955667.54532601743,-1460503.7154007512,-2319892.3831922845,-3614206.1152178752,-5340548.7227901788,-7248035.460336199,-8946063.276319107,-10037523.804400347,-10225520.588741994,-9408006.8152438644,-7722555.8079902939,-5500354.2518995898,-3164791.7881089631,-1086133.2050816114,540808.52748988371,1740096.0126127589,2723387.2499829121,3772325.0789169925,5087345.0703724064,6666869.7184617789,8264997.210921796,9459650.0907855146,9804646.9781404939,9017598.0521266069,7121689.755557551,4482890.3795392234,1727950.6865167539,-452334.30701537186,-1532783.5620960016,-1349099.3286071112,-171465.46798012606,1370365.4003250201,2495836.4039958203,2542853.5772317178,1205965.0483880418,-1332072.7125875205,-4441709.2325320654,-7238814.6506007947,-8860090.490434045,-8739561.3365183976,-6781339.5958777219,-3386628.0847735056,679942.21270528878,4526845.186344292,7450387.1454152837,9451654.2797660865,10782479.015666615,11652675.556840908,12187989.806245392,12454377.882457513,12484629.150297826,12295801.9173785,11899074.890723873,11304681.027123285,10521949.412140593,9556713.2224093191,8411428.4728739932,7090891.6951464592,5615258.306245748,4039376.8639699561,2472165.6089292839,1079764.9776125657,47177.550800856465,-507274.27386190929,-613718.00070177543,-449492.24674678326,-230624.37183900757,-84405.797904076535,-21864.042300521502,-3965.573547057932,-500.6100559559257,-47.051092733096695
0,39.244058481275509,345.97686676169144,2045.6774406856703,8024.2481366364727,19945.340598689414,25559.168427344997,-14891.631063248791,-158074.80295940861,-440604.45985153009,-850729.31342363975,-1334398.5325123193,-1823607.64115315,-2262560.470157383,-2619949.50681481,-2887061.3422303195,-3068478.2837058324,-3173292.7120825108,-3210149.3919718862,-3185874.5769525282,-3106302.1016068538,-2977867.6995641813,-2808822.9335590587,-2609573.0242582927,-2392743.1705348855,-2173269.3666609605,-1968611.794489702,-1799104.1428711785,-1688539.2521578586,-1664959.3120423902,-1761539.1350546393,-2016906.4758369073,-2473279.090868684,-3168705.4873480732,-4116807.183978017,-5267589.9415737577,-6463415.2922020108,-7476150.0057331929,-8073367.7661624383,-8083406.5023713084,-7447877.2979256678,-6243151.3652647315,-4656754.6321746456,-2929259.2685445994,-1277060.5726984257,172626.04932300729,1407833.6052794121,2513128.9680484212,3608467.6075828308,4771070.1533963345,5973676.8498823838,7066328.9290527031,7815028.1141821006,7985094.8006552216,7440108.3356057461,6215516.7199439202,4535329.6023247568,2761547.806791048,1285885.7844847427,402419.58023187268,203858.65579658322,543490.59391819942,1079467.7494666367,1390729.1245795442,1125854.0687286246,134313.01640948351,-1464674.1617125841,-3305351.7673450485,-4882342.3690298414,-5705191.859022567,-5451184.2625434389,-4063691.7811924452,-1766757.2402708833,1009819.2751213721,3770796.7616475248,6130629.7635875987,7973653.6671926696,9344180.7786559388,10322773.109262807,10975888.783482736,11347778.256921895,11466126.528036298,11349249.903188089,11011543.235875307,10466703.541503811,9727417.1438901946,8803091.1528910603,7700381.3531805016,6429073.8918118589,5014675.8560878392,3516390.7534179846,2044110.5625993437,758970.00895897229,-165728.58794532786,-626957.24083388026,-667151.79931236128,-466450.33028883755,-233405.97280819551,-84042.190917446569,-21513.51135130769,-3866.2076754473405,-484.41783886708714,-45.225405072918498
0,40.597311038824259,363.7917955947712,2203.2496142049927,8984.2477261372387,24080.187971676758,38564.581267525398,16142.196733207811,-99556.969401637252,-349903.90635927062,-731066.73510609346,-1196193.4017758439,-1681181.6417520654,-2130719.9993564389,-2511827.4485401525,-2813340.9309000922,-3037576.2415039078,-3191970.2932237014,-3284132.713288343,-3320263.3851436255,-3305709.849983993,-3246346.0675824387,-3149695.0869688834,-3025249.171304937,-2884492.4092416056,-2740897.2160742693,-2609974.3952734666,-2509325.6787683954,-2458729.5659124502,-2480108.5261192657,-2597167.7316772528,-2834061.5848374595,-3211979.206737855,-3741857.8658357863,-4411412.7063888703,-5167670.6135253562,-5905689.0520856287,-6486221.736931012,-6770299.5647714715,-6656481.5304720914,-6110090.6040319838,-5174339.1895816317,-3957466.0974774435,-2600299.9490423133,-1234458.173607755,52880.770751274853,1234029.2974010173,2330949.6869287794,3383676.1150920973,4410298.2038113475,5376043.5425281553,6186027.2694685645,6707718.8499227092,6816630.9673608914,6448780.235805464,5638609.4001664538,4525483.0644777333,3323057.8679317571,2258550.4416677593,1502188.9253959898,1111312.0632529757,1010866.2240052425,1019425.2684308318,914061.74389459519,512914.59087106021,-252617.92406155754,-1301264.4023437314,-2415652.7089300305,-3302506.8555856175,-3679656.4044324332,-3361590.4082657462,-2315203.7622299674,-668134.80435933045,1333007.3315594266,3401117.9402718395,5299351.871428635,6905473.3141469657,8188301.4841596205,9159343.4736127984,9841389.5776676126,10255743.791720083,10419675.955704186,10347642.823163871,10053284.795907194,9550865.6891506407,8854349.2774789911,7975223.0116670541,6923252.9215586409,5712340.9385070261,4372480.7184549049,2966153.3304334558,1602772.2043245956,436674.91820596909,-372256.37609546573,-737144.12595278188,-712044.49502739182,-477864.77953931206,-233533.01202027165,-82751.474633826452,-20931.120502348516,-3725.9543084781258,-463.18359459018569,-42.935713668263006
0,41.457813338192445,377.08695496658163,2332.5769830974655,9823.8013141628016,27867.812408499274,50919.74514869893,46540.803872078228,-40638.235467872073,-256130.71269892587,-603910.15318100504,-1044751.6604632434,-1519134.6942096404,-1972828.4032090658,-2371517.8639900987,-2701674.2950307312,-2963268.274527038,-3161930.7922237082,-3304076.8653252088,-3395131.920663394,-3439818.1027297056,-3443294.9429450817,-3412164.5233246014,-3354754.3158402443,-3281095.5648096702,-3202832.7409458966,-3133135.9496093132,-3086521.6452676607,-3078598.1365846745,-3125547.4712272454,-3243192.1212547738,-3445190.6797848786,-3739826.6126445718,-4124792.6288461653,-4579974.5782983173,-5060286.9311294435,-5493922.0325758085,-5792754.9803543277,-5871453.0531381341,-5668610.2959097279,-5163129.0908923205,-4380252.1738017239,-3384438.1857253369,-2261357.9510872751,-1094961.3949692901,51966.302317299,1146603.5107490707,2181453.2804006506,3158387.6258516856,4068536.6915728459,4877256.832692313,5521869.7148299851,5924949.9520376874,6019499.0982092591,5776863.0848620562,5226095.5073202904,4455782.5020755567,3595469.668751074,2781143.8560043927,2115911.027859082,1639530.4158736262,1318377.1986644026,1060662.6294343281,752867.34878490015,305641.23734725232,-306511.47784710384,-1025720.5882088242,-1719244.6608288733,-2213792.5450317916,-2344879.1040941812,-2005209.3899537604,-1176471.7055186308,65579.585142446856,1574007.0292355893,3173611.8926349869,4708593.7777263168,6074717.5260734446,7218316.5965488777,8118934.862671569,8773159.2125530802,9184975.5695054512,9361546.8940629084,9311952.4138056189,9047215.6902379338,8580481.6971332487,7925592.3524760986,7094989.5764143337,6100618.6396257859,4959649.6678176252,3705646.0663436265,2403228.4916525395,1159890.9685987481,121540.20503092883,-566759.0489438381,-834732.93389162666,-747061.32575877244,-483344.99111478188,-230962.08728923392,-80554.568053377749,-20129.153231196618,-3548.0047646861108,-437.40884547777864,-40.237456331759226
0,41.764635455831389,385.16719739041082,2428.1569560555931,10512.279594105135,31186.121883068688,62266.500598436367,75503.785278208292,17266.18631654447,-161338.21470718324,-471781.61600735423,-882754.71580312354,-1339954.6000402614,-1790862.9820399082,-2200242.2346154144,-2552360.1971733123,-2844826.723208772,-3081366.0617723512,-3267072.3158014254,-3406477.3847348015,-3503568.6285030791,-3562682.3519155048,-3589374.7538350541,-3590661.0867849072,-3574957.4726818204,-3551925.7200128427,-3532293.5677581234,-3527532.5206196303,-3549422.0513659888,-3609325.9879952725,-3717117.3682151102,-3879496.5957706855,-4097519.5306306551,-4363299.4682344794,-4656311.6533546569,-4940826.4701156663,-5166895.8540572096,-5277111.7235868564,-5217690.9858142044,-4950639.1135727344,-4463049.5955985272,-3770518.3098023375,-2913185.2909398749,-1945735.5143157614,-924637.62765567761,102796.54284517872,1103758.4937597376,2058125.2001571823,2950745.7968846508,3761687.4639260988,4459314.3482325971,5000208.2395374728,5337183.5041771559,5433279.651060245,5276660.1459467271,4890384.3726568781,4332284.7398593174,3683611.8334884821,3029158.8200707398,2435122.0608501341,1932277.8758787543,1510722.5869705002,1128687.757865286,732996.68071322923,284567.81999357353,-219828.70640627711,-737273.77357520582,-1184120.7969388433,-1455842.9698891537,-1455310.498479902,-1120435.5230330194,-442498.14769108762,530598.31186943816,1706729.6869708574,2973063.571597199,4222024.3917393936,5369712.9809636045,6360317.2812068583,7161107.5298882956,7755154.2809631964,8135514.7984243622,8301719.1770411106,8257937.6279361472,8012179.3990545729,7575766.9135236498,6961657.8716139356,6182502.7577983746,5251694.8936937368,4188889.9589741719,3030290.3751513818,1841488.3210716147,726651.8076153486,-178203.85822512058,-743901.59012821491,-916826.12920154387,-770984.81253171898,-482557.04287251428,-225671.96705181801,-77479.135756148753,-19121.434264138636,-3335.8075853430532,-407.62590730233222,-37.188945326213627
0,41.457292369713585,387.3300944045281,2484.3490330582472,11017.908755163786,33907.111335385918,72225.450322813878,102173.83962036677,72620.509694748835,-67792.71789594728,-337531.19730088057,-713341.97291347187,-1146728.2415800067,-1587551.7872157153,-2000140.9754416605,-2366803.3873847779,-2682843.919083409,-2950029.761197194,-3172045.4892095644,-3352437.6624559825,-3494379.1458366825,-3601314.0943006752,-3677688.569359493,-3729146.4603246595,-3762447.6755093248,-3785274.8874733062,-3806009.5321394899,-3833345.8699230184,-3875798.6798335225,-3940952.9507173672,-4034473.4307214017,-4158748.9077291787,-4311177.6927471505,-4482230.1903898269,-4653715.6938092476,-4798178.3113931688,-4880498.3566212794,-4862447.8889168389,-4709397.4709570725,-4397479.3188380608,-3918993.3858306999,-3284419.2905256017,-2520242.0834827982,-1663362.8832649265,-753899.07698761835,171128.97549492851,1081200.1533949482,1951937.7061395773,2761684.9363380903,3487107.5094826026,4100348.235852486,4569830.7570269238,4865213.731797657,4965278.8762533888,4865911.5761955101,4584954.2073337687,4161403.0966500905,3648376.3089945083,3101497.1472045635,2566243.6357711498,2068492.3463339885,1611638.228056411,1181605.5062586914,758260.16224237031,329517.71686636197,-96829.249803323299,-487807.91673783195,-788854.18473845103,-935478.31551643158,-869664.71717610338,-555837.52953645797,8451.1562904762395,790406.36497025134,1728734.0796885716,2746754.7738582171,3767157.9152148268,4723381.9576407047,5564611.2419721857,6255504.2753994241,6773504.5802373327,7105839.3973152293,7247191.3046251265,7198099.5523049338,6963967.8399465419,6554253.193127105,5980749.5235257065,5255898.4481434887,4393998.0743034622,3416486.5805083881,2361279.5681032939,1293760.0885408842,313408.48534832837,-454940.46387335286,-898754.69124043256,-980757.2425227944,-782705.52406299498,-475206.09737486253,-217651.52551728432,-73554.479044668595,-17921.893071043709,-3092.7958991030105,-374.36271802004086,-33.848190737749391
0,40.467928701113671,382.79785139832796,2494.976500774183,11306.200652245916,35892.694664443959,80388.539113899984,125628.29084380834,123763.83047499135,22030.956820995769,-204321.02569042362,-540083.90733848547,-943106.16764566884,-1366336.3489523435,-1774236.7389211582,-2147484.1103248443,-2479205.0451583415,-2769213.5484048123,-3019730.8782079271,-3233252.5429948508,-3412080.8171691201,-3558730.6514305472,-3676520.4424664392,-3769729.8412916106,-3843508.4344210443,-3903668.800105901,-3956456.3085586689,-4008160.4272401361,-4064641.9102420066,-4130657.3043393423,-4209036.3401755868,-4299676.7975158151,-4398423.8147552609,-4496007.6441442491,-4577332.9718281804,-4621668.6221615719,-4604173.8743742658,-4499033.1311314153,-4283643.4175232258,-3942966.1570591638,-3472749.8931351812,-2880789.0565803768,-2185737.6932425145,-1413979.1705560589,-595485.44889765396,239916.71706479759,1064833.0207427838,1854635.2593504826,2586239.2764172503,3236424.482170261,3781004.8658299134,4195919.832074373,4460408.3359312676,4561553.5429674657,4498591.11754373,4285266.0126173086,3948893.9638816505,3525931.2995080799,3055046.7640159205,2569744.2031763825,2092897.6290335984,1635050.2350153693,1197154.5260238538,776847.99201192369,376163.56465257221,7849.9676481596034,-302039.42762938677,-516612.08104060288,-595131.6678819427,-502663.98131540034,-219402.2931098532,253040.36407605375,890286.08762867004,1648949.7092519817,2474183.1300973734,3308438.1204551198,4098833.3985100267,4801478.2104536891,5382834.7928174287,5819231.9245087169,6095592.6339549851,6204119.6706941649,6143137.4735354632,5916199.2663999954,5531222.1158004208,4998883.178316433,4331243.4358383212,3543124.1894870973,2657119.0715720155,1711944.83285943,771588.69390057796,-70478.064246830458,-701738.16847228468,-1026786.4875222483,-1024032.1781313677,-781151.03076276905,-460981.75733045029,-206870.19592907972,-68800.224728188579,-16541.533733444019,-2821.8259211373434,-338.07122928419562,-30.266308199566701
0,38.704304545947139,370.5723696416016,2452.4916842337661,11336.676275115327,36985.873184599041,86302.532475998843,144857.61773865719,168891.90236187572,105444.07217942667,-75610.290333322744,-366941.32381741208,-733235.14517700719,-1131279.571905639,-1526325.9819267683,-1897836.3547998115,-2236958.4329863908,-2541605.8299666485,-2812514.51293338,-3051081.9575007935,-3258700.6030445034,-3436940.2348746588,-3588005.4061159175,-3714862.0509317219,-3821149.8999046409,-3910979.9591328269,-3988724.5067601576,-4058663.0575904353,-4124572.2158343503,-4189162.3418427501,-4253442.2248558067,-4316004.7539903456,-4372333.1894579874,-4414254.8810921898,-4429747.2089402052,-4403384.1515127104,-4317610.6977475202,-4154908.1332968404,-3900490.6960722571,-3545016.6354692797,-3086581.5783501836,-2531538.188931494,-1893879.1446800276,-1193472.3389649456,-453651.7924131676,301059.61070535425,1046542.8179108998,1759705.6450703868,2418342.0281618414,3000805.5844863984,3486140.547852254,3855219.3924637488,4092876.0090155411,4190622.3685321123,4149012.0142468149,3978745.8018272328,3699804.7829381968,3338586.0198172783,2923655.064118905,2481308.3638410433,2032285.7410411616,1590643.2116794216,1165147.1652864888,762623.1927714065,392075.88101027301,67952.713993103345,-188730.56231044859,-352152.13850342797,-395980.90506172314,-299146.08688130369,-51344.082093659585,343239.17384019156,865129.48317809158,1481771.8108714344,2152073.5063159005,2831856.0570957134,3478806.7528859735,4055927.5464598858,4533300.6507467153,4888560.8915170897,5106586.3075959384,5178876.5532353101,5102803.8996802066,4880895.2537531611,4520025.4446462663,4029995.3282112535,3422492.0600039451,2712609.2512490628,1923542.111058142,1093914.6020913848,285123.91526957648,-416666.66327084537,-912285.71040860354,-1123726.4134673777,-1044164.9461034234,-765139.44158442866,-439458.25931062532,-193226.72022761503,-63207.029206160019,-14983.249830736288,-2524.2022324020081,-299.00040166192406,-26.473372309205239
0,36.052761024165136,349.45736827014252,2348.0797206507095,11063.150724762379,37011.06049820465,89468.53381078504,158763.23310939272,206055.26079549285,179551.89358879413,44880.871083892882,-198177.17098800605,-521593.50248826842,-886806.58068098372,-1260609.9447682858,-1621763.1308903054,-1959708.1846023698,-2270560.6896921005,-2553575.2786624222,-2809018.8555215793,-3037344.7117962153,-3239175.0941918432,-3415633.5517695532,-3568448.3289544284,-3699877.8787725619,-3812527.2667982993,-3909168.7953204373,-3992446.0070810639,-4064539.2759723468,-4126725.3340794654,-4178905.572784076,-4219119.2007474424,-4243126.1057564756,-4244159.0339453593,-4212958.3856407208,-4138257.6482380205,-4007769.4299395434,-3809692.3743682592,-3534472.400275032,-3176544.1222019102,-2735593.8822911386,-2217132.6855108822,-1632191.8193003384,-996348.41575466515,-328304.13869273663,351521.95078084146,1022139.3982796153,1662673.6227229442,2252734.3980142926,2772724.7993735671,3204416.3567263442,3532038.8082110626,3743811.2067349707,3833658.2441947218,3802550.536779149,3658995.1566588641,3418293.2816876308,3100622.8935997374,2728326.413835004,2323124.6349808741,1904016.8056161876,1486436.9606847749,1082849.692330206,704441.58637801418,363225.34572799027,73622.290268068275,-147192.0007740049,-280591.62832238525,-309219.37250522815,-220502.17673884571,-9937.6663037790568,316715.26320377982,743028.23086093762,1243322.018032192,1785570.7656141673,2334974.0928162723,2857403.9653181452,3322086.4005170027,3703300.6018343805,3981201.1771720978,4141987.3652080609,4177699.9217912615,4085765.6763588064,3868443.7655981672,3532105.8834257945,3086019.364840623,2541620.9319821671,1914127.0020141269,1226840.0045142916,517410.03001817502,-156566.61284679521,-717536.81369495916,-1080641.3245184249,-1185392.777934893,-1038591.2774726885,-733358.85882857535,-410105.13076703722,-176563.5194408512,-56744.484441364322,-13244.476118650586,-2200.2589221187827,-257.28136074601395,-22.486946235867599
0,32.427117743423779,318.48037320086883,2174.124242631508,10443.560255046114,35800.952963463707,89392.718267693097,166223.06350369463,233212.65104129835,241266.7206119695,153134.78517909633,-38425.415358611877,-313052.06788892549,-637701.76924208202,-981575.26066816796,-1323353.6533388167,-1651136.011404664,-1959398.7145152884,-2245950.8617146327,-2509911.4917342565,-2750776.9715918726,-2968231.5473493701,-3162366.1822681297,-3333762.7388058659,-3483440.3846341013,-3612698.489164284,-3722973.1244859351,-3815601.8807178307,-3891570.8533422253,-3951181.7939923913,-3993720.1221422926,-4017125.2556097042,-4017754.3051721985,-3990283.7640785282,-3927837.1766463015,-3822403.1901378734,-3665573.9713363033,-3449576.0561389197,-3168441.4532853998,-2819137.1153193424,-2402399.5542367613,-1923145.7904472721,-1390362.3382782449,-816582.58691683132,-217064.09140201777,391091.66091338533,989763.32642053708,1560466.0314108871,2084919.4896035364,2545635.9187048357,2926677.3562654611,3214674.6627399628,3400005.7371005113,3477965.3162054685,3449570.8984362092,3321758.2616960676,3106764.1443339037,2820781.0130403037,2482134.1022757199,2109424.7147391937,1720087.3223487947,1329683.2894696174,952033.15562545939,599972.04671848135,286333.27655825729,24615.186517590966,-171070.39242958426,-286992.51296675543,-311576.7221258902,-237589.33006181609,-64111.094409993253,202200.99248619215,546985.53447110322,949197.24589949567,1383101.7481160569,1820747.2994204673,2234454.2048060042,2598890.2624140289,2892555.6980696879,3098663.9786276566,3205514.0096545778,3206501.9172150255,3099850.0433825185,2888169.9178578923,2577829.8809306882,2177929.7251048731,1699835.7377096147,1158790.4087489159,577734.62052218756,-7546.945500403408,-544501.29022403422,-965499.63564411935,-1200905.4636472929,-1207707.4085334237,-1004916.4393416516,-684687.63869205012,-372544.83276590303,-156811.64426356126,-49418.771464818703,-11333.23238259288,-1852.4483855228145,-213.33685727880706,-18.354305815341021
0,27.848674313806484,277.61319653879792,1928.6307292074061,9458.6402885244879,33251.248368118286,85698.7734077895,166253.45634648888,248383.96359763455,287360.34705438977,244705.16038006963,106954.58635778587,-113433.10833227519,-389809.90331667539,-694756.30444473703,-1007632.7496097909,-1315669.979085451,-1611943.1119935855,-1892898.405607804,-2156519.5558440811,-2401349.227120894,-2626164.9621485607,-2830093.2263279632,-3012679.1213299781,-3173852.0450046002,-3313804.2488834062,-3432878.3823674419,-3531393.4225693624,-3609460.5114386082,-3666746.6231169086,-3702244.9275692208,-3714059.587721644,-3699270.689462678,-3653911.1350251618,-3573102.1522351322,-3451381.3208860313,-3283223.493409195,-3063738.5316671454,-2789440.7349092523,-2458995.0066212225,-2073776.6066015407,-1638188.8437680739,-1159660.4782360287,-648402.61817622208,-116948.09542783813,420383.50084239698,948079.80875127704,1450008.4579890757,1910036.9672991505,2312712.3009932432,2644075.3835370559,2892599.6464712522,3050158.51657758,3112890.9258531197,3081729.2922286182,2962462.4541364103,2765223.8420099858,2503501.3872889508,2192833.7679698453,1849488.6688834608,1489385.3967462061,1127464.8577186533,777554.48003849958,452607.38787180197,165067.80708440088,-72944.949046595488,-249876.22013401354,-355505.68057611631,-382142.88992301683,-326003.42542389227,-188391.94552001846,23612.676029791182,297223.65444515855,614765.83178104879,955146.87979350123,1295663.75427168,1613863.1389388554,1889158.8879656391,2104074.7233028668,2245058.0952329808,2302900.4752714387,2272835.8565259501,2154366.4981668587,1950901.6143999191,1669200.7070747179,1318515.3178898541,910305.67887906032,459732.76335633564,-11118.818175401077,-469262.71987750119,-868462.40021542169,-1152303.3477103666,-1267146.5831899499,-1187110.7692039579,-941574.42385233298,-618829.65023211227,-326992.52024119993,-134213.47568648917,-41353.975245565161,-9289.0997084322662,-1489.1034849011739,-168.34691285664061,-14.196870346268868
0,22.526391798832027,228.53905971863244,1620.2597882721782,8134.793365890574,29393.406755905045,78292.677658066037,158278.08874003842,249960.89942622036,314678.99435602035,314673.22446506779,231449.75502525034,69628.6265417385,-151299.81225484581,-408329.16908701515,-682395.54613076872,-960475.63995260443,-1234589.476718094,-1499981.4083246146,-1753566.5890757868,-1992981.5930769034,-2216166.6680472246,-2421387.7360933148,-2607289.2762885052,-2772878.4305083877,-2917437.2903957507,-3040443.0641717403,-3141442.7140653683,-3219930.3303153426,-3275183.1844232008,-3306113.3351805885,-3311123.0877187075,-3288031.6457241434,-3234071.4346430213,-3146003.4651865452,-3020342.0756999562,-2853708.1675571296,-2643276.1122639757,-2387276.2974555097,-2085479.419565612,-1739587.3265179864,-1353482.0961547284,-933297.0932272824,-487339.09900342999,-25863.564190499153,439236.7910344078,894846.55035410251,1327106.1219796462,1722002.8628456299,2066052.2855284901,2347097.6657112772,2555164.8944446761,2683292.3358836509,2728216.1275368682,2690753.7578874021,2575811.9610145292,2391965.3192860582,2150691.6741425395,1865386.3022866566,1550355.1002654161,1219955.2597152989,888014.56785016786,567555.18656008854,270754.9379899301,8984.8645754705358,-207250.64152917845,-368622.32360520528,-467573.8231368069,-499141.31078715913,-461822.9713816974,-358271.65698336222,-195617.10883343796,14730.211118603058,257787.39684078473,516150.05666200136,771373.34506879689,1005403.0090568509,1201845.1209970748,1346982.5841172938,1430470.5727470035,1445725.5309269291,1390032.9422344053,1264415.1112184231,1073317.4024492365,824123.02761718293,526433.1361674912,191872.55530331651,-164669.15021121519,-522534.68133881589,-852521.98055580538,-1115970.3712345404,-1268829.5139607971,-1273896.5305724952,-1121488.982956379,-848838.66969581402,-537119.31292344071,-274738.51666944259,-109537.13104488207,-32860.762564001787,-7198.6151840323118,-1126.7920545091079,-124.48957768865644,-10.2285587012639
0,16.889410424903076,175.05062929159118,1271.5451057299172,6561.6449312640625,24460.677085157149,67538.318996835325,142467.05945298696,237189.595445204,320636.44324358483,357936.61403692485,327258.82603351062,225972.80818850087,65980.745053691979,-135088.6276247949,-360744.54788212857,-598472.74395383405,-839726.1007645413,-1078822.7607126061,-1311768.1537473183,-1535412.3079096109,-1746991.7527265206,-1944068.6322792179,-2124567.4745279234,-2286768.7076698449,-2429255.2454457302,-2550857.5900143343,-2650573.4112370559,-2727487.852921742,-2780670.3014087011,-2809078.397448896,-2811465.0873741559,-2786330.5425701942,-2731920.1549959793,-2646297.3857773547,-2527482.1163092507,-2373665.1343236365,-2183478.4786078604,-1956305.5602947066,-1692592.3168862083,-1394119.496229178,-1064207.7068283304,-707828.27479280334,-331629.59469976841,56139.137077744723,445786.59016316151,826457.65690598055,1186514.9046874091,1514063.2706700466,1797581.4935519255,2026662.5472746773,2192778.8468375043,2290004.0048783245,2315578.1682960889,2270210.484236923,2158071.4742179336,1986446.7601427229,1765129.8461243955,1505642.525728001,1220432.2569984298,922155.92708602792,623148.97525916842,335086.80515582196,68811.052781315011,-165795.08145947076,-359973.57467740274,-506402.44092144252,-599651.60762228828,-636744.12465015426,-617693.74253407645,-545885.40287655848,-428168.24609780009,-274583.04314609128,-97731.033983110538,88157.58229220401,268310.23186401941,428529.74442216172,556192.39406628732,641060.25674753089,675842.14891576394,656511.49852595001,582384.28890993877,455999.31778506353,282841.86229535588,70934.276692793923,-169768.6517874111,-427576.69611324492,-688203.30501251458,-933085.57756426162,-1137803.1724542179,-1272392.7288252239,-1305955.5359993328,-1217485.3709886845,-1011593.1474541171,-729972.15687828336,-443231.63957712002,-218467.42568798331,-84170.924239336382,-24449.956284853677,-5193.8806725578734,-789.23790660225905,-84.707123563070397,-6.7245710014896352
0,11.524513330804856,122.63021312931971,917.41999506126706,4891.7619468625262,18910.276584444509,54369.519724424361,120050.07404984145,210769.7073337014,304062.51577071147,370121.67963183642,385991.09052974696,343113.03046169551,245988.2668381542,106209.04174641905,-63278.921445875421,-251349.93475728398,-449533.1823409106,-651646.67442881514,-853069.1272039063,-1050083.8484889809,-1239437.0704694837,-1418214.9666757176,-1583856.8351500141,-1734154.7673691339,-1867224.7089044799,-1981475.568698857,-2075561.5053171404,-2148337.2849894189,-2198796.3723590216,-2226014.3066682401,-2229085.9773526588,-2207090.787249418,-2159077.5686581796,-2084097.5032280509,-1981267.5363167725,-1849882.7920065972,-1689557.2034046005,-1500401.0905450832,-1283208.8494660312,-1039649.1065240066,-772431.42102050083,-485437.34710359608,-183804.58133073812,126055.419076762,436515.73675983801,738906.50036108634,1023804.9381188016,1281472.8210726415,1502406.5117278877,1677986.8531978664,1801142.7587675264,1866970.1417691796,1873200.0338185381,1820449.7710561503,1712213.2569773106,1554582.9414295834,1355761.7395567365,1125437.9879888487,874132.36552411516,612598.14893725351,351348.48527622188,100313.05656108489,-131386.5916568409,-335623.38159772137,-505460.86897698254,-635425.80982916523,-721842.10112213134,-763201.7402165028,-760477.99767079903,-717303.57004953246,-639925.28174516128,-536899.7859840485,-418536.09884589666,-296137.83589217177,-181143.9463801237,-84259.49388079968,-14682.49269942827,20522.001362286141,16846.886805516548,-27426.910370690763,-111196.12393880903,-230653.03388516777,-379521.12701895338,-549378.57958725188,-730160.77620514983,-910434.24339902645,-1077010.7693950729,-1214146.1271024432,-1303083.1438472811,-1323308.536495534,-1257143.0506431099,-1098402.8939221171,-862763.17850898416,-592146.64369196328,-343440.75103221636,-162181.02257540068,-59990.927956082975,-16757.048501268044,-3427.1862081105169,-501.83800500284929,-51.922236972245571,-3.9375892477790044
0,7.0106969125255256,77.054769171757158,597.49907675444763,3313.3016752714834,13366.389686214879,40248.318965260791,93448.955071499251,173402.73791151997,266350.28303840454,349321.61204682151,400773.80514329096,408348.07862695958,370201.07814538869,291853.52674608328,182004.16046568891,49517.415880343971,-97975.031370341123,-254366.11454449379,-414824.99865471578,-575390.45794097381,-732610.89079972787,-883388.3726068798,-1024965.9906512875,-1154924.3109800753,-1271170.369415388,-1371922.8789698803,-1455691.5240327064,-1521254.8792573963,-1567630.2458942034,-1594040.8802343775,-1599876.3103832465,-1584660.5534169963,-1548026.7600885548,-1489713.69872082,-1409576.2527580403,-1307622.0862630603,-1184065.5832096329,-1039411.4148660785,-874557.42603028985,-690920.61335436872,-490569.24094721198,-276353.77729377418,-52016.905870316798,177736.69908431798,407235.69918399845,629934.45104740211,838620.11250539892,1025751.9050191381,1183910.2871239448,1306331.0887252653,1387454.5258497247,1423431.9071241103,1412505.4588166871,1355213.7615271439,1254384.9917354072,1114919.8804923173,943407.3576127144,747630.34271438513,536043.92185196583,317286.58614400274,99780.623198396454,-108576.50211643381,-300633.87318624114,-470174.4250662133,-612094.14287284424,-722613.25409016875,-799503.04234405665,-842311.60289660376,-852524.18158488558,-833612.99895961152,-790919.83747886308,-731357.93410672515,-662939.2954883182,-594173.13756546762,-533402.59637046419,-488149.07612868771,-464537.27570189605,-466841.34133130009,-497190.10439022497,-555425.31071539002,-639109.13453417353,-743637.72594412568,-862427.88899882126,-987144.12492859154,-1108106.3047076368,-1214680.4424325628,-1295398.3166879935,-1338001.8129138697,-1329939.0162358596,-1260172.1264971129,-1123114.0429652822,-924482.59021123091,-686447.6676645535,-446606.0695436626,-246071.40058892951,-110567.07583614154,-38964.206693004555,-10379.280756878197,-2025.9966864167491,-283.26008845165211,-27.975633947201416,-1.995823296659722
0,3.7157485110051085,42.48518174959213,343.99120406305701,1998.6263036845007,8475.1957814321941,26905.381680030991,66046.189471735343,129965.87459960533,212524.09128487293,298417.22723384388,369885.01991576055,413458.98689745524,422925.52890525945,398578.96249375981,344760.0263494344,267456.42041764484,172731.36157919106,65976.47781935893,-48267.76027313665,-166187.41076799232,-284471.68932316458,-400164.638064567,-510626.04448967811,-613519.61067746556,-706808.68359122204,-788753.06562797702,-857905.3340883943,-913105.32427769713,-953469.91893056256,-978377.26206519851,-987442.41753707174,-980489.27841547318,-957518.97136589186,-918683.00687308039,-864259.84473536245,-794643.1539634564,-710341.22470980335,-611998.86181345454,-500442.42975797708,-376755.12680203177,-242374.80476411938,-99208.167702177845,50257.649789138319,202865.73196466858,354749.41450504755,501368.60530903947,637643.09741920978,758194.04151351121,857680.37690535013,931204.28829762875,974732.83442483831,985485.49483056518,962224.96023056179,905415.08283798967,817215.82632258697,701322.60300940683,562677.17918558884,407095.88759337127,240873.74240602154,70410.419835854394,-98103.143760280538,-258932.31426142287,-406983.98871590279,-537959.09472573514,-648488.95414331055,-736276.32106848154,-800230.84119309974,-840586.26885933487,-858960.92595021427,-858334.15524281666,-842906.01819757232,-817836.35969809873,-788870.39805899875,-761887.28715219197,-742416.54611656617,-735174.39578154939,-743667.20942602144,-769893.50137147948,-814165.21564202989,-875043.01958594855,-949373.33868264733,-1032389.8046293333,-1117843.2401576205,-1198130.7441195936,-1264615.3736671293,-1308134.1471726196,-1319561.315439702,-1290535.1411724305,-1214593.1740488273,-1089044.888870202,-917698.65819809155,-713720.96143473266,-500497.1327970702,-307472.12565555068,-159962.22658742513,-67870.080408123773,-22587.303150052478,-5683.021948220613,-1047.8004121860665,-138.30994258775667,-12.875559978942228,-0.84603322600129216
0,1.6728983907305424,20.05733736166767,170.9585881723047,1049.1949162181279,4713.2728857535903,15886.968255795977,41472.828237696529,86882.243593946507,151395.20573981325,226833.5996042281,300717.42005943321,361107.4103512601,399983.63411301182,414126.52595234511,404217.93248945416,373316.58014303178,325491.06297065382,264901.49558108026,195331.88045802369,120061.62417310578,41930.328649776682,-36552.792983027874,-113151.0300071102,-185877.7244721998,-252991.80713218957,-313000.16852445988,-364663.39406933676,-407000.20403993112,-439289.00563092262,-461062.92303889728,-472096.42393365694,-472382.67632195057,-462102.51594603248,-441588.23516008188,-411284.73474677745,-371713.4936868049,-323443.6178771999,-267078.7944292149,-203265.89099928329,-132732.36807603561,-56350.833406210651,24773.575709396206,109208.14571011829,195106.59881022965,280156.2553498568,361578.75801830209,436203.43638365343,500619.69367860904,551402.65721357963,585389.82430140511,599973.88455945929,593371.30535785016,564825.38909901073,514715.18965520553,444551.52868545474,356865.9354502561,255009.82943951467,142897.35422692529,24730.421203593542,-95261.295981801275,-213041.22717898779,-324940.26063552964,-427788.11135863862,-519015.49305512919,-596738.87365187216,-659836.84388552385,-708014.8173739023,-741848.51722423488,-762786.77864229761,-773096.63321813568,-775734.92611822579,-774145.48669123906,-771990.35788725934,-772840.41423825419,-779855.40867163218,-795488.59755458171,-821244.73205555649,-857512.06355315994,-903476.70611508074,-957113.46908035281,-1015236.691277651,-1073580.8723577005,-1126874.6839996965,-1168884.0453158689,-1192654.1087848658,-1191087.5312318557,-1157787.6712642899,-1088165.4535632709,-980786.55355621816,-838856.80388367362,-671523.11660788348,-494220.51053646009,-326845.01332969539,-188826.64508594948,-92174.129630273863,-36630.315791215944,-11402.931906363052,-2680.6720829408523,-461.21109267490414,-56.684707136448274,-4.8911391545808263,-0.28700702152866969
0,0.62245491788963359,7.8927982351197432,71.427660220071417,466.91450157965494,2239.6125479511206,8071.8995743121022,22537.217175461396,50458.814435017368,93827.294947567905,149733.87273025099,211053.84299013318,269148.89808994852,316642.29527376877,348967.81281767378,364553.62203293596,364157.90626157972,349936.88330698496,324618.81293727172,290940.88099647948,251366.67505635394,208023.79668315157,162764.53807357897,117230.21763234315,72880.158027580997,30998.664083996282,-7308.6628572730069,-41123.68088245266,-69724.434044751048,-92591.73844883834,-109410.13727234605,-120061.62141734187,-124609.73235302673,-123274.44251062551,-116398.48623525712,-104408.44064540367,-87774.114153410483,-66971.906040178816,-42458.244927870081,-14659.96360096432,16013.124144673251,49131.678448176797,84189.366596792475,120533.69697125728,157298.15227275103,193352.44364289162,227286.07100217449,257438.53663701855,281980.96762588882,299046.42445750063,306894.35169730656,304087.95963403868,289657.53182475775,263224.59614200704,225067.2967105851,176116.99208740401,117888.75344428868,52357.322611139083,-18200.446168248363,-91373.863226776535,-164776.74775217424,-236181.7792992593,-303624.73768048798,-365480.74457156198,-420518.3966394717,-467939.30713551835,-507407.14533242531,-539066.25082509255,-563544.17001543776,-581929.45987493417,-595715.27412103489,-606702.58150185912,-616863.40952385217,-628171.85489518521,-642418.41561276419,-661026.38338866993,-684890.73435030505,-714255.28503916448,-748638.81981283519,-786811.64102866594,-826816.32036887878,-866017.35896276834,-901156.81336000096,-928383.40482613118,-943236.27517632244,-940817.61057309911,-916351.03882774781,-866071.33717583679,-788351.40481100348,-684864.27673346025,-561448.65840531664,-428226.44618608989,-298463.91118886136,-185850.87397156848,-100570.90673126151,-45776.497388763251,-16898.534021041891,-4870.9090310195179,-1057.1335630776332,-167.31067122002182,-18.807522344509948,-1.4681873641146639,-0.07307380838228153
0,0.18596370166313075,2.5157595979900971,24.37894425341878,171.12122647964992,882.95492733045978,3424.8211211059852,10280.137103896932,24682.816693374367,49043.843481297059,83274.504199350587,124326.86370226496,167222.65091832832,206755.24086912075,238891.99569317256,261409.67101297659,273823.06113359123,276910.35400275723,272136.69602896873,261171.13584210034,245582.26528549631,226718.71044462177,205731.5605508234,183631.45743619633,161316.4520081529,139579.83094471143,119107.29788967205,100469.31427519879,84112.585116054324,70353.159065930624,59373.381582762231,51224.275022564725,45834.961754222655,43029.534580018881,42551.184301954163,44091.626461110158,47323.223604365412,51929.66199770126,57630.857728338968,64197.139384774324,71449.002303238478,79240.390963500526,87426.888565480942,95823.597953154487,104160.74157519573,112046.8753893044,118949.42434954348,124200.39279929713,127030.73866544721,126632.07767667979,122238.24333620287,113215.18976779089,99144.600795218008,79887.602736736866,55617.700734041427,26817.982314124034,-5756.3620762797182,-41143.360536935936,-78256.346259293583,-115970.95327692067,-153205.911107469,-188990.31912422884,-222513.81427718556,-253160.45543232482,-280528.9705921011,-304443.37956128758,-324956.23305247765,-342345.17524581781,-357100.409116439,-369899.61657643429,-381566.24167758418,-393009.39003982226,-405146.49096974352,-418814.00656046555,-434674.51846561459,-453130.19418374699,-474252.45648725715,-497735.13574912684,-522875.07491607545,-548579.12381369097,-573392.17375847138,-595535.38795382995,-612938.71429593896,-623243.30432893382,-623759.95948022464,-611579.39430881653,-584014.56389688503,-539322.2364918259,-477570.82194660697,-401403.19562602817,-316343.34847134585,-230293.35060285995,-152041.08574738889,-88997.584368212119,-44941.903730632781,-18960.889488793917,-6448.5491887248836,-1702.8677909726139,-336.59553446331768,-48.141610882262306,-4.8258681791763625,-0.32697794308417943,-0.012323059005833888
0,0.043335190152919617,0.63085943479133277,6.5988215203774416,50.101656402778133,279.89574367006514,1174.741041797967,3806.4999287933792,9826.6717026821643,20882.716872342182,37693.968471349137,59448.029336131825,83952.735853155624,108391.49910697213,130193.45229918187,147615.19052518863,159906.85991343157,167154.57508018051,169971.13818398854,169184.21332367664,165610.07061993258,159945.31021217332,152769.54051665423,144585.45169581176,135839.10674110975,126926.04359366895,118189.80245745143,109916.98853538686,102331.4630882481,95589.44584957452,89776.822402804188,84909.695080263104,80939.006265605887,77759.674004733475,75224.1734621012,73159.713464153785,71387.488469782547,69741.754390183909,68086.165509444021,66324.647664685617,64404.613652712826,62311.229308524584,60053.080434769654,57641.322654795615,55066.150526979618,52275.399792854572,49160.240214923142,45551.894907899536,41231.425752533585,35952.131372231735,29471.473876448741,21587.382213261801,12172.543521431504,1200.5591831211923,-11240.822103494542,-24951.579489153522,-39635.949886711285,-54930.440228844695,-70438.541591775574,-85766.874257711403,-100557.94107179802,-114516.25677563512,-127426.31928868488,-139162.67286266538,-149693.31947514575,-159078.23308415935,-167464.18611717186,-175076.34287769956,-182205.94477118683,-189192.95870559171,-196402.51456613603,-204194.97014885853,-212890.69553869791,-222732.29317351131,-233847.98360410385,-246220.40721661577,-259664.61161182987,-273817.82394281402,-288141.84604257636,-301936.77398241573,-314362.56205807114,-324462.32808029896,-331178.07121738873,-333343.90668409603,-329647.7094323879,-318690.49830220401,-299264.00035325333,-270801.6209485631,-233889.34077461105,-190640.76370547665,-144693.26404193998,-100641.39456322363,-62933.53892863568,-34575.119662791563,-16237.333754885034,-6314.0514975800352,-1962.0726476179523,-469.19562604150582,-83.088959579114402,-10.473731006237879,-0.89613189778604119,-0.047807857505865428,-0.00082235852956034493
0,0.0076636140846169411,0.12104505395565951,1.3765290539993291,11.374698925627877,69.151861557627953,315.2906897210658,1105.8598392921851,3073.8905714849652,6987.4256314851282,13392.788048969196,22261.414897141145,32896.915780847594,44159.065920091547,54846.381201794473,64026.290850693927,71192.143106178177,76245.596739300803,79373.078633718338,80895.37967082097,81146.236082440562,80407.416968009318,78906.013880851038,76835.985795684595,74369.15629229683,71658.594785964466,68838.046194937764,66019.537274736591,63290.464161238269,60711.053403323443,58312.820863175548,56098.520262116414,54043.936083949688,52101.739757247175,50207.392896545571,48286.791724059745,46265.003262188497,44075.145926344296,41666.266881064912,39009.035809485562,36098.253978235502,32951.574682157101,29604.446441081196,26101.995986717517,22489.261246279741,18801.619622595055,15057.366068469231,11254.034072839129,7369.3686151492984,3366.9004141267765,-794.86942486537964,-5151.46284412981,-9721.7860727013031,-14500.007938615989,-19451.591483113858,-24514.251364797343,-29603.645065181878,-34622.69118666002,-39472.859413107632,-44065.57443498059,-48332.100337274263,-52230.787394236766,-55751.200286214676,-58915.230489983122,-61775.703994717202,-64413.114622033005,-66930.989294430867,-69450.097573704785,-72101.427551949921,-75017.699551784943,-78323.27359090063,-82122.623128814244,-86487.983530529382,-91447.22774948267,-96973.286224132433,-102976.4806073845,-109300.87577960431,-115725.28506115222,-121968.87924867569,-127700.59835375909,-132550.69991630729,-136121.74080550199,-137994.72130918741,-137723.2662015578,-134810.99448431228,-128737.04430076802,-119089.09217398072,-105775.65568833587,-89251.268899103452,-70648.298527302555,-51697.469028975938,-34375.71220925657,-20354.829484107253,-10479.959071882413,-4562.2454890888021,-1625.9593307826533,-457.51600971068143,-97.675456311514807,-15.134374844806556,-1.6079072657884554,-0.10537984991677345,-0.002768129598842164,0.00018531293255265313
0,0.0010037749395350834,0.017339437676459193,0.2157321438944626,1.9496107152883835,12.944068376176277,64.260855372926514,244.25829753095502,731.12788331999627,1776.2522089321508,3609.1409978381525,6307.8302099970315,9725.7251694833994,13527.709811893303,17307.870621214701,20716.128126892552,23535.317882598152,25692.971480466655,27226.035312892011,28227.929248489931,28801.794627571369,29033.525636116938,28989.717310557466,28726.206730198784,28292.386616695279,27732.528075473689,27085.610244994674,26384.462357506298,25654.697529020192,24913.75738454481,24170.293663169294,23424.058611386041,22666.425452069521,21881.611565283238,21048.602498832537,20143.685750962828,19143.391163632441,18027.536408613152,16782.001321438489,15400.841998436501,13887.40506050299,12254.228780428084,10521.699814802843,8715.6514138560196,6864.2947650389997,4995.0191372199024,3131.6390635317416,1292.580740775315,-509.69147296450154,-2267.975603029467,-3978.5941745390674,-5639.0762125597648,-7245.8276431404274,-8792.3514185564909,-10268.438311942238,-11660.527949706675,-12953.177843577772,-14131.349560765206,-15183.073012924922,-16102.002315667174,-16889.446252440874,-17555.591956805514,-18119.816491793688,-18610.133779164196,-19061.932833797717,-19516.188683682245,-20017.300754487183,-20610.64125950955,-21339.840588668416,-22243.810399674861,-23353.543763083286,-24688.808546067987,-26254.954748416396,-28040.140923134557,-30013.327187127757,-32123.358001817029,-34299.363294941257,-36452.556936641435,-38479.316699352166,-40265.217244841522,-41689.436371823824,-42628.632759014341,-42958.846825288703,-42552.876450587988,-41271.175104539776,-38970.221686086348,-35549.512550319654,-31024.621046506942,-25599.24886856776,-19695.826221667565,-13904.690954816218,-8841.0819378734705,-4954.8167209070434,-2386.7640855750237,-959.72252166343549,-311.40554374149838,-78.406586080034629,-14.621041716312144,-1.895193242020915,-0.15085669515503275,-0.0041250809733158738,0.0005242835119541251,6.3883535432968834e-05
0,9.5375840573162833e-05,0.0018172342826173595,0.024881450772620779,0.24685993268664719,1.7938423371556718,9.7049703838945849,39.966650704855944,128.6775966201059,333.51152399071708,716.73660581967852,1313.6924148564096,2107.4275937513057,3028.4516502936817,3979.5047573704028,4868.7566228193309,5633.7349096932794,6248.3923863971431,6716.2116034936762,7056.9346129765545,7293.8645117718288,7446.0979676570141,7527.7757009422412,7550.4985304670563,7524.5206817943281,7459.1091434053242,7362.5034766876979,7241.6935562723584,7102.1399834370386,6947.5181919000006,6779.5444476976854,6597.9273264929798,6400.475714441829,6183.3809822176408,5941.6736394450718,5669.8334384612008,5362.5064686367077,5015.2587402973213,4625.2773844330586,4191.9256026152643,3717.0679122222687,3205.1104103155039,2662.7417340288043,2098.4092401778676,1521.6107456965783,942.11595081407847,369.24313146278621,-188.69766132188758,-724.72241932183715,-1233.2335818973656,-1709.8609105292055,-2151.1663244412043,-2554.3198405311605,-2916.8520949223603,-3236.5618968139988,-3511.6144137159222,-3740.8153656563863,-3924.0041721552138,-4062.4811865519664,-4159.3777860354267,-4219.8927845095131,-4251.3464689209086,-4263.038059950456,-4265.9220160154118,-4272.1379975460168,-4294.4342721476542,-4345.5194887587313,-4437.3669119735168,-4580.487808810055,-4783.1895391216831,-5050.8427661972974,-5385.1962149668889,-5783.7936702273582,-6239.5581162608887,-6740.6090652840321,-7270.3665414961461,-7807.9705714237098,-8329.010050550196,-8806.5138382870482,-9212.1121628965611,-9517.224208427182,-9694.0550095536419,-9716.0502560893201,-9557.1539398795394,-9189.3028309035635,-8584.4503051449337,-7726.4461294053181,-6628.9136612329039,-5351.4897074786868,-4003.754283754573,-2727.5773918435561,-1658.0874460452635,-878.64334896806861,-395.01876534974946,-145.96023887429669,-42.681381754662276,-9.4210297778035414,-1.466486056209334,-0.13993166167210358,-0.0038080430127310416,0.00095877305941857922,0.00015669986797019455,9.6167474451701179e-06
0,6.4535151158795353e-06,0.00013711089210538397,0.0020794073608312634,0.022729237969349583,0.18102241882068437,1.0670873485394785,4.7548547150391354,16.43242384740137,45.320744627808224,102.7260682008536,196.89223855942578,327.70452688815442,485.22718350959627,653.17879720395445,814.87086622870254,958.10589766219334,1077.0940223163057,1171.5767500147228,1244.5012297385927,1299.6225012787334,1339.9635611040674,1367.6458239820502,1384.3658668314747,1391.6240960783925,1390.7916644848567,1383.1030241106378,1369.6150818965245,1351.1555680738852,1328.2750355840471,1301.2129069618607,1269.8854135157362,1233.9010990338343,1192.6070691867344,1145.1661782806502,1090.6616377322675,1028.2213586044077,957.15020360769779,877.05518069323807,787.94744962316724,690.30655241015859,585.09669024710843,473.73155044853422,357.99208408335727,239.90911178378127,121.62822622057533,5.276649032314122,-107.14999079368303,-213.86849062735391,-313.3518668805051,-404.33984472977414,-485.82649768474442,-557.03913707944503,-617.42232407873041,-666.63719581282794,-704.58031360242421,-731.41951636782301,-747.63864186291948,-754.07954657801747,-751.96949038796947,-742.9242518799482,-728.92150297215028,-712.24370877919455,-695.39383000360419,-680.98951039059637,-671.64215091550398,-669.82670067734784,-677.74704864636635,-697.20137559633281,-729.45224622897081,-775.10755879393957,-834.02025868389217,-905.21626481418934,-986.86052225523861,-1076.2699905656018,-1169.9793498592933,-1263.860599777975,-1353.2919027430983,-1433.3647450203653,-1499.1118460858936,-1545.7306543559052,-1568.7658421749554,-1564.1911265528659,-1528.2725562934093,-1457.0991158541815,-1346.9355637861026,-1196.3278852207948,-1009.1519713971745,-797.12945551913572,-579.88164335117835,-381.08124634652404,-221.26582823515676,-110.62393284512109,-46.203377640827568,-15.540261538781216,-4.0143024146065303,-0.74143647409564661,-0.083788579055202511,-0.0020738214785675536,0.0010690001936407669,0.00020721421993264897,2.0528334495468491e-05,8.9495874997124596e-07
0,3.0450868916029312e-07,7.3407292681437387e-06,0.0001244485030241463,0.0015053392669041232,0.01315954957687481,0.08448368252495847,0.40663834898061729,1.5047710782319532,4.4037931706630369,10.497134388078416,20.979207497778248,36.1304939720509,54.988225174724811,75.662136314184437,96.059201515239664,114.55565893450567,130.30918485030259,143.19257648184265,153.51129713119403,161.6908554942431,168.06729789759348,172.86208222293754,176.24706048315198,178.37459205126015,179.38603753940481,179.41071166014646,178.56061626201932,176.92378767156001,174.55804163079264,171.48640618686852,167.69522898886382,163.13568350624178,157.72908895730075,151.37608750844839,143.96926813339999,135.40832976660008,125.6163801173211,114.55558609930398,102.24022660825203,88.745352662702516,74.209746479057216,58.83263933750321,42.864556715670034,26.593532256209794,10.328588642352242,-5.6173255815795633,-20.942889345433397,-35.370940911838403,-48.657276893986392,-60.595878409564975,-71.021428057177289,-79.810372612410163,-86.881774683988368,-92.198843841059855,-95.771456011277138,-97.659346093049692,-97.975150433420481,-96.886208417586175,-94.614060739188304,-91.430851446511056,-87.652277161735071,-83.627180265562387,-79.724252414458917,-76.316521765347446,-73.764365977838793,-72.397758696156174,-72.49842306045332,-74.28257496815533,-77.885036329344317,-83.34564322789538,-90.599025345820309,-99.468901387908545,-109.66796224475053,-120.80414765859477,-132.39366498583138,-143.88049482498354,-154.66144503094847,-164.11513223077165,-171.63259332544459,-176.64647171224993,-178.65449770179305,-177.2302481658472,-172.0065351531409,-162.61563826216917,-148.73310282541175,-130.33677114687538,-108.06546211970014,-83.482172949380313,-59.004224728161276,-37.353833401853137,-20.663404959822572,-9.6999524797775152,-3.7277752314842356,-1.1184189653993957,-0.24317077369834353,-0.03229415425411019,-0.00062329030226263536,0.00073680012699434605,0.00017082010308296566,2.1054618590509977e-05,1.6791232074102911e-06,5.5732801925417376e-08
0,5.7565035564514376e-09,1.798703338617687e-07,3.8089003856370747e-06,5.5921128896953849e-05,0.00057878396758786479,0.0042992041385470931,0.023428260008088123,0.09618234955150462,0.30651040756069803,0.78241219448689647,1.6504413245196181,2.963595221377632,4.6560210652618856,6.5616819514889286,8.481947655758372,10.255310233931745,11.79342225428797,13.078032678163938,14.134309333765961,14.999656357125678,15.70199420726729,16.257720089408743,16.679208599801484,16.977624089627977,17.16361753555389,17.247173842664544,17.237084247337545,17.140295594928443,16.961296088866895,16.701654646674825,16.359805907380977,15.931150157457459,15.408509649603245,14.782948054500357,14.044917848987049,13.185654745213087,12.198693126003622,11.081341046340306,9.8359363695618693,8.4707164505241241,7.0001743211454936,5.4448410198834356,3.8305136194658775,2.187026531893753,0.54672289944700492,-1.0571880910552982,-2.5922092232736449,-4.0279297364928679,-5.3371193988822414,-6.4965330111711399,-7.4874719336978641,-8.2961803424477338,-8.9141543736460669,-9.3384169589644532,-9.571769653138734,-9.6229906051680931,-9.5069159051150169,-9.2443296233514616,-8.8615967637048261,-8.3899984811818058,-7.864763092966597,-7.3238183670316914,-6.8063144711539572,-6.3509792237241207,-5.99437125313188,-5.7690963573036269,-5.7020546840878854,-5.8127930561145398,-6.1120489132668334,-6.600584941461408,-7.2684221958160187,-8.0945768925406796,-9.047388514855573,-10.085491465461846,-11.159432501756935,-12.213876762042103,-13.190284749920991,-14.029887556512389,-14.676739069705272,-15.080572676058537,-15.199102415626703,-14.999194757509251,-14.455539420148471,-13.544196917708407,-12.246104929366448,-10.57152590165779,-8.5922898726240611,-6.4624928452569232,-4.4053469158676215,-2.6551816618440451,-1.3733806061661682,-0.58728023902394366,-0.19725114097474655,-0.047779515332534037,-0.0066806057650232705,0.00015101244695499039,0.00031280790060525559,7.6418280739399324e-05,1.0538060266791645e-05,9.4571505797183043e-07,5.7842002865384905e-08,0
