0,0,0,0,0,0,0,0,0,0,0,0,0,0,0,0,0,0,0,0,0,0,0,0,0,0,0,0,0,0,0,0,0,0,0,0,0,0,0,0,0,0,0,0,0,0,0,0,0,0,0,0,0,0,0,0,0,0,0,0,0,0,0,0,0,0,0,0,0,0,0,0,0,0,0,0,0,0,0,0,0,0,0,0,0,0,0,0,0,0,0,0,0,0,0,0,0,0,0,0,0,0,0
0,-9.4388959221139287e-07,-1.5999820570703045e-05,-0.00019551940571192549,-0.0017258501441852821,-0.011048158920459464,-0.051763356876151384,-0.17994449198285392,-0.47135836434946193,-0.94098696405928639,-1.4236280926922473,-1.5318731783270396,-0.77324600498306029,1.2376654965478577,4.6217842517335388,9.2227523220620888,14.711679142323884,20.721135073525392,26.936557038498034,33.12233722173135,39.098927148956356,44.705502858771304,49.787596059601562,54.207444243384899,57.850491512717355,60.628722827523433,62.48230003310929,63.380015950312504,63.318760540596195,62.322068010268367,60.437776709932379,57.734840365052762,54.299353145722002,50.229877323129919,45.632180766740454,40.613500198032085,35.276448226342801,29.71269193702696,23.996577670774681,18.179019066952279,12.282310079654861,6.2972553988236664,0.18542646129205487,-6.1081141770945218,-12.622139485977133,-19.311350902592181,-25.922457396678229,-31.796918901450425,-35.622257885966647,-35.297249296213714,-28.459992073174547,-14.963520266565281,-2.8198401092376901,-11.59240595108642,-25.985091322160272,-26.003584335208409,-12.142940319852045,-1.1268623007460634,-10.297965947228302,-21.354586495820442,-26.465919596039718,-25.741172997272265,-21.458898760238984,-15.645939434668961,-9.5571264237640694,-3.8044375264840848,1.4011669076135613,6.0573172173564789,10.248951026008426,14.08141163637451,17.647707459716429,21.015054359879223,24.221487929439341,27.277372943865647,30.169108690368514,32.863702658340017,35.313582254664141,37.461322537173572,39.244058481278714,40.597311038827165,41.457813338195173,41.764635455833833,41.457292369715702,40.467928701115561,38.704304545948659,36.05276102416633,32.427117743424709,27.848674313807084,22.526391798832421,16.889410424903257,11.524513330804925,7.0106969125255274,3.7157485110050841,1.6728983907305213,0.62245491788962026,0.18596370166312462,0.043335190152917737,0.007663614084616464,0.001003774939535,9.5375840573152235e-05,6.4535151158785604e-06,3.0450868916022706e-07,5.7565035564495384e-09
0,-1.6046026052639255e-05,-0.00025218117264241114,-0.0028460486020209473,-0.023119779606169063,-0.13569835898046806,-0.58010200936522327,-1.825170703221269,-4.2564540305829066,-7.2750809487765675,-8.3848565852302208,-3.3672918325950367,12.142839481281428,40.703903241280351,82.072502530582355,133.61410010449083,191.56084250226263,252.25418084006071,312.83164647715427,371.2878395437026,426.14198110639791,476.05170998795569,519.71216908398333,555.97192273325061,583.90417594635585,602.84241256653002,612.39625608830465,612.45375645387662,603.17282060130844,584.96307391043388,558.45896175212988,524.48487391485207,484.01322088997904,438.1165430139464,387.91479032533846,334.51884882451014,278.97122701733679,222.18468392553496,164.87973390904139,107.52295968856752,50.270912872419572,-7.0690889834657007,-65.036651566176275,-124.42488241967335,-186.00308274639923,-249.89624874846152,-314.38122398238835,-373.82781462291513,-415.76039868301376,-418.20112596860076,-352.15496696718191,-203.00037890196168,-37.977434825102002,-126.26036658958138,-310.6727052073723,-312.19758333011214,-133.23120428539715,-15.045219055398329,-147.57943284644301,-271.97027032041501,-321.1520461051141,-308.59830697818887,-262.18337428778358,-203.08815645140436,-143.25838906695128,-87.941456595961441,-38.529276159899659,5.4416248738619011,45.116518759623574,81.713626792271597,116.24715263392099,149.42751828102791,181.64879654240019,213.01537165230889,243.38414902891631,272.41152129602068,299.60051340216199,324.34605591463605,345.97686676172361,363.79179559480093,377.0869549666088,385.16719739043629,387.33009440455066,382.79785139834866,370.57236964161842,349.45736827015634,318.48037320087934,277.61319653880594,228.53905971863784,175.05062929159459,122.63021312932135,77.054769171757684,42.485181749592151,20.057337361667532,7.892798235119634,2.5157595979900385,0.63085943479131079,0.12104505395565365,0.01733943767645808,0.0018172342826172048,0.00013711089210536803,7.3407292681425884e-06,1.7987033386172801e-07
0,-0.00019687793948021742,-0.0028578316846159515,-0.029610321696518189,-0.21942785292500225,-1.1654583286627831,-4.4542242219238419,-12.250178209979531,-23.708890497883438,-28.518841230589263,-3.4087610713697436,82.166007018859275,252.95090454796136,516.46118206093877,860.50325343689633,1259.5262759657926,1684.3810080060696,2110.002936186529,2518.5591272063543,2898.5597787118732,3241.9194196923218,3541.23080113695,3789.2139600391756,3979.5858888628563,4107.5885626928048,4170.2472397569754,4166.4726814893675,4097.0566065824087,3964.5846553716497,3773.2802826949951,3528.7890308244155,3237.9117329356786,2908.2954837245429,2548.0913490698827,2165.5871905167,1768.8223643949216,1365.188531369075,961.01806869194729,561.16017212205861,168.54816504543348,-216.22372958955478,-595.25749990407144,-973.5017127060313,-1358.387435118178,-1758.33433693293,-2178.9928864608346,-2615.3337565437491,-3036.9443639732799,-3364.3353340845779,-3439.7248268901039,-3018.0812021904139,-1870.5840977128635,-250.67993125663884,-210.66451468653347,-1407.3950740953849,-1429.4533827700661,-270.76141678650401,-36.487113630148912,-1411.8123213909912,-2386.1793783301359,-2694.6690813708719,-2552.4418156400598,-2194.7628229113443,-1773.6178795401338,-1365.258813964251,-998.12248415119927,-675.67056171597903,-390.61345975070554,-132.58600976138166,108.18520985119315,339.39668035174236,566.26661749518087,791.62184804271089,1016.1758487423128,1238.8628223354938,1457.1736481911828,1667.4758999534399,1865.3129016453506,2045.6774406858922,2203.2496142052037,2332.5769830976615,2428.156956055775,2484.3490330584114,2494.9765007743267,2452.4916842338966,2348.0797206508196,2174.1242426315976,1928.6307292074705,1620.2597882722232,1271.5451057299472,917.41999506128388,597.4990767544549,343.99120406305968,170.9585881723045,71.427660220070948,24.378944253418393,6.5988215203772809,1.3765290539992816,0.21573214389445208,0.024881450772619114,0.0020794073608310778,0.00012444850302413131,3.8089003856364518e-06
0,-0.0017475685103043809,-0.023351025884988594,-0.2207465221087295,-1.4765258046660701,-6.9670586033017052,-22.991126236755161,-51.124995029965554,-63.666402113699213,24.919081860979503,355.72828070378591,1075.216879020197,2266.2668806495708,3908.5669178506546,5889.7776531850795,8051.586527660088,10239.58679497191,12334.640758181549,14260.178916326708,15971.992463839148,17441.375851514924,18641.884548013684,19547.349706207398,20136.326656757439,20394.770164763133,20317.306277508611,19907.656550982108,19178.480346786138,18150.779837277321,16852.957006190187,15319.589830159655,13589.986428494769,11706.573309763566,9713.1690397142156,7653.1865708558162,5567.7928574573016,3494.0348088776859,1462.9169503428739,-502.60410565911394,-2389.7469271079085,-4198.1511271989921,-5942.0963720782211,-7652.1998250195056,-9375.3463900100905,-11170.117421585102,-13092.240442948942,-15159.983029963492,-17282.913782483029,-19132.060531320934,-19939.333631571972,-18287.993679148709,-12240.794174278373,-1043.5464266849719,7944.9709652485481,6084.2057644841861,5932.9125571235791,7647.242394481048,372.84097286825659,-9551.6589798953246,-14762.308276382797,-15890.730796596816,-14779.289163140995,-12788.194372233127,-10656.988462360892,-8701.9082169870289,-7007.825733524498,-5553.0191694028063,-4277.7570154270552,-3117.6602341077801,-2017.7780412802315,-937.092632440898,151.26044792636884,1261.4189127439217,2396.6692749748709,3551.2980166934835,4712.2789353922926,5860.7902497014902,6973.588072354707,8024.2481366375678,8984.2477261382974,9823.8013141638075,10512.279594106081,11017.90875516467,11306.200652246695,11336.676275116033,11063.150724762982,10443.56025504661,9458.6402885248772,8134.7933658908587,6561.6449312642717,4891.7619468626472,3313.3016752715444,1998.6263036845251,1049.1949162181327,466.91450157965494,171.1212264796485,50.101656402777373,11.374698925627582,1.9496107152883111,0.24685993268663448,0.022729237969348014,0.0015053392669039896,5.5921128896946978e-05
0,-0.011274141055986644,-0.13819392859964102,-1.1828678225775608,-7.0325872781902774,-28.544981964636786,-75.093425837566642,-99.805396468621268,107.3894044432579,986.8978427324987,3111.6446072585495,6937.3154455812264,12571.005060360272,19713.225333183389,27782.334104974161,36117.68242954497,44149.73794769308,51481.85174560178,57886.947047767615,63253.488569140711,67520.165491031337,70631.126244978426,72531.534803040864,73183.409858315979,72575.004839432906,70725.058940935487,67683.814604716303,63531.801353503521,58376.983146933271,52350.674036503362,45602.538427768821,38294.948152742429,30596.94081673937,22677.98608949628,14701.717899304294,6819.7140907818721,-834.69093231237548,-8152.6974569700833,-15056.696112642376,-21507.646907053258,-27513.529360616107,-33138.929047021687,-38514.925517912001,-43846.248124656457,-49407.866844282311,-55513.461619840433,-62419.789229651687,-70098.924747303317,-77762.602733081076,-82977.70201705565,-80270.982141322151,-59676.553558701402,-8061.8007731294883,75486.01619880856,98710.337175757872,98229.814847191548,74937.832082222871,-1224.4689239269935,-48268.25758877083,-66080.406129164345,-67132.291748254778,-60967.812969371829,-52840.657182308038,-45090.603379504995,-38477.673738205616,-33028.858100350175,-28493.341980654044,-24560.203341695673,-20949.543259777776,-17442.337902245341,-13883.572524440164,-10175.513501330086,-6268.622171184089,-2153.0008488768594,2148.8449983866958,6587.9912991022111,11094.140530471708,15580.025567933828,19945.340598693278,24080.187971680531,27867.81240850293,31186.121883072221,33907.11133538928,35892.694664446979,36985.873184601835,37011.060498207087,35800.952963465752,33251.248368119988,29393.406755906355,24460.677085158077,18910.276584445095,13366.389686215227,8475.1957814323596,4713.2728857536531,2239.6125479511365,882.95492733045876,279.8957436700627,69.151861557626773,12.944068376175947,1.7938423371556034,0.18102241882067471,0.013159549576873904,0.00057878396758780982
0,-0.053396359767727476,-0.59786132953468707,-4.5819904240054123,-23.573783643557046,-76.521528443197781,-118.10360203620088,192.11087896032259,1790.4658956853989,6211.813694045507,15046.018729430245,29143.110985948129,48142.075190189491,70597.767389748813,94522.683885246981,117980.24504081067,139473.81903526865,158066.38578625268,173296.0008553743,184995.99867020381,193117.74913743581,197623.62341809415,198482.49594014336,195710.10197196578,189392.19205505529,179694.08038576029,166861.26736110687,151213.87942476725,133136.70750341823,113066.15768091324,91475.147904321377,68856.844757022453,45707.986208110873,22512.401094905796,-274.86427149972627,-22242.647441738878,-43038.173437108017,-62381.540486478385,-80081.251739096071,-96052.360535054235,-110339.21733580674,-123144.81659190357,-134867.64491638212,-146143.13718221962,-157877.08346785969,-171235.96884477389,-187511.39292418762,-207678.78488619096,-231285.42219730385,-253978.55387530243,-262511.50983709592,-225726.60803281594,-81371.702586418483,271875.78020099452,425701.21793810715,425693.93792032497,274206.13947036775,-56572.959193740251,-189661.13083024783,-220176.77181016924,-208139.35066042023,-183451.45192904447,-158786.02169760779,-138305.46401935228,-122454.69409522807,-110320.04140077553,-100684.31525893819,-92441.752067653564,-84722.476676430873,-76898.208890828639,-68548.207560352123,-59418.695666768821,-49387.665282132672,-38437.673054478335,-26635.683628223185,-14118.029781939977,-1078.6608623360783,12240.685766978921,25559.168427354994,38564.581267535417,50919.745148708884,62266.500598445979,72225.450322823104,80388.539113908613,86302.532476006789,89468.533810792258,89392.718267699296,85698.773407794783,78292.677658070272,67538.318996838469,54369.519724426485,40248.318965262086,26905.381680031689,15886.96825579629,8071.8995743122105,3424.8211211060079,1174.7410417979643,315.29068972106302,64.260855372925249,9.7049703838943095,1.067087348539435,0.084483682524953752,0.0042992041385467765
0,-0.18848594651343051,-1.9147039354600059,-12.879990530547266,-54.050981955485469,-108.31640627859618,179.08517366230402,2161.7311897703794,8710.7195555240705,23647.117718942915,49997.925064229843,88298.584244828919,136174.72889453458,189277.40294722651,242757.88741059357,292467.71896354039,335536.003995965,370382.90056930471,396400.58512307308,413535.22306047892,421938.30281473091,421783.29609064839,413272.52710341167,396713.06431120494,372557.47789460758,341417.33136247227,304058.21103065187,261382.05935066432,214400.84233744125,164204.70921049957,111927.11591327492,58709.064366250401,5664.1293948522698,-46154.359919354429,-95783.183326143568,-142375.89023380735,-185226.86869647988,-223794.39399616027,-257725.52450567944,-286887.28203602345,-311410.42517857376,-331754.03476406203,-348800.21778841352,-363986.41546560882,-379472.90446508391,-398313.65009245626,-424523.70290070819,-462759.95857029891,-516933.96894795622,-586203.33077037148,-654925.17846626369,-669294.10247707868,-485753.25730004639,237486.83143251497,618025.04437218292,623713.45791897445,256426.49267306825,-416347.1076443381,-581440.60137937637,-558177.8691692655,-485001.23567676469,-413158.3617272462,-357308.34777467308,-318120.89485336503,-291864.34405644092,-274176.49597675167,-261340.54914077878,-250556.76935753308,-239856.82368240331,-227927.17022319703,-213940.88025212055,-197426.70773022811,-178176.67843188718,-156184.44434322562,-131605.23266892781,-104729.48402496379,-75964.322143300931,-45818.932994544441,-14891.631063229319,16142.196733227778,46540.803872098324,75503.785278228301,102173.83962038642,125628.29084382713,144857.61773867492,158763.23310940902,166223.06350370916,166253.45634650125,158278.08874004835,142467.05945299502,120050.0740498471,93448.955071502947,66046.189471737554,41472.828237697613,22537.21717546181,10280.137103897059,3806.499928793397,1105.8598392921817,244.25829753095226,39.966650704855063,4.7548547150389942,0.40663834898059992,0.023428260008086777
0,-0.50489552443595553,-4.592041620606615,-25.963963879303069,-73.739032315876287,78.536508878486217,1742.1378726801638,8677.5057816408007,27440.991294838695,65108.628967967961,125409.4823422968,206310.73216857019,300695.99040732416,399119.85183309042,492646.7356221021,574553.9000413859,640764.69690762914,689444.55606140499,720259.1288242396,733650.36749978026,730326.22185206506,711039.23927464674,676627.28288517229,628121.5926773668,566796.96027617599,494178.90954231849,412021.33893085341,322264.28099933895,226979.08360889336,128306.72140878472,28393.894478005663,-70669.269639854567,-166906.87252242435,-258507.95368788578,-343868.87683862925,-421627.19159824093,-490688.15657505131,-550247.01941654913,-599812.51002931979,-639240.58783483901,-668792.03461181594,-689234.04325392842,-702013.70632640459,-709540.33089752006,-715619.64086767135,-726076.87219327956,-749559.34702072304,-798353.93108438398,-888617.27998017799,-1038271.8524252187,-1257912.9193313869,-1522766.7245052687,-1695370.5070158027,-1322064.8573883811,-1038834.370881044,-1015396.3691012423,-1258257.5191602702,-1541437.2980675683,-1352204.006780012,-1082639.4077835639,-861958.58527521952,-711399.36710801395,-619429.21726071788,-568400.82119357365,-542890.67361454293,-531444.68094635138,-526196.36693496129,-521992.89165836462,-515575.18969927548,-504951.75582573545,-488965.36048659531,-467012.4583939361,-438871.38927353144,-404602.77886571462,-364494.8006880696,-319034.1522858137,-268889.98987464345,-214902.9525162151,-158074.80295937901,-99556.969401605995,-40638.235467839826,17266.186316577408,72620.509694781897,123763.83047502389,168891.90236190669,206055.26079552213,233212.65104132527,248383.963597658,249960.89942624033,237189.59544521983,210769.70733371342,173402.73791152859,129965.87459961048,86882.243593949359,50458.814435018656,24682.8166933748,9826.6717026822735,3073.8905714849757,731.12788331999229,128.67759662010414,16.43242384740099,1.5047710782319015,0.09618234955150036
0,-1.0434550487203211,-8.2498874816878143,-34.698825748171359,-0.79431949033175142,920.30547504673814,6122.3923198408074,23655.956170692305,65322.569458819278,141116.73584146737,252821.05718987272,392122.77791373956,544115.4677681796,692801.08499393053,825187.42283007945,932861.9857718969,1011656.4364273836,1060452.998964089,1079907.6910157769,1071475.0982237044,1036853.6433655821,977824.50715987035,896354.21370680688,794711.62277633196,675503.85006469907,541657.22034792299,396360.86209047341,242986.26418965403,84993.632157806118,-74166.784123536898,-231151.36470191201,-382812.3653895437,-526275.24397538835,-659000.66666977562,-778829.41365366627,-884009.77375744074,-973209.35447398829,-1045515.3777574941,-1100431.6844851647,-1137885.7270208169,-1158267.5699240423,-1162534.8698803445,-1152436.8534165705,-1130938.0417447977,-1102965.2007745304,-1076660.5542904194,-1065402.2631155148,-1090927.1322676598,-1187881.3775458296,-1409771.8149559433,-1834836.7152517301,-2565680.9803676466,-3702848.354576102,-5234333.698054147,-5894161.6243064124,-5840770.2572216745,-5098105.2505619172,-3424811.8902114788,-2293645.3546844991,-1575322.3753588723,-1160204.471307568,-942855.62205246673,-845260.93904299347,-815362.22128894879,-820290.75141889101,-840039.11379314261,-862779.54801497981,-881709.29746351112,-893031.12839451537,-894707.47539205756,-885718.86024513259,-865641.76296170661,-834423.76871164003,-792276.43930598348,-739634.83029932855,-677151.20568298723,-605702.90917602333,-526402.59419252421,-440604.45985149674,-349903.90635923215,-256130.71269888451,-161338.21470713927,-67792.717895901878,22030.9568210416,105444.07217947186,179551.89358883779,241266.72061201034,287360.34705442673,314678.99435605278,320636.44324361236,304062.51577073289,266350.2830384199,212524.09128488315,151395.20573981921,93827.294947570757,49043.84348129818,20882.71687234248,6987.4256314851837,1776.2522089321492,333.51152399071441,45.320744627807549,4.4037931706629232,0.30651040756068682
0,-1.6761154300320196,-10.665284363237943,-16.932657201730215,304.72100027440138,3003.1078008014006,14995.225784169639,50413.160704895585,126774.47886099455,254767.36710207499,429990.08251997485,633828.71684011456,841572.93191479275,1030935.5178844513,1186570.1331742487,1300479.3534481514,1370223.0221569259,1396681.1067085087,1382287.8152608166,1329988.1279718284,1242833.0254863829,1124004.9414176471,977005.86518562469,805747.36064160813,614539.1423404956,408020.34158899449,191053.42479231025,-31403.797424666031,-254434.64332179114,-473298.96367954632,-683558.47730014776,-881185.70759148651,-1062650.3692955091,-1224979.3243196555,-1365787.7401869667,-1483280.9760708737,-1576228.9932006048,-1643917.4801613737,-1686084.7047131734,-1702859.2597244028,-1694725.0753070875,-1662556.1336917288,-1607791.1662607626,-1532864.6269720821,-1442091.4947653655,-1343343.0464275361,-1251096.4844223843,-1191867.63019883,-1213779.6651158198,-1403303.5091745225,-1914394.2226503722,-3018928.074949163,-5193576.2349128453,-9269656.667780837,-11326811.861354241,-11243030.213355927,-9060016.730911538,-4773496.9341234546,-2654112.1871987763,-1593721.8224551443,-1111170.6101844141,-935210.52211729519,-914649.31224763824,-966345.55670026818,-1045390.1657914917,-1128144.7376595684,-1202645.2493873234,-1263200.7813762892,-1307379.9723411363,-1334359.9081684162,-1344052.6738009218,-1336675.2442849083,-1312568.8407198139,-1272154.9069770635,-1215960.2361660819,-1144671.7076257174,-1059196.8309960391,-960717.38562050369,-850729.31342360994,-731066.73510605714,-603910.15318096045,-471781.61600730545,-337531.1973008287,-204321.0256903689,-75610.290333266821,44880.871083948419,153134.78517914988,244705.16038011972,314673.22446511325,357936.61403696425,370121.67963186832,349321.61204684555,298417.22723386076,226833.59960423832,149733.87273025641,83274.504199352872,37693.968471349886,13392.788048969378,3609.1409978381707,716.73660581967511,102.72606820085245,10.49713438807823,0.78241219448687538
0,-2.0512514395972383,-7.8201430825639084,57.657689779537897,994.30194608846466,6823.5466874984886,29383.197185043038,89979.030679994918,210843.46246367309,399691.17643622204,641372.06292380975,904030.15559318708,1152985.7164071244,1361677.2045357665,1515264.9793309758,1608799.0463046343,1643484.8019480784,1623369.3423193616,1553278.3685028469,1437950.8992038174,1281984.7621212732,1090155.3642798678,867699.2975169936,620341.5882862024,354206.66741585848,75681.752808751582,-208747.32903537794,-492673.58708674164,-769944.4431557561,-1034827.085967493,-1282152.0976102864,-1507430.2000523543,-1706932.9335800458,-1877735.6468677821,-2017717.9316481873,-2125522.8641099255,-2200473.8188905236,-2242453.4606754011,-2251750.3784854217,-2228887.3975996138,-2174453.5356686758,-2088978.2871495942,-1972912.8768049676,-1826832.8280604074,-1652068.6961892217,-1452145.6272129684,-1235744.8287666361,-1022533.0446968203,-854435.82417098864,-817333.06399743271,-1082925.860917863,-1990155.8950104776,-4205551.332916081,-9045095.5469006561,-11654201.511157105,-11552624.23241662,-8795573.4210342672,-3665596.8954500002,-1574804.0421671304,-751560.68569057388,-536594.31644337473,-597574.89830179641,-768957.86370369093,-970327.71702610957,-1164465.2568006131,-1335736.3908050507,-1478947.047616903,-1593624.6548232038,-1681131.2708860522,-1743265.2156405675,-1781645.7494066553,-1797508.7685773394,-1791712.2556230091,-1764843.3686805009,-1717365.2763059626,-1649770.3177938336,-1562719.0832163806,-1457156.3246823924,-1334398.5325123037,-1196193.4017758172,-1044751.6604632073,-882754.71580307814,-713341.97291342029,-540083.90733842913,-366941.32381735119,-198177.17098794362,-38425.415358549493,106954.58635784635,231449.75502530689,327258.82603356085,385991.09052978986,400773.80514332448,369885.01991578494,300717.42005944881,211053.84299014224,124326.86370226898,59448.029336133266,22261.414897141494,6307.8302099970851,1313.6924148564083,196.89223855942464,20.979207497777953,1.6504413245195826
0,-1.6944767801431335,4.6431262562172861,214.99260267703139,2162.730136966552,12552.948696088797,49154.340870687331,140575.01279297037,311630.25698053971,563060.58579759905,865387.58989331359,1172385.5721333125,1440930.3399989351,1643149.7135686351,1767748.1688320022,1815169.8320745646,1791752.0823700207,1705487.038500316,1563916.6708684966,1373677.1322569153,1140943.6369124916,872100.0044770455,574107.26608307112,254440.93235802607,-79092.334067123535,-418565.33522939886,-756152.42399917392,-1084350.4357514312,-1396185.5431989508,-1685397.0899932962,-1946588.2998952719,-2175336.4367874549,-2368255.7092072116,-2523009.4775188244,-2638269.7705532736,-2713621.726035459,-2749413.599627675,-2746550.4190162825,-2706236.765515794,-2629671.9434460914,-2517713.0014589946,-2370521.172730397,-2187229.0643471326,-1965686.3603921842,-1702410.3245356269,-1392982.1507637138,-1033387.7108463714,-623292.33589586196,-173248.29683198535,280179.12255805853,643411.04040162521,703197.3240448276,1104.7991672566161,-2416255.1429727003,-3895712.9473140645,-3810291.1140768239,-2210997.5432938579,585033.26640816405,1097250.8453220634,917877.90671352658,485010.10251331696,-606.50332788459832,-454476.54620957031,-847166.1443677115,-1173954.0259689831,-1440100.4124416616,-1653903.8905634249,-1823594.8726002385,-1956092.5021216238,-2056654.4526760625,-2128940.5882900795,-2175258.0780630182,-2196873.0542200012,-2194333.106050069,-2167772.298600133,-2117183.3052381715,-2042649.2252603201,-1944530.4301724497,-1823607.641153153,-1681181.6417520586,-1519134.6942096192,-1339954.6000402276,-1146728.2415799629,-943106.16764561809,-733235.14517694863,-521593.50248820538,-313052.06788885908,-113433.10833220917,69628.626541802485,225972.80818856039,343113.03046174755,408348.07862700283,413458.98689748748,361107.41035128216,269148.89808996115,167222.6509183344,83952.735853158039,32896.915780848227,9725.7251694835195,2107.4275937513157,327.70452688815448,36.130493972050537,2.9635952213775822
0,-0.21322457028118025,29.482150219362804,464.84862217154051,3805.0620033248188,19961.362495976016,73087.518697089865,198397.30170285457,420749.53457033489,730611.53503769625,1082245.9301952787,1415620.3623299198,1681610.749968671,1853967.0915464177,1927350.1863573939,1909180.7939088645,1811773.1236270459,1647400.2451483647,1426382.5851080571,1157210.7345346094,847568.3730647387,505358.89971430128,139128.49643843077,-242104.69912531986,-629127.56215627771,-1012811.1970979152,-1384382.9059136184,-1735681.8711547067,-2059386.2974969747,-2349206.1481595277,-2600028.1190735018,-2808010.3559510829,-2970616.1419792348,-3086590.7237856518,-3155872.1326705748,-3179441.1115952693,-3159100.4967168216,-3097188.1350805508,-2996215.7659226893,-2858437.7978776479,-2685342.9741820069,-2477066.8183626328,-2231706.558146622,-1944517.4711437528,-1606956.9468832046,-1205551.2681616982,-720581.95183552185,-124672.77781350548,618459.61846506223,1554455.7704653733,2736698.1372817801,4220524.8148241816,6050776.0188094303,8242572.4191338522,9108734.2438898515,9132944.3257226944,8292627.2699109754,6560943.8911700789,4506331.6832690127,2883147.1627438003,1620792.790403665,648880.08256731601,-96212.211878669434,-667873.82518756518,-1108682.8961537282,-1451401.7896837527,-1720536.1650904345,-1933925.5413991679,-2104145.4525000793,-2239678.2745938171,-2345869.6392944376,-2425714.6472045779,-2480508.105303132,-2510391.6738026747,-2514814.5264443359,-2492922.5311562251,-2443878.7425344298,-2367121.3619323052,-2262560.4701574123,-2130719.9993564519,-1972828.4032090614,-1790862.9820398926,-1587551.787215685,-1366336.3489523036,-1131279.5719055876,-886806.58068092389,-637701.76924201753,-389809.90331660799,-151299.81225477759,65980.745053757433,245988.26683821378,370201.0781454395,422925.52890529955,399983.63411303982,316642.29527378571,206755.24086912945,108391.49910697552,44159.065920092478,13527.709811893532,3028.4516502937095,485.22718350959622,54.988225174724548,4.6560210652618244
0,2.5400299836157081,66.766155394677256,797.53052049519556,5822.8996462726745,28523.041919374511,99362.389719357176,258986.19768169418,530000.03823621571,890518.24757585104,1278210.0516590599,1620877.087760773,1865959.5580740648,1991111.9130631716,1998433.6709459538,1903069.6881376214,1723555.5491494553,1476420.0417426589,1174646.1581340162,828464.18812488264,446967.17628779035,39461.54693557712,-384097.27553890913,-813395.36655172717,-1238118.0919334677,-1648284.8113292963,-2034560.5841984435,-2388535.6897346806,-2702965.70533195,-2971962.2662898889,-3191126.8256501257,-3357620.2476959531,-3470166.4632673119,-3528987.7789713233,-3535671.4104646072,-3492962.9995259601,-3404485.8770137741,-3274379.3632840062,-3106856.4483972769,-2905667.7446980909,-2673464.969784243,-2411029.939728504,-2116317.97898742,-1783197.7158339662,-1399709.1163792252,-945516.93538178783,-388035.52857267845,323700.57465600705,1269036.6849249224,2572557.6121569509,4433507.248641368,7179198.4727259288,11366335.559801681,17982761.872022029,21158460.535741016,21098689.298995651,17818232.582720824,11685321.181955272,7275031.2091250671,4389151.096219602,2447787.8588358881,1110015.8686816071,167288.50968469851,-512174.7489611929,-1013777.1597462312,-1393877.7226435952,-1690040.6926244444,-1927291.033314229,-2122044.514431309,-2284661.8721024557,-2421175.5627540462,-2534514.2631372889,-2625416.5129757621,-2693143.618528022,-2736058.8418485303,-2752105.5861685113,-2739203.7660679533,-2695566.7263479242,-2619949.5068148668,-2511827.4485401935,-2371517.8639901187,-2200242.2346154172,-2000140.9754416461,-1774236.7389211289,-1526325.9819267299,-1260609.9447682328,-981575.26066810882,-694756.30444466951,-408329.16908694594,-135088.6276247256,106209.0417464841,291853.52674614091,398578.96249380655,414126.52595237846,348967.81281769491,238891.9956931833,130193.45229918645,54846.381201795921,17307.870621215006,3979.5047573704437,653.17879720395808,75.662136314184281,6.5616819514888745
0,6.4426502596878867,114.17221066129076,1189.5172876203378,8067.5361227271424,37611.602424278281,126138.40744030404,318411.92677773023,633071.41779093898,1035016.824775661,1446132.6394808497,1784122.5716974137,1995192.442474379,2062387.4129585947,1995888.5212288348,1818632.8499519643,1555165.4477721152,1225999.3458330547,846566.46445704484,428705.3826176218,-17166.512292086951,-480434.41975239385,-949883.85296122637,-1414116.6902893872,-1861972.6028597464,-2282904.6638183226,-2667319.9717020462,-3006875.9801524738,-3294725.7487486606,-3525703.1728557339,-3696438.8914953335,-3805405.6017658864,-3852887.6176852607,-3840879.7547941338,-3772907.0898378342,-3653770.9540679078,-3489210.2543940451,-3285486.2047602446,-3048877.9246482579,-2785087.184646795,-2498527.2712767846,-2191477.3928027628,-1863012.3833373005,-1507554.6503550713,-1112760.1222065182,-656256.6763467096,-100368.85206612751,616687.32333064068,1595890.0881693775,3003785.1297573391,5119431.6100256993,8419212.5963437092,13731619.006449031,22520113.177475654,26843574.644066274,26677983.379003689,22101068.947566435,13765081.524758572,8260256.9175885301,4835487.2353801243,2647892.5942929694,1212162.6658014399,242567.496310733,-433160.53600432916,-921275.41737726948,-1288607.2228628979,-1577741.0161907319,-1815862.5667082698,-2020026.8018784933,-2200395.8178397603,-2362308.7349449787,-2507684.7752476926,-2636033.5535860416,-2745233.0650457609,-2832158.4518779828,-2893216.3098333846,-2924792.2396601094,-2923618.0664706007,-2887061.3422304029,-2813340.930900157,-2701674.2950307764,-2552360.1971733351,-2366803.3873847807,-2147484.1103248298,-1897836.3547997854,-1621763.1308902656,-1323353.6533387627,-1007632.7496097287,-682395.54613070074,-360744.54788205854,-63278.921445807078,182004.16046575122,344760.02634948655,404217.932489492,364553.62203296099,261409.6710129898,147615.19052519446,64026.290850695703,20716.128126892949,4868.7566228193946,814.87086622870879,96.059201515239963,8.48194765575834
0,11.197480997801563,168.18963586261907,1613.0995739852858,10390.372341617969,46675.61117830703,151966.22944118726,373911.31592776207,726096.1894896992,1160268.4432753765,1583967.0224269093,1906856.3561814111,2075600.7925403605,2079462.2648063956,1936750.416245352,1677807.8783191454,1332692.7525956105,925494.18234220427,473839.22655175364,-8949.3055649984781,-511187.24482329964,-1021009.5883085157,-1526043.4627910636,-2013953.0791503745,-2472908.3785865596,-2891988.9052029611,-3261546.1092846445,-3573510.5185679602,-3821640.4102201601,-4001697.6243369966,-4111547.9979588105,-4151180.7103851312,-4122649.4309906098,-4029932.2430709163,-3878710.2838989818,-3676062.3364339611,-3430079.9726349209,-3149407.0371316154,-2842706.7750563459,-2518039.3509110599,-2182139.3060742123,-1839603.9062415154,-1491918.9289187798,-1136150.2565881412,-763031.9788334152,-353956.00559869071,123986.78984734042,726447.2771141869,1546458.5951982886,2740182.4597699507,4572574.5860198289,7498770.0186308622,12308969.771657011,20383858.689517859,24281613.465412803,23999362.239502836,19674748.630235568,11994822.353852075,7040198.5112546394,4014383.5441149794,2124489.059583805,912872.2250020972,111451.26503365929,-439687.51116290921,-837769.14480741194,-1142921.6884399755,-1392717.9522507745,-1610543.8683919429,-1810492.4390840447,-2000305.7111249503,-2183225.5285372096,-2359240.6821211828,-2526002.4029647238,-2679544.3618572108,-2814889.179194259,-2926605.3054089928,-3009292.9100239277,-3057985.3333342103,-3068478.2837059377,-3037576.2415039884,-2963268.2745271036,-2844826.7232088149,-2682843.9190834365,-2479205.0451583476,-2236958.4329863768,-1959708.1846023388,-1651136.0114046196,-1315669.9790853946,-960475.63995253912,-598472.74395376479,-251349.93475721378,49517.415880409513,267456.42041770037,373316.58014307381,364157.90626160736,273823.06113360683,159906.85991343838,71192.143106180418,23535.317882598669,5633.734909693364,958.10589766220255,114.55565893450601,10.255310233931732
0,16.465293529901018,225.38579580418229,2044.4602277204021,12677.200634482189,55333.316403590907,175946.11543883671,423985.1721418667,807387.24568853679,1265367.8853908929,1692799.6823216593,1993160.0716180336,2114809.7853002413,2053606.4392570478,1835689.1899645685,1498182.5166010219,1076028.6671662498,596431.09917123104,78947.190351162906,-461731.10715760913,-1012692.7247896838,-1560852.8804226608,-2092737.2013073203,-2595156.6005460261,-3055711.142679858,-3463214.0428742296,-3808070.8924495559,-4082596.4647468352,-4281265.6806892548,-4400882.8888733685,-4440668.4304496478,-4402258.0928093921,-4289616.2388570728,-4108860.2597394981,-3867991.948561063,-3576541.9373271111,-3245134.4147716141,-2884998.3593539344,-2507427.0665068715,-2123169.5197871281,-1741694.9728550743,-1370526.7225773407,-1014540.8657579074,-675111.71456347418,-348911.63890753395,-26065.980740317365,312903.72787530581,702313.54069773154,1200464.0369307119,1905720.5931447551,2984866.2831153693,4723039.2480647825,7611441.4685310023,12500760.528077666,14600718.291359907,14196390.840860905,11487242.552239258,6917237.7027113261,3936553.4001426813,2128440.2292713928,1009743.9286235016,299135.73101446329,-169679.49501800482,-496762.29623728135,-743420.28336971486,-947771.29208221787,-1133591.5485727752,-1315379.9551895228,-1501281.4230581447,-1694832.9703017073,-1896075.8356083862,-2102358.2986036735,-2308989.0448524468,-2509804.9649375966,-2697659.664360268,-2865022.7924365746,-3004492.3786835256,-3109224.4257029439,-3173292.7120826426,-3191970.2932238118,-3161930.7922237949,-3081366.0617724145,-2950029.7611972345,-2769213.5484048342,-2541605.8299666508,-2270560.6896920851,-1959398.7145152572,-1611943.1119935343,-1234589.4767180332,-839726.10076447297,-449533.18234084017,-97975.031370273471,172731.36157924967,325491.06297069939,349936.88330701552,276910.3540027744,167154.57508018811,76245.596739303612,25692.971480467284,6248.3923863972586,1077.0940223163195,130.30918485030332,11.793422254287989
0,21.960371782862435,283.15537679220643,2467.3727520789421,14858.634537523531,63381.267609272116,197675.13684540475,468140.63840022974,876786.14284162386,1351173.343872125,1775197.0274048983,2047757.8767312488,2119820.3654248775,1993954.6807945601,1703674.220326408,1292183.8513582284,798653.58141650271,252934.54590118321,-323748.53064046736,-915448.70621404576,-1508066.2916041347,-2087317.7279312937,-2638657.9981817841,-3148085.5170045304,-3602674.5279151257,-3991015.2233388736,-4303609.0344233653,-4533195.4959315471,-4675008.575591824,-4726943.483659029,-4689636.2357143313,-4566447.9727130597,-4363354.5517073926,-4088732.2272461238,-3753037.922547204,-3368390.2143865088,-2948078.3109519193,-2506042.9816088439,-2056373.6719786501,-1612769.0034709293,-1187634.9975917477,-791662.49078990007,-433548.48194968741,-119775.79098495618,145546.70109468041,360812.74153888325,527072.78733308008,648331.05375901016,732150.54902630241,790814.20410255366,843363.4086390736,918921.21121353982,1061670.8830131297,1337037.5350106643,852067.76945572312,325894.4130185172,12333.738782794688,-32639.964042430849,-216519.98205531642,-329948.6414650146,-401145.84171792481,-449988.1498795331,-491725.03990777669,-538358.77637207764,-599256.08021065418,-681473.3764719381,-789902.26133079873,-927296.95078957407,-1094242.7643916931,-1289137.5235093585,-1508249.7124243097,-1745900.3016922332,-1994788.9334573487,-2246376.6049265712,-2491051.8102940903,-2718954.1353576547,-2920501.5774780647,-3086822.788667737,-3210149.391972031,-3284132.713288473,-3304076.8653253182,-3267072.3158015059,-3172045.4892096207,-3019730.8782079606,-2812514.5129333939,-2553575.2786624171,-2245950.8617146062,-1892898.4056077613,-1499981.4083245592,-1078822.7607125414,-651646.67442874564,-254366.11454442487,65976.477819419728,264901.49558112829,324618.81293730479,272136.69602898741,169971.13818399736,79373.078633721452,27226.035312892793,6716.211603493829,1171.5767500147385,143.19257648184387,13.078032678163984
0,27.482377316194906,339.83657193763185,2872.6699856404548,16901.476569140803,70745.016566603634,217076.9135797151,506484.88099746383,934942.3516848156,1419307.9507700328,1834094.2034305718,2075028.6131474667,2096373.2901262792,1907389.4229617533,1548461.6251227262,1068184.8405678996,509328.02881374728,-96055.677449724288,-725331.31057904486,-1361418.4095827024,-1989079.2009754744,-2592858.7466451712,-3157163.9772479022,-3667198.8777454137,-4109522.5586277549,-4472505.6784926243,-4746742.5622031344,-4925391.1502259057,-5004439.554411388,-4982877.6338255061,-4862778.2972488869,-4649274.0284817629,-4350426.6406032825,-3976972.7807179457,-3541942.6412698072,-3060160.2283508717,-2547662.8371799644,-2021128.4993213853,-1497470.5712454962,-993710.60159975465,-525091.71628921968,-105257.22765265539,253525.3152071122,539927.42396765295,742658.04413103161,848784.0038037682,840838.77103767812,691912.73472856055,357328.35964419355,-239654.45470310448,-1232586.1907127134,-2854860.8649397804,-5514298.1004179753,-9921766.1091947407,-13064954.255115718,-13725862.185335277,-11595210.898036478,-7032525.7157929195,-4360103.2409133567,-2739680.4203864764,-1740446.3843593404,-1115006.8149328269,-723001.86572105077,-485486.51773892174,-358320.49977091898,-316802.86616995395,-346741.7106957275,-439195.77353442955,-587322.60411894671,-784503.13534307608,-1023282.9082847276,-1294918.6248453907,-1589444.9562351168,-1896140.7457370749,-2202446.3166885851,-2495982.4285808853,-2764859.4925446343,-2998060.8354125326,-3185874.5769526944,-3320263.3851437769,-3395131.9206635188,-3406477.3847349011,-3352437.662456064,-3233252.5429949043,-3051081.9575008233,-2809018.8555215849,-2509911.4917342444,-2156519.5558440448,-1753566.5890757367,-1311768.1537472547,-853069.12720383867,-414824.99865464692,-48267.760273074615,195331.88045807328,290940.88099651376,261171.1358421206,169184.21332368584,80895.37967082423,28227.929248490804,7056.9346129767237,1244.5012297386143,153.51129713119582,14.134309333766051
0,32.897405300366856,394.39717541732011,3255.2967082896594,18791.198718561223,77409.486455506762,234208.43713269767,539335.72891695658,982723.38637356996,1471476.2238666774,1872205.7226928072,2078706.5175910927,2049089.9057015474,1799205.3626626795,1375798.8925163785,832205.28818584036,214211.26440384568,-444343.96083632082,-1119665.35327291,-1793670.8776186216,-2450052.9165451922,-3072225.8715227265,-3643575.3477077833,-4148521.4906766317,-4573103.5135032823,-4905453.3574317973,-5136227.2633623593,-5258962.881876356,-5270362.567812033,-5170480.2640160164,-4962814.5671938714,-4654288.5728599792,-4255105.2276644651,-3778454.4227682236,-3240062.4976382325,-2657585.5179892657,-2049874.1556336924,-1436198.8628420127,-835856.80858979141,-270480.38941843755,242580.84160244412,687478.03864465305,1049265.9874792669,1313070.6167474845,1462384.3728541553,1475985.2426696331,1322654.4381015559,952236.53794135433,280443.70407983934,-837162.09489801747,-2649940.1240384369,-5589116.7095174845,-10398722.187684488,-18353923.03061489,-23544313.360691156,-24339064.388312269,-20387225.327878267,-12368287.309444141,-7485124.4690620257,-4505786.2200758848,-2656277.0005410709,-1487164.2255287613,-739468.8604222486,-264570.61492880678,22686.520854538445,171244.43032486527,209735.96557375503,155873.4162479082,22064.731634380831,-181212.46028785742,-443431.60347834724,-752989.15964579803,-1097137.5531072186,-1464461.9964459625,-1837804.2872471749,-2202339.2640311331,-2543855.4079518877,-2849091.7950980878,-3106302.101607041,-3305709.8499841611,-3439818.1027298518,-3503568.628503195,-3494379.1458367724,-3412080.8171691843,-3258700.6030445453,-3037344.7117962302,-2750776.9715918666,-2401349.2271208707,-1992981.5930768594,-1535412.3079095513,-1050083.8484889148,-575390.4579409057,-166187.4107679298,120061.62417315639,251366.6750563895,245582.26528551686,165610.07061994239,81146.236082444157,28801.794627572322,7293.8645117720071,1299.6225012787556,161.69085549424537,14.999656357125787
0,38.100499132741476,446.02094221598645,3611.229901070184,20516.274424247116,83363.658261516655,249121.59005104585,566970.12498855474,1020879.5006949654,1509147.4371511054,1891865.1362938175,2061993.8848623217,1981924.2064054522,1673921.2395033906,1190574.5438249744,589345.61751413229,-81496.906083288923,-786712.55783042964,-1501586.4744689388,-2207174.1656067432,-2886180.5638685077,-3520945.830824614,-4093870.2501145899,-4588602.981104929,-4990651.93496616,-5287877.8835947728,-5470946.847661756,-5533709.5151224444,-5473510.0759875327,-5291399.5458808765,-4992256.0313219307,-4584779.9752456937,-4081349.0621052231,-3497694.7683041831,-2852388.4514470701,-2166120.0798153556,-1460741.6980378791,-757894.91278588702,-76319.6441795633,551803.68172290165,1110391.274507921,1582507.3741023268,1951809.4741204323,2201915.282234956,2314370.6341011082,2264884.3014135994,2016934.2378354331,1510990.5049945374,646291.99780748959,-750252.65545345785,-2977363.2962666699,-6550735.2952191746,-12358507.470122481,-21922708.701079033,-28040472.914006542,-28965453.777400997,-24294828.91526344,-14792511.317745358,-8852132.3444969412,-5191582.7676469898,-2891450.7241751039,-1415538.409967209,-453140.04422647494,175064.36810991311,572307.94911577669,798073.56478869054,887118.71896337974,860792.5730399607,733869.6171203237,518695.71135652001,227707.82953979453,-124946.02867824353,-521606.35725351557,-957779.5540741916,-1403940.703472364,-1844981.1281372302,-2264463.4746096651,-2646724.1079037734,-2977867.6995643778,-3246346.0675826231,-3443294.9429452396,-3562682.3519156403,-3601314.0943007758,-3558730.6514306245,-3436940.2348747128,-3239175.0941918674,-2968231.5473493743,-2626164.9621485421,-2216166.6680471892,-1746991.7527264669,-1239437.0704694202,-732610.89079966105,-284471.68932310294,41930.328649827767,208023.79668318789,226718.71044464325,159945.31021218345,80407.416968013087,29033.525636117964,7446.0979676572151,1339.9635611040951,168.06729789759598,15.701994207267457
0,42.997522535705613,493.94230064457196,3936.439885628844,22063.648827312649,88586.874865350197,261834.7449980416,589586.31678703707,1050023.7667304806,1533601.3759897773,1895187.1898732148,2027871.4656086043,1898625.9065990588,1535877.6758764565,997522.32120658143,344559.32412272843,-372756.91593049729,-1118138.5996039556,-1866177.3378506249,-2597205.780696216,-3293035.0940328487,-3935000.5931682163,-4504564.620794341,-4984621.0877391407,-5360132.6164493924,-5618644.011312115,-5750757.6004422521,-5750539.371560853,-5615862.6667695222,-5348663.1226088004,-4955101.8391074091,-4445597.5877194256,-3834699.541680479,-3140756.526976984,-2385363.9159737485,-1592583.8344639472,-787977.45535472606,2433.8018187031694,752798.96534682089,1435256.9360946785,2026460.4176726094,2504352.3371871929,2846614.0799335102,3028126.3431231668,3016418.5407011542,2763919.4377506548,2194984.8960396396,1184144.5213277054,-480666.59073205333,-3160719.4672951549,-7473586.6943942988,-14476334.616313603,-25977207.677195661,-45060546.806914426,-56529747.783762544,-57556495.503501594,-47700210.289337955,-28681744.377501469,-17031760.626009721,-9934292.1563615818,-5543447.6094584679,-2778724.8446784294,-1009731.7273910387,130991.57002077419,857721.59563891904,1295664.6131017716,1518596.3927367399,1571191.1039123833,1482429.4876071364,1273701.9879688111,963639.92728592316,570799.27597298531,114586.48474524412,-386894.21447969798,-909786.15638959163,-1432765.9595242243,-1935592.980416626,-2399682.2998871584,-2808822.9335592692,-3149695.0869690757,-3412164.5233247685,-3589374.753835198,-3677688.5693596136,-3676520.4424665291,-3588005.4061159804,-3415633.5517695937,-3162366.1822681455,-2830093.226327952,-2421387.7360932841,-1944068.6322791702,-1418214.9666756573,-883388.37260681647,-400164.63806450582,-36552.792982976651,162764.53807361564,205731.56055084543,152769.54051666471,78906.01388085504,28989.717310558572,7527.7757009424649,1367.6458239820809,172.86208222294047,16.257720089408934
0,47.507713951506403,537.49506478998728,4227.3615092963655,23421.542902505294,93059.95122265775,272363.83818425128,607368.74907646351,1070738.9145612109,1546073.8841642276,1884238.7494129033,1979277.3312745125,1802910.3669273905,1389387.0506289925,801343.88945277594,102747.41801613008,-654624.81345074053,-1433762.0156679095,-2208772.0514541673,-2959402.4427156257,-3666670.7143374668,-4310989.2129507717,-4872938.1315026758,-5334678.1537371166,-5680609.6959296875,-5897905.2091309298,-5977004.4057969591,-5912052.9190260582,-5701289.9106944539,-5347359.66870532,-4857540.2154445034,-4243837.6278743446,-3522909.7807398681,-2715757.0199226518,-1847151.5595400305,-944790.94013877574,-38228.410777303179,842279.59087478474,1666730.632232626,2405856.2285282449,3032938.4780382076,3522901.6704968913,3850404.6869733213,3986357.8424597126,3891962.063391617,3508783.9129982558,2742360.261744055,1434845.2669004723,-681067.25632898253,-4060493.3548710612,-9480197.8687475435,-18267372.188798651,-32688862.226169627,-56607418.538526691,-70776247.001007006,-71897613.20851022,-59493733.219606541,-35704143.463702127,-21106018.881245039,-12201357.673696075,-6685550.3322106255,-3206585.6762800599,-973848.15966029873,474594.71728938585,1408621.5986069737,1986006.3836153862,2299479.7995594749,2404746.3995472295,2337405.6818313403,2123232.777965649,1784330.1845922074,1342519.8865525112,820747.45203712268,243076.29540424678,-364422.46026944451,-976225.85688765964,-1568285.8590968233,-2118923.8389806696,-2609573.0242585144,-3025249.1713051409,-3354754.3158404222,-3590661.086785059,-3729146.4603247903,-3769729.8412917117,-3714862.0509317871,-3568448.3289544722,-3333762.7388058864,-3012679.1213299721,-2607289.2762884772,-2124567.4745278768,-1583856.8351499573,-1024965.9906512263,-510626.04448961775,-113151.03000705967,117230.21763238001,183631.45743621848,144585.4516958225,76835.985795688626,28726.206730199912,7550.4985304672728,1384.3658668315093,176.2470604831552,16.679208599801726
0,51.564431798582348,576.13327632295875,4481.1207297099663,24580.8854414692,96771.010671746422,280738.62394977477,620520.43322072772,1083625.1234509989,1547810.3305956114,1861083.4420641582,1919130.6566422479,1698456.6809242961,1238705.2083602885,606659.62974849762,-131304.95764613172,-922319.74372894526,-1728947.3253785875,-2525005.52309393,-3289790.5440656515,-4003634.6232734732,-4646119.9235873502,-5197014.0747081982,-5637773.2130330494,-5952219.5775546003,-6127082.3533519302,-6152512.8129013209,-6022555.2445506137,-5735586.5339775942,-5294699.5801859898,-4708022.0613263771,-3988911.851161913,-3155978.7466438748,-2232848.3862314355,-1247605.5209739488,-231863.20201120502,780519.17907377391,1754955.6222579135,2657660.6668532747,3456960.6517210524,4124375.8846369558,4634296.9088422712,4962229.9936953662,5081251.7026593741,4955970.2521317219,4532726.3818868669,3723705.2244384908,2380760.2558147656,251555.80869079029,-3094794.8618958532,-8394585.3800405115,-16906126.491369337,-30778008.23811309,-53669262.702793829,-67315981.446893528,-68546793.10637781,-56816001.590464532,-34173008.26596339,-20065885.26343729,-11391671.927273674,-5960793.8007237483,-2488232.9857655196,-221991.77953012771,1277234.7052549268,2265480.0274294093,2891485.3066635337,3241692.5836365502,3367318.5476807542,3300960.6614609207,3066887.1786200278,2687268.2395831947,2185586.9226517631,1587959.6136290387,923004.50150747946,221011.65427715742,-487985.91669856844,-1175871.957886491,-1817739.7572408665,-2392743.1705351179,-2884492.4092418212,-3281095.5648098602,-3574957.4726819871,-3762447.6755094673,-3843508.4344211519,-3821149.8999047219,-3699877.8787726117,-3483440.3846341264,-3173852.0450046062,-2772878.4305083663,-2286768.707669802,-1734154.7673690829,-1154924.3109800152,-613519.61067740608,-185877.72447214965,72880.158027617654,161316.45200817508,135839.10674112081,74369.156292300948,28292.386616696473,7524.5206817945736,1391.6240960784244,178.37459205126331,16.977624089628208
0,55.11440545154413,609.43075548756576,4695.5770268345968,25535.712666483119,99717.4086228167,287008.48975984729,629274.8240477147,1089316.6348053447,1540079.6895147685,1827781.755181053,1850307.7494930292,1588854.6887280699,1087952.8780826181,417910.92916045908,-353033.58914897486,-1171325.581094848,-1999372.0749006087,-2810880.1605991204,-3584828.3588841185,-4300980.3405022658,-4938197.8409658121,-5475519.474041502,-5893738.7289498793,-6176083.9278303785,-6308761.7888944428,-6281481.3812389346,-6087955.4524340015,-5726390.4807678889,-5199955.6664304407,-4517219.9284772966,-3692500.298589766,-2746058.700382086,-1704029.2583175844,-597951.30412089161,536228.18313849124,1659737.1337671273,2733055.0393797485,3718206.6750101056,4580866.4467515834,5291844.8001194019,5827321.828603927,6167580.9744542874,6294033.2232563216,6184272.2116606869,5804482.936470449,5097796.0454051634,3965709.2988736522,2237442.7284796974,-381773.7044034595,-4398737.8909780299,-10682495.812102443,-20719990.328834094,-37048857.467301875,-47060476.475297421,-48379221.326683976,-40418329.912477732,-24517407.564711865,-14176773.125268612,-7670361.2812813437,-3474127.3375968332,-692286.21572368173,1199666.362441628,2507156.5343961762,3406300.5305102915,3997077.5960290292,4335351.9650133289,4452709.8616483435,4369202.4159321254,4101668.3277074685,3668967.7904985165,3094732.9309037612,2408025.4029860562,1642335.6072372568,833507.908413372,17073.899068982304,-774174.01940914302,-1511925.3261237163,-2173269.3666611989,-2740897.21607449,-3202832.7409460926,-3551925.7200130103,-3785274.8874734472,-3903668.8001060188,-3910979.9591329116,-3812527.2667983589,-3612698.4891643133,-3313804.2488834136,-2917437.2903957339,-2429255.245445692,-1867224.7089044298,-1271170.3694153291,-706808.683591165,-252991.80713214041,30998.664084032473,139579.83094473364,126926.0435936798,71658.594785968642,27732.528075474907,7459.1091434055625,1390.7916644848929,179.38603753940865,17.163617535554163
0,58.116654123410342,637.07373108460411,4869.2949782678315,26283.126982288351,101905.84661103043,291243.06746683532,633896.64080131659,1088480.4707651341,1524167.0167456414,1786373.687999781,1775613.7985416341,1477567.9096079958,941071.23009359289,239313.0168149473,-558141.69847969303,-1397430.0459531788,-2241051.6576386457,-3062770.975013176,-3841383.736884566,-4556216.4530248856,-5185538.1567469006,-5707765.1147561092,-6103085.5503334058,-6354131.4352618875,-6446504.7073486773,-6369299.1617994336,-6115611.9444638602,-5683077.9424087303,-5074424.7598567968,-4298056.2927938225,-3368620.2844051747,-2307497.8576893387,-1143053.4913301666,89576.400793927227,1349453.5511516782,2591775.5697904518,3770758.1272202195,4843053.8279006379,5771053.7265538182,6525347.6544782063,7085750.330091822,7440662.0737426793,7584911.9444786925,7516459.1519444166,7232305.1413738187,6723599.8104846636,5969207.3710980136,4925998.8470372381,3512823.5232049096,1583270.2107100559,-1120682.4905992737,-5047340.7165994002,-10968471.529720997,-15192346.680411581,-16546100.500621054,-14457143.823208064,-9221093.6939288825,-4922338.9001735421,-1930975.7574458194,231230.65913216074,1847725.5075119473,3084412.5906446995,4035406.2487725574,4750723.4452437935,5253540.8878666107,5551589.0244030114,5645416.79821188,5534939.2807498621,5224681.7920520632,4727499.1814605398,4066355.8668862111,3273911.7584116324,2390111.992855865,1458412.0664041841,521580.31438280642,-381902.71866806998,-1220132.3260807991,-1968611.7944899497,-2609974.3952736869,-3133135.9496095153,-3532293.567758298,-3806009.5321396356,-3956456.3085587923,-3988724.5067602452,-3909168.7953204992,-3722973.1244859723,-3432878.3823674521,-3040443.0641717268,-2550857.5900142957,-1981475.5686988099,-1371922.8789698249,-788753.06562792114,-313000.16852441174,-7308.6628572374584,119107.29788969383,118189.8024574623,68838.046194941926,27085.610244995867,7362.5034766879362,1383.10302411067,179.41071166015027,17.24717384266479
0,60.541446032042536,658.85183462093346,5001.490550432236,26823.068073876693,103351.63226209902,293530.26340120286,634677.24205125158,1081806.5595814164,1501354.1922003196,1738845.1139044983,1697731.1263969184,1367862.4567964254,801736.33067686518,74760.729239242646,-742692.14159163274,-1596806.165685748,-2450401.2681437097,-3277459.359061731,-4056735.5000788411,-4767267.1013401477,-5386885.5413686112,-5893517.3442308288,-6266833.4753824845,-6488888.127944584,-6544612.01668962,-6422299.6392064756,-6114106.0264428295,-5616591.6450458542,-4931347.5298351338,-4065734.3550927113,-3033746.2407888155,-1856956.8889675112,-565363.861459465,802239.2346083842,2198939.5986147011,3571997.5440196074,4866899.0688087083,6032539.2944378136,7026398.9674581876,7818550.8604990197,8393654.7440746985,8750775.3833016027,8901613.7407591641,8868477.8124085441,8683651.630430324,8391923.760655947,8057878.8150437381,7779898.036745226,7714064.7486740826,8114283.1291749002,9400220.8529503029,12272396.607088912,17902455.236509539,20173718.644785032,18799352.571008373,14349225.068593152,7818214.0742581803,5372064.0563957198,4428734.5622725822,4308486.8518207474,4614924.2478138795,5114789.9741580617,5666551.2518554144,6179347.5590869561,6590058.6484705219,6851456.9524663407,6927535.1493453197,6793497.5785265183,6438178.2437079279,5866731.5644241292,5101725.3587981137,4181521.6247624299,3155834.1747505995,2079359.1229930711,1005025.4838299501,-21448.406834671667,-964510.40551065514,-1799104.1428714264,-2509325.6787686208,-3086521.6452678638,-3527532.5206198092,-3833345.8699231669,-4008160.4272402548,-4058663.0575905289,-3992446.0070811231,-3815601.8807178698,-3531393.4225693732,-3141442.7140653529,-2650573.4112370233,-2075561.5053170926,-1455691.5240326526,-857905.33408834133,-364663.39406928991,-41123.680882417852,100469.31427522023,109916.98853539753,66019.53727474068,26384.462357507527,7241.6935562726057,1369.6150818965596,178.56061626202325,17.237084247337787
0,62.369411734042757,674.64949582273368,5091.9722886437221,27158.021585576887,104077.59059742624,293973.0330217061,631926.76432321826,1069991.8335932973,1472893.4202292573,1687090.973619394,1619175.1228637178,1262760.634049448,673312.82781003986,-72212.651507643764,-903141.13935279916,-1766032.3782960749,-2624236.4096661913,-3452108.1778607029,-4228513.576913802,-4932373.0470837979,-5541264.5595719628,-6032797.0521137323,-6386250.2943455968,-6583164.7310149362,-6607767.328189522,-6447392.118431286,-6092904.844288256,-5539202.2273331229,-4785840.5899286019,-3837905.1942441529,-2707218.8616162334,-1413953.3324409649,11508.504920768997,1526979.5760443313,3078228.445610059,4601441.5642465362,6029073.1557796774,7297917.6877307855,8357333.542861877,9175591.899584556,9742991.3404901884,10071463.258733569,10191864.794192079,10151514.208342694,10015368.778589109,9874513.0403189007,9865689.9270560332,10206523.512291741,11254280.936368231,13603151.871740172,18247899.678943627,26862223.786055088,42270732.721867017,50016996.76769527,48660178.129689239,38760176.047480561,22288107.033627983,14129325.090941316,9857962.9242480323,7818130.283456604,7036774.7259754557,6940471.244744827,7186505.5568471812,7563496.0109552713,7933440.9359924346,8199264.3414202193,8289067.7534841085,8151454.3748600082,7757189.5685139382,7102705.3801829498,6211681.7009038134,5132367.9739089329,3930258.2488002181,2677575.054441263,1442273.9834206027,279557.60970964719,-771856.54253140255,-1688539.2521581112,-2458729.5659126779,-3078598.1365848808,-3549422.0513661676,-3875798.6798336674,-4064641.9102421212,-4124572.2158344476,-4064539.2759724106,-3891570.8533422542,-3609460.5114386217,-3219930.3303153287,-2727487.8529217103,-2148337.2849893756,-1521254.8792573437,-913105.32427764463,-407000.20403988555,-69724.434044717098,84112.585116075163,102331.46308825842,63290.464161242176,25654.697529021352,7102.1399834372751,1351.155568073917,176.92378767156353,17.140295594928681
0,63.590842275038888,684.43854238927759,5141.0860155838436,27292.719864146024,104112.8641603361,292685.72238950501,625965.37724984402,1053723.1300687676,1439978.3026825022,1632871.231614081,1542233.1293053352,1164962.8680816547,558765.30407188134,-198528.16496588389,-1036423.4645903133,-1902161.9203833097,-2759817.3509062682,-3584272.0918781538,-4354668.7967825281,-5050007.990125997,-5647837.1193132075,-6125663.1597486632,-6462560.4139793804,-6639682.7083665803,-6640596.5537131801,-6451577.0987564372,-6061891.8340522274,-5464140.7448022766,-4654764.1314056236,-3634912.8266720236,-2411961.9230687669,-1001963.2133172937,566858.37032905489,2250123.1923800446,3984679.3848538278,5690535.1693821857,7279702.6975771803,8669306.9957477041,9794910.4601752535,10620580.573534487,11143330.302465415,11391251.198266476,11417237.061505985,11292701.086167699,11107029.709997308,10978720.911412308,11083377.980499562,11703976.360102994,13312241.155651424,16699027.587496825,23188836.549787275,35001857.29303655,55867479.701859556,66769499.811174758,65498855.099417053,52565932.020775706,30560370.820122629,19169005.948186629,13039293.412037473,9960663.0708400123,8626550.9659633599,8264725.997446157,8415496.0278740916,8797972.544501815,9229233.9086462669,9577651.7189647593,9740369.4002605956,9638085.5631514993,9220192.3969712574,8472842.4239364117,7423397.3104486754,6137175.9492065478,4705809.6216690373,3229850.666645051,1800423.0464639675,485363.20468714857,-675495.49276065116,-1664959.3120426433,-2480108.5261194916,-3125547.4712274438,-3609325.9879954457,-3940952.9507175125,-4130657.3043394624,-4189162.3418428381,-4126725.3340795287,-3951181.7939924262,-3666746.6231169193,-3275183.1844231924,-2780670.3014086671,-2198796.3723589769,-1567630.2458941531,-953469.91893051146,-439289.00563087739,-92591.738448805598,70353.159065950778,95589.445849584634,60711.053403327234,24913.757384545894,6947.5181919002343,1328.2750355840808,174.55804163079617,16.961296088867122
0,64.205166109670628,688.27226416241899,5149.66741949074,27233.870118391878,103491.76601191511,289790.39542179968,617114.09546501224,1033658.8477569912,1403714.1773887381,1577770.9779203609,1468918.2348481037,1076801.1459248723,460614.34718476672,-301596.81342726655,-1139978.5228605953,-2002733.6661169461,-2854839.9602598785,-3671861.8680533418,-4433399.1327934945,-5118758.455474617,-5705717.2776656579,-6171952.6241923338,-6496587.8249417469,-6660615.0721787903,-6647097.406388904,-6441291.2441128939,-6030683.5566742439,-5405023.1402094383,-4556468.1434148448,-3480163.2653118256,-2175760.2156506632,-650674.1292002527,1074102.379115571,2955582.5267768498,4920419.109568364,6863917.5473820698,8664739.3080370799,10207271.088170847,11403672.544609573,12210070.590238927,12632940.265970372,12723691.467086706,12564309.149486247,12251424.624001129,11888290.537230361,11593877.524731617,11535122.239207728,11985600.811113287,13415377.045186859,16624492.826605853,22950110.750778824,34609052.920313321,55288152.079591863,66196308.650421798,65057534.249469042,52343452.263318866,30572226.777778983,19239037.447901774,13208799.292325983,10271478.922973517,9103202.6567742154,8918076.043363845,9252761.8646053188,9828071.4629967939,10459082.862899153,11001067.131232983,11325348.724234639,11319665.346812803,10903939.062882405,10049438.407455925,8790337.1845334228,7220715.2769314367,5476009.7732211621,3703831.0205663582,2032526.6054235345,546978.82458655012,-718144.5056954138,-1761539.1350548894,-2597167.7316774777,-3243192.121254975,-3717117.3682152811,-4034473.4307215395,-4209036.3401757013,-4253442.2248558914,-4178905.5727841337,-3993720.1221423247,-3702244.9275692324,-3306113.3351805722,-2809078.397448868,-2226014.3066681954,-1594040.8802343286,-978377.26206514868,-461062.92303885426,-109410.13727231442,59373.381582781716,89776.822402813908,58312.820863179208,24170.293663170327,6779.5444476979028,1301.2129069618902,171.48640618687165,16.701654646675042
0,64.220595641392507,686.28103500876944,5119.0042694567019,26989.923435533074,102252.76376539338,285413.54950837279,605686.69851817412,1010412.9374729942,1365090.7084467788,1523158.2390581151,1400910.5673198127,1000164.3927607784,380853.00053474953,-379406.25505209254,-1211829.2066281126,-2065836.9812780719,-2907477.9819534114,-3713155.1736135022,-4463120.385996026,-5137237.3478132011,-5713814.95404616,-6171026.7361217123,-6488386.4402226526,-6647066.0584902121,-6629953.9564371537,-6421547.2130707772,-6007649.2310313256,-5374887.7310953438,-4510160.5857622977,-3400342.6533908225,-2033029.7208615171,-399836.56258963089,1495284.2473235645,3620148.4599931547,5892422.1418430777,8167369.8799506323,10267184.26369351,12020959.15014565,13301287.798262298,14050712.862578554,14291866.418421213,14115359.301703801,13649640.33266441,13025723.571191488,12352520.090409903,11718324.749627892,11225252.174937358,11054012.731701996,11553727.061152123,13353772.92444497,17506639.682862092,25698461.78150145,40621690.902611449,48522243.647316091,47561279.679233216,38167751.226320855,22355274.480106007,14309029.025109377,10329882.707058681,8730073.4798387513,8461531.3162072971,8902017.7548487224,9701646.5083177537,10662792.097306678,11648666.395101065,12524322.162612297,13134495.429684225,13317823.023179382,12945028.045035128,11960376.208099004,10407626.6633435,8428580.694129128,6232806.3777081911,4047991.0231759851,2065235.0453766165,393509.03385183663,-955667.54532629414,-2016906.4758371566,-2834061.584837677,-3445190.6797850681,-3879496.5957708522,-4158748.9077293128,-4299676.7975159166,-4316004.753990422,-4219119.2007474862,-4017125.2556097335,-3714059.5877216551,-3311123.0877186912,-2811465.0873741237,-2229085.9773526178,-1599876.3103831974,-987442.41753702331,-472096.42393361591,-120061.62141731146,51224.275022583213,84909.69508027214,56098.520262119913,23424.058611387009,6597.9273264931817,1269.8854135157646,167.69522898886689,16.359805907381183
0,63.653922445569968,678.6694590930224,5050.8097714392088,26570.902897638935,100437.68896286983,279683.42326238472,591982.68373319996,984540.34854684805,1324957.9037236373,1470151.6970479146,1339520.5176739655,936462.60342891596,320913.21567533142,-430548.21573781472,-1250604.9547367203,-2090126.6788648707,-2916387.4025218734,-3706783.9623479275,-4442424.8885788321,-5104002.8146680342,-5670690.372478052,-6121539.5308066532,-6436877.6974118045,-6598536.7018435942,-6589763.588284797,-6394875.738393289,-5998543.6340951715,-5384624.9913159423,-4534483.294839453,-3424970.1996881794,-2026798.2306508117,-305476.43405000097,1770096.0420948779,4201846.4553834405,6910113.1124961795,9677854.732595019,12228325.176806789,14296832.689180955,15689200.576184677,16325107.086012779,16257579.239459088,15649354.072109999,14713424.532517279,13642009.877010884,12549545.509376898,11459913.05005032,10346682.095876666,9211710.9032296482,8181699.0667871982,7593686.5851836363,8039645.9144277386,10347908.037528679,15546621.035378365,18268391.806577787,17534234.311479021,13706253.096298259,7941903.231583504,5511546.9911676049,5067275.7329837065,5758155.272590722,6979804.4452844374,8394457.6761810221,9867741.9234426711,11367035.372317521,12859840.598706098,14242112.645581918,15316959.675769445,15834464.901697377,15572989.694689339,14422357.852664718,12436847.478046395,9837286.4607976526,6959855.9530527508,4171034.9611661932,1773881.208957599,-81710.363002445301,-1460503.7154010318,-2473279.0908689327,-3211979.2067380659,-3739826.6126447567,-4097519.5306308079,-4311177.6927472679,-4398423.8147553578,-4372333.1894580564,-4243126.105756524,-4017754.3051722231,-3699270.6894626748,-3288031.6457241289,-2786330.5425701607,-2207090.7872493742,-1584660.5534169483,-980489.27841542521,-472382.67632191069,-124609.7323529978,45834.961754240205,80939.006265614458,54043.936083952904,22666.425452070423,6400.4757144420128,1233.9010990338606,163.13568350624405,15.931150157457612
0,62.530441108868587,665.7149773104245,4947.2074069759074,25988.295896075393,98091.214875521124,272728.19850087573,576282.63082316599,956527.36266773066,1284008.3720948815,1419591.2185795412,1285644.8711349515,886567.60769503249,281596.20063518948,-454296.02878144989,-1255619.0855683822,-2074897.460047716,-2880771.2950173481,-3651783.4586550198,-4370107.2227984332,-5017544.8744237935,-5574486.5164615558,-6021279.6265538577,-6339561.4978446411,-6512424.2297044136,-6524229.1251266319,-6360063.7453188421,-6004651.3450816749,-5440442.8076220257,-4644523.9826205233,-3583937.7868660488,-2209321.6833948768,-448256.44132631173,1795012.4937959041,4611700.7899038894,7978718.6707702205,11519800.335785847,14782427.621135106,17345529.239950333,18902598.906951863,19332262.925704591,18745396.606716413,17441565.086515278,15794856.130410068,14119784.263557062,12551312.095885707,11008555.222246263,9255866.7700091917,7018447.4726179251,4118403.4990005717,566893.87779367703,-3468379.3142319638,-7964082.1105652712,-13737246.124921408,-16717982.853994783,-17207386.830261342,-14899744.946691686,-9263514.5414287932,-5268875.2255380964,-1432951.5317725057,2119454.3136835741,5175380.7564375922,7721094.0380786816,9927702.6862122025,12025758.138006093,14158454.553108966,16273502.425140496,18090979.146905735,19188099.401366755,19163511.002512544,17796137.783272415,15147401.109721377,11570339.262984583,7618792.1748213097,3900550.0960807945,928723.51220417256,-1040175.8475490211,-2319892.383192569,-3168705.487348312,-3741857.8658359866,-4124792.6288463287,-4363299.4682346191,-4482230.1903899414,-4496007.6441443311,-4414254.8810922485,-4244159.0339453947,-3990283.7640785417,-3653911.1350251487,-3234071.4346429966,-2731920.1549959416,-2159077.568658133,-1548026.7600885062,-957518.97136584588,-462102.515945994,-123274.442510598,43029.534580035295,77759.67400474126,52101.73975725007,21881.611565284031,6183.3809822177964,1192.6070691867565,157.72908895730293,15.408509649603383
0,60.883962685698826,647.7677275375944,4810.7276126138959,25255.0232528136,95260.676528185839,264675.24630446569,558845.80506014847,926785.82124152675,1242766.9985891292,1372023.7387168342,1239751.1198357353,850798.38742210786,263055.93887945951,-450623.38160968822,-1226895.8792490023,-2020118.3114029013,-2800422.6909310967,-3547640.4727081419,-4245211.9167956607,-4876326.7660913095,-5422944.6525698593,-5867137.9710790673,-6192378.2297377316,-6383697.7655638112,-6427488.1585599277,-6310904.0357795972,-6020584.2250012858,-5540255.9110040041,-4846415.936011916,-3900766.4876591144,-2637188.2487524892,-940233.34849283949,1385972.295207547,4639172.8670758447,9089562.8717040848,13894544.043512002,18313066.79594709,21677280.106278349,23492530.58754025,23552071.951799087,22075276.666201063,19622499.767069831,16874090.641566213,14394331.371160652,12379200.577038387,10580759.175977796,8430658.8750829343,5231666.5523743946,402685.04593926755,-6337541.1543019637,-14941962.832280468,-25505902.313149787,-39763610.162500411,-47040474.104916796,-47274762.409163557,-40259159.027169093,-25760318.390832748,-16150131.173120858,-7895590.5599951036,-1219241.0099450236,3746219.384007703,7309121.7566117877,10068287.175507376,12668559.311211975,15541438.407724164,18718791.008537527,21749922.354879603,23868689.0076623,24325763.81851643,22679433.927974004,18986099.133011073,13824844.331622271,8125600.3726595193,2904161.5935739228,-936917.01727072836,-2709655.1303203781,-3614206.1152181542,-4116807.1839782405,-4411412.7063890528,-4579974.5782984644,-4656311.6533547733,-4653715.6938093407,-4577332.9718282539,-4429747.2089402508,-4212958.3856407469,-3927837.1766463104,-3573102.1522351261,-3146003.465186513,-2646297.3857773184,-2084097.5032280071,-1489713.6987207714,-918683.00687303627,-441588.23516004533,-116398.48623523118,42551.184301969333,75224.173462108432,50207.392896548161,21048.602498833257,5941.6736394452209,1145.1661782806689,151.37608750844993,14.782948054500446
0,58.756865522442141,625.25131440349378,4644.3149543483087,24385.482956488027,91996.253187547205,255651.67159916789,539911.34260415612,895654.82523728441,1201591.4471814483,1327698.6031210949,1201862.4266068267,828890.06945117563,264751.82760352292,-420270.37519859668,-1165250.4357614922,-1926526.9350428621,-2675830.3396289949,-3394410.5846664375,-4067162.8847427093,-4678923.1824367326,-5213550.553252805,-5655240.9172441531,-5989798.3275779625,-6204853.9092855994,-6289778.6963081909,-6235241.2458358686,-6032125.0629895339,-5669273.9594130572,-5129025.8460611161,-4378420.3537986595,-3351551.2517997613,-1912563.4393172537,227935.70486090027,3725613.5407582182,10242042.724491529,17140169.520165853,23442058.417145245,28120175.220689375,30363660.328341991,29750406.312455546,26706338.973793048,22290978.385306548,17750117.812233374,14162516.075541083,11869532.258296911,10331012.763079466,8434946.3168600406,4792888.9539658073,-1784193.0668363394,-11902979.416310556,-25166844.946320038,-40306836.858864538,-55485042.59816847,-64083056.305647314,-64067936.474361949,-55561195.113475457,-41010128.031974912,-26266514.46312597,-13225224.804784754,-3137779.3203329872,3565166.2708642571,7648189.1795732509,10391431.966224201,13132040.006781848,16789416.493631002,21562487.970051825,26657629.973749332,30622239.357029207,32047178.131579444,30064448.80390431,24694114.316023652,16915593.375572588,8320594.5007944023,568033.38221627998,-4915624.0087635517,-5302028.5774327489,-5340548.722790435,-5267589.9415739551,-5167670.6135255164,-5060286.9311295692,-4940826.4701157659,-4798178.3113932423,-4621668.622161624,-4403384.1515127365,-4138257.6482380317,-3822403.1901378706,-3451381.3208860136,-3020342.0756999254,-2527482.1163092079,-1981267.5363167261,-1409576.2527579898,-864259.84473531949,-411284.73474674235,-104408.44064537979,44091.626461124091,73159.713464160232,48286.791724062088,20143.685750963403,5669.8334384613163,1090.6616377322814,143.96926813340116,14.044917848987112
0,56.200089601754961,598.66379223336651,4451.3431354306158,23395.668550291139,88351.556048908198,245786.28730730884,519702.97988808807,863409.33686056267,1160685.073695949,1286584.316541225,1171576.0944114353,820010.64426860015,285455.06317861023,-364752.08988798567,-1072321.5362217813,-1795688.4222690049,-2508268.5639536418,-3192842.3375863913,-3835927.4961081371,-4424235.600395753,-4943807.8104547216,-5381295.1704934631,-5725227.4582386948,-5966353.911004331,-6097785.4834726108,-6114954.3624592936,-6015177.0790226962,-5796447.0373742003,-5454619.1376640331,-4977276.6833093856,-4330522.7633863213,-3430582.0604904802,-2083065.5485668834,141589.88171322958,4122306.4882885609,10105175.35362225,16123940.321635136,20755279.640784997,22775296.495501325,21600568.66807384,17731844.929618854,12532229.107706811,7703065.1968759885,4627676.0221421458,3847087.0049515381,4709222.839015414,5631143.8130290378,4522468.1377805136,-447098.70816104859,-10140565.849733941,-23926290.65127812,-39644420.640954532,-53846139.099616788,-61967395.008764826,-61559483.099750586,-52793580.271057867,-38412326.757169798,-22946037.081599776,-9758545.563498063,-831490.30347311846,3392232.1381586669,4197866.7703508781,3713911.2922557103,4115687.2561622527,6768962.9370658873,11882097.587905074,18216463.328272626,23691432.382531758,26191997.482161865,24485060.470104024,18644723.352473345,10022869.590016339,960306.71850687871,-6250668.5510716122,-9922824.0691705532,-8360422.3696711287,-7248035.4603363937,-6463415.2922021812,-5905689.0520857535,-5493922.0325759081,-5166895.8540572887,-4880498.3566213381,-4604173.8743743002,-4317610.6977475379,-4007769.4299395438,-3665573.9713362921,-3283223.4934091629,-2853708.167557091,-2373665.13432359,-1849882.7920065476,-1307622.0862630149,-794643.15396341484,-371713.49368677224,-87774.114153388451,47323.223604377934,71387.488469788106,46265.003262190476,19143.391163632943,5362.506468636795,1028.2213586044172,135.40832976660064,13.18565474521311
0,53.272930271149455,568.57768991127239,4235.6315360695207,22303.340713377405,84384.595240472408,235213.21195124203,498438.66403773084,830279.50519075745,1120126.7040997946,1248403.6937459449,1148093.6083718776,822772.63572718098,323234.13037336076,-286406.9017303118,-950651.27344744687,-1630107.919245074,-2299940.8232099004,-2944556.9503163919,-3552244.0461372617,-4111785.3612352745,-4611630.4810036691,-5041115.7557511656,-5391726.8591982583,-5657579.5583883235,-5835872.5263182689,-5927406.4245207198,-5937146.9352281,-5874762.1166389147,-5754951.3609340237,-5597130.9389679125,-5423501.7257246869,-5253494.5117421895,-5091254.1537799193,-4903262.3365943125,-4593299.0485658571,-1059152.5625240598,3470052.8795573153,7206938.7035219073,8558501.8515134715,6786023.8662842764,2388421.8730460755,-3134650.4534084201,-7700895.5298682442,-9552078.4130388945,-7934132.0159767745,-3468349.9054041062,1973456.6504433467,5720919.8012752328,5377199.1377833392,-282208.15686664078,-10704507.126797237,-23531322.977814365,-35084571.649672844,-41549346.282080971,-40696313.820019715,-32721014.903435376,-20287432.124147169,-7491239.0792396441,2036413.3472400326,6227696.3310850579,4925779.0158657944,-900.65608253891116,-5659861.5076234806,-9119772.3161490019,-8651683.8751275502,-4162463.9104612549,2716107.4392765923,9351389.9615107737,13070279.246821299,12339043.664796725,7201761.8803992542,-745424.11007206037,-8710173.1670710929,-13955114.616980756,-14627038.708090287,-11181011.668074585,-8946063.2763192542,-7476150.0057333028,-6486221.7369311033,-5792754.9803544041,-5277111.7235869039,-4862447.8889168762,-4499033.1311314218,-4154908.1332968413,-3809692.3743682462,-3449576.0561388945,-3063738.5316671105,-2643276.1122639338,-2183478.478607811,-1689557.2034045509,-1184065.5832095861,-710341.22470976308,-323443.61787716969,-66971.906040158778,51929.661997712261,69741.754390188784,44075.145926345882,18027.536408613512,5015.2587402973822,957.15020360770347,125.61638011732124,12.19869312600359
0,50.042389565896407,535.63701832273296,4001.4521491880405,21128.217282035203,80159.082579120572,224077.14062051976,476345.2129146175,796480.9579413709,1079919.8218189725,1212698.7519401328,1130291.05242927,835295.58205428778,375492.96528150962,-188390.81893786142,-803720.50016964937,-1433305.5844332862,-2054097.2156696352,-2652212.2545770085,-3217845.8918592106,-3742028.2480362244,-4215793.150138272,-4631291.3843988944,-4982997.4350834684,-5268303.3668874353,-5488261.6410568869,-5648684.4135038508,-5761752.7022852376,-5848446.5810734928,-5942317.8345780205,-6095654.7737754602,-6389999.1712007262,-6954870.689536389,-8002271.4092614045,-9891829.5594779681,-13253053.016188581,-12445367.257600779,-9572209.3771003708,-6751930.6541314041,-5912974.510125122,-8075440.6297899261,-12850729.694628326,-18581789.53562966,-22867552.84052844,-23543303.589262176,-19542753.913332984,-11408921.001761829,-1199111.9351068451,8139250.8205053266,13820529.486440262,14153659.090514148,9317871.5498577207,1357671.3146685646,-6377975.340728228,-10566689.570820134,-9315456.3715219572,-2895819.2135682902,6231440.6248878064,14364656.743607974,18138309.638939958,15835398.28120178,7793345.226641966,-3546577.9953080071,-14729155.887720583,-22374328.207822666,-24473066.987743273,-20976160.810582727,-13832013.433658965,-6161298.4209064543,-1083671.810785935,-487787.25120691571,-4418961.8123628199,-11072478.865020707,-17386984.629595261,-20289302.194361478,-17894707.283058342,-13081568.818510218,-10037523.804400405,-8073367.7661624802,-6770299.5647715107,-5871453.0531381639,-5217690.985814224,-4709397.4709570799,-4283643.417523223,-3900490.6960722394,-3534472.4002750027,-3168441.4532853579,-2789440.7349092062,-2387276.2974554608,-1956305.5602946589,-1500401.0905450338,-1039411.4148660338,-611998.8618134174,-267078.79442918691,-42458.244927852385,57630.857728348295,68086.165509447877,41666.26688106612,16782.001321438704,4625.2773844330923,877.05518069323705,114.55558609930335,11.081341046340215
0,46.581701838472263,500.54784724335718,3753.5065297411688,19892.101601253584,75745.883903172609,212540.19462171532,453679.04105555359,762259.96143794979,1040067.4410154592,1178928.285042136,1116819.7905406854,855283.76508688566,439006.36409702728,-74697.720020781824,-636020.95707526093,-1209935.0484247026,-1775187.0454340235,-2319686.2878461014,-2835685.3099669716,-3316647.496678737,-3756356.0098270308,-4149836.8946377281,-4494421.929960534,-4790356.8453652682,-5041730.3234261042,-5257989.2646380225,-5456330.8077504179,-5665497.9298512759,-5931987.9749008939,-6330651.5626181569,-6983524.2615753468,-8094265.1288421303,-10012316.822750401,-13353910.270905966,-19234349.127868138,-20300686.367368102,-18348409.413898908,-15727349.196438702,-14728598.044329852,-16686291.478161758,-21457163.04089557,-27358985.372678269,-31762344.469750363,-32159590.212824445,-27072963.218213603,-16784974.742365234,-3240769.5432633162,10553273.470552638,21498015.23889824,27509017.882799633,28268071.967010729,25260565.657819316,21281941.624317273,19190432.426225081,20655955.702231988,25361506.745913472,31006699.261500865,34349693.901988909,32507094.440386437,24270764.519871939,10555507.085715154,-5798255.8950465452,-20967634.613488346,-31402678.935007263,-35056972.018520042,-32038207.914628468,-24612208.595114425,-16182025.507575069,-10134060.985748883,-8585907.3493023422,-11566279.106829757,-17094822.700050913,-22020696.007665779,-23197451.477830771,-18793052.525969893,-13539770.110819373,-10225520.588741967,-8083406.5023713121,-6656481.5304721035,-5668610.2959097289,-4950639.1135727316,-4397479.3188380506,-3942966.1570591447,-3545016.6354692481,-3176544.1222018674,-2819137.1153192949,-2458995.0066211727,-2085479.4195655584,-1692592.3168861542,-1283208.84946598,-874557.42603024631,-500442.42975794198,-203265.8909992585,-14659.963600949081,64197.13938478192,66324.647664688426,39009.035809486333,15400.841998436621,4191.9256026152625,787.94744962316122,102.24022660825081,9.8359363695617237
0,42.967415016594529,464.05672677954072,3496.8372777855193,18618.804245297801,71224.244210595003,200789.77654286401,430752.63800871075,727954.46453794092,1000677.9645020949,1146612.8726048947,1106267.0877870598,880169.87865949445,510014.22825278441,49870.434043277244,-453092.69592084043,-965870.18284914969,-1468975.5650846639,-1952205.5213139283,-2410071.9319059378,-2838728.4543795437,-3234933.9890778004,-3596667.9875905728,-3923909.4672620827,-4219116.5501529686,-4488160.9638536125,-4742002.3178651994,-4999377.4680006243,-5291032.3155571073,-5666487.8575637592,-6205371.4035381917,-7037209.5874562347,-8377058.2234958764,-10590393.641589856,-14310741.892342828,-20647706.298331492,-21842952.030792788,-19475089.884700563,-16004647.786950521,-14003584.437405633,-15178114.585398788,-19640025.238588981,-25797505.743061531,-30968918.941332132,-32395795.185837336,-28220814.103454996,-18291149.239000827,-4201094.0487102522,11158952.91655826,24647463.828380957,33975142.251415938,38397830.510651544,38887762.250727579,37629950.514679871,36989985.391297743,38377883.024618655,41512491.979480326,44426004.432265647,44392183.404076874,39070890.198163375,27682558.458756097,11488802.557096824,-6570098.6998633211,-22655245.197246857,-33351602.080582064,-36816253.102945529,-33404401.487050038,-25536582.034459468,-16701749.068174683,-10286257.109408611,-8362841.2375232959,-10969147.773277905,-16067280.533719849,-20572663.840518061,-21457845.655915666,-16948769.784162462,-12367868.856875632,-9408006.815243803,-7447877.2979256297,-6110090.6040319689,-5163129.0908922944,-4463049.5955985077,-3918993.3858306697,-3472749.8931351476,-3086581.5783501393,-2735593.8822910842,-2402399.5542367059,-2073776.6066014841,-1739587.3265179289,-1394119.4962291231,-1039649.1065239568,-690920.61335432646,-376755.12680199946,-132732.36807601363,16013.124144685864,71449.002303244226,64404.613652714579,36098.253978235865,13887.405060502948,3717.0679122222318,690.3065524101479,88.74535266270081,8.4707164505239323
0,39.274060269824659,426.90760449292537,3236.6123641616527,17333.580801446176,66681.954310743589,189045.90366773418,407965.82002549921,694074.12378542405,962112.48632252449,1115543.8323736179,1097390.8757472648,907320.53994443547,584348.94555893226,179724.0483327322,-261601.5622763352,-708348.57977850712,-1142701.6758597824,-1556471.176218691,-1946739.7967997089,-2312771.6698162975,-2654707.2361366088,-2973704.0215171981,-3272246.8379767542,-3554314.8000027975,-3826139.2207000065,-4097779.9165267707,-4385664.7936821608,-4716329.2987683034,-5131873.3657133197,-5698282.0928576915,-6518938.4115234083,-7757712.0369158471,-9679607.6938318443,-12723504.614190986,-17635556.376937892,-17267346.914279845,-13086672.820284257,-7696219.8237228179,-3880235.2158702249,-3680826.8149852389,-7514188.1790461475,-14002712.27224512,-20537045.146780204,-24190867.160406269,-22846114.897552252,-15913595.588615725,-4539302.025025906,8791469.6023432426,21214843.627752163,30461465.522638511,35565012.424618773,37148216.892614298,36885767.250508673,36722990.661007456,37769202.000681818,39808994.779892243,41383108.657470711,40291999.206419036,34661615.768719703,23954975.107177306,9444079.798962811,-6178545.8528871546,-19521531.92620955,-27652328.141924933,-29070891.50651855,-24405802.009402871,-16022475.999856895,-7245109.7487685941,-1255512.0377756525,122606.21291062262,-3023366.5727823963,-8659522.9661448039,-13887430.041770509,-15827969.505800975,-12848620.996481,-9818800.36699594,-7722555.8079902278,-6243151.3652646998,-5174339.1895816009,-4380252.1738016987,-3770518.3098022933,-3284419.2905255565,-2880789.056580327,-2531538.1889314381,-2217132.6855108216,-1923145.7904472102,-1638188.8437680104,-1353482.096154667,-1064207.7068282729,-772431.42102045217,-490569.24094717239,-242374.80476409019,-56350.833406191945,49131.678448186525,79240.390963504367,62311.229308525362,32951.574682156956,12254.228780427917,3205.1104103154407,585.09669024709331,74.209746479054999,7.0001743211452494
0,35.564943045896761,389.76229911452037,2977.678017068245,16061.587474618424,62212.845927431721,177564.57728050801,385837.42772012245,661398.49981555354,925183.98516575294,1086084.4498228147,1089475.2576906336,934363.99776013184,657651.47425698186,308546.41203947423,-69427.732011513435,-446146.42617866053,-805251.54167383979,-1140738.9412720972,-1452768.5750766725,-1744436.4971280161,-2020021.5259895974,-2284414.6747344108,-2542708.830331028,-2799850.4856358464,-3061076.9423883436,-3333287.3706402504,-3627243.8827727018,-3960376.9374293298,-4359875.5590857435,-4865770.5526407482,-5533687.9055489395,-6436728.5043080989,-7664948.2870498011,-9318437.6215081029,-11484862.762825381,-8548213.7799962796,-1948163.4494691945,5716839.755652478,11555137.231954185,13386542.435574319,10479543.08282355,3858369.5180973038,-4096358.1807876886,-10531077.917697813,-13186615.429592574,-11081389.097117187,-4849447.2636442464,3575632.1545641595,11796325.590795342,17861041.771013107,20805900.328686841,21078426.019828286,20004421.941197634,19180325.291269321,19640940.517969269,21330792.765373658,23145517.770649888,23342801.559360966,20419670.73259946,13867665.941265468,4651313.9227031656,-5168650.463670305,-12905322.021589229,-16345895.561335802,-14518956.432761101,-8237929.5589345209,340552.18451397307,8314684.3421447491,13014420.879570272,13095351.568597728,8872777.7081721686,2234646.4005484544,-4200301.6769577274,-7894264.3937215535,-7527939.4533536881,-6481590.8197381534,-5500354.2518995535,-4656754.6321746148,-3957466.0974774128,-3384438.1857252959,-2913185.2909398302,-2520242.0834827404,-2185737.6932424502,-1893879.1446799601,-1632191.8193002709,-1390362.3382781742,-1159660.4782359614,-933297.09322721895,-707828.27479274583,-485437.34710354841,-276353.77729373693,-99208.167702152088,24773.575709411329,84189.366596799358,87426.888565482848,60053.080434769414,29604.446441080676,10521.699814802543,2662.7417340287088,473.73155044851336,58.832639337500268,5.444841019883139
0,31.877001468422762,353.06206754581956,2723.7115183956585,14824.484542971077,57908.548295816276,166629.94073275715,365026.90936321858,631087.92032976402,891422.11862820142,1059605.649311227,1082869.3410431249,959694.29680747958,725696.40456499159,429351.93357404059,114139.86710546649,-189923.49329559604,-467491.11619738885,-714972.82980608963,-936428.29757239483,-1140018.1214811555,-1335521.4206640664,-1532698.0853130487,-1739799.6261255222,-1962460.7797640716,-2203752.2156806039,-2465464.7487605624,-2750245.3808844793,-3063800.1779592643,-3415940.0367552503,-3818648.0474742269,-4278237.5849477062,-4776282.7304390268,-5228809.1542390902,-5402045.5659574792,-4737928.7309917072,647415.06805817585,9230288.4817579407,18647737.51931509,26085195.107744213,29342285.508284468,27527238.816649642,21318085.365794346,12630572.691983934,3962016.0862158514,-2469109.614603722,-5480003.4640447022,-5225844.0444663744,-2999227.7397498428,-595178.84002585115,526971.61385030067,-300196.36223321385,-2705742.7278479245,-5649933.3767929478,-7751932.129829119,-7989912.3297029939,-6259096.6335652918,-3323642.1926543694,-507654.97420443682,995764.88751111797,572763.86846560461,-1368432.6079543445,-3641234.3900380484,-4554899.6246334836,-2742713.4319691001,2233199.2379407901,9526617.8496160172,17377240.770697705,23596302.809460845,26327743.209293269,24783306.577865057,19471401.038979471,12089194.650129398,4837661.8443591064,-319753.9410812789,-2393683.7857894558,-3119400.7478319081,-3164791.7881089705,-2929259.2685445836,-2600299.9490422811,-2261357.9510872271,-1945735.5143157037,-1663362.8832648585,-1413979.1705559867,-1193472.3389648665,-996348.41575458855,-816582.58691675565,-648402.61817615083,-487339.09900336416,-331629.59469971218,-183804.58133069242,-52016.905870282899,50257.649789160147,109208.14571012968,120533.69697126116,95823.597953154342,57641.322654794349,26101.995986716531,8715.6514138555885,2098.4092401777398,357.99208408333232,42.864556715666644,3.8305136194655471
0,28.19731804798359,316.80018707745393,2475.721886214385,13633.757128241459,53838.994238724721,156520.89516480602,346321.53027082508,604784.68690541643,863409.0467775797,1039111.8032317669,1079812.7547213875,983271.74808865844,784910.55371768714,534564.59597366001,278049.64194387791,47167.769789183432,-142856.79851594078,-291124.78207720321,-406923.08677543025,-505547.07206145214,-604635.72830643004,-720895.91706459201,-866979.38330907724,-1049271.3405043469,-1267554.6984953093,-1516600.7718151964,-1789031.734400366,-2078134.6688995254,-2378596.5900477464,-2682236.3971457169,-2964171.1825159648,-3151601.8046792699,-3060760.2189913383,-2275476.9383849739,76954.529887941622,6557548.5264216652,15675954.035978908,25444300.088995632,33419203.672232855,37584818.76494433,36965291.934501283,31869776.722271699,23678606.638655033,14355399.193037884,5799894.7283210894,-824075.32138654927,-5342061.6444236478,-8452690.0479958523,-11294909.591613036,-14846683.663662972,-19416406.943685524,-24604101.970998485,-29503924.778838813,-32890260.20472157,-33820695.748286225,-32006283.074401896,-27854511.98472672,-22379038.967561133,-16559863.239040589,-11128150.946925636,-6310634.6388257118,-1738422.7144437747,3240421.5451667383,9098235.8221517932,15837920.405041218,22737237.462767947,28621126.335102316,32182529.885740783,32529410.605464894,29498490.541670013,23745997.590240169,16654615.992975136,9833348.80955985,4560309.0636588167,1361740.0588284358,-387010.51372011023,-1086133.2050816652,-1277060.5726984281,-1234458.1736077226,-1094961.3949692347,-924637.62765560951,-753899.07698754093,-595485.44889757084,-453651.79241308314,-328304.13869265263,-217064.09140193745,-116948.09542776384,-25863.564190433372,56139.137077800049,126055.41907680497,177736.69908434825,202865.73196468639,195106.59881023722,157298.15227275167,104160.74157519355,55066.150526977261,22489.261246278336,6864.2947650384485,1521.6107456964212,239.90911178375205,26.593532256205911,2.187026531893379
0,24.429790142989123,280.17584753518139,2229.5786480983647,12478.61028897396,50012.300852002823,147424.918766341,330537.17488159612,584645.51287716127,845170.20562595758,1030135.2073805206,1085722.0628053802,1007920.2439291299,833215.22247460601,616093.26669871609,408790.20330628025,248301.57430973114,151457.07427551653,116171.12799773696,125800.44928618184,154470.3653977169,172692.09799981955,153218.71681296523,76718.811713544565,-64349.818343114406,-265018.00428039365,-510355.35489878501,-780372.53594220954,-1055417.8658305528,-1319401.00360625,-1557366.2255450517,-1742635.1947750379,-1805960.73233193,-1572908.7609757192,-642247.4832198933,1851311.6503504694,7477509.38017001,14994394.698582048,23049822.890992187,29933075.149837885,34101729.495226443,34637650.378574617,31484553.900961634,25410833.986066893,17677711.903017592,9615581.4435450565,2124753.274221872,-4499294.083584249,-10493982.474310042,-16375022.887523804,-22575163.140460003,-29177719.020490274,-35796969.075483903,-41587832.908708386,-45625669.234274678,-47111742.293163002,-45622578.654146157,-41210051.395254113,-34436504.636564031,-26148514.341126882,-17123272.28823464,-8000666.3292384343,804834.65457867261,9013499.7395785004,16353049.490865331,22540565.515504435,27155609.540492889,29747185.057057109,29997580.785940841,27966595.984551199,24094915.718688913,19163337.1491054,14023747.560786756,9452412.447171988,5877811.7395194899,3248070.721825433,1406424.1991465176,540808.52748981083,172626.04932300234,52880.770751311895,51966.302317361864,102796.54284525744,171128.97549501644,239916.71706488999,301059.61070544663,351521.95078093116,391091.66091346944,420383.50084247306,439236.79103447392,445786.59016321541,436515.73675987811,407235.69918402453,354749.41450506158,280156.25534986035,193352.44364288938,112046.8753893004,52275.399792851305,18801.619622593258,4995.0191372192221,942.11595081389748,121.62822622054179,10.328588642347952,0.54672289944659658
0,20.355496245337221,241.13225160794448,1972.3263750012779,11305.809582434342,46299.545917504787,139250.09552733612,318226.31991154701,573162.01340248343,842532.95426293404,1041978.6698103588,1111206.4031624885,1041468.7584573672,871436.32150302548,665414.66661332722,489095.49673587072,390801.67805972463,392257.48497016844,488164.04522787151,651088.95322978124,838862.24520960031,1003459.5050188462,1101033.5153811278,1101678.9845540763,995945.30985529372,796027.13301310281,531339.69739681482,239742.46191682731,-43047.439189713739,-292499.10748581169,-499112.62694126571,-663322.365181403,-777259.74395649182,-787048.6892433454,-523733.00228111766,421133.96914084366,3272289.2633890524,7239897.4086403912,11777405.404246733,16063432.59117111,19228265.057387225,20647110.770533338,20046013.302159514,17535149.516949855,13538715.97673456,8626236.6213664301,3262595.312077512,-2269953.5873474414,-7938841.2378387731,-13790049.523447569,-19798066.576334048,-25880983.979042888,-31774568.01677813,-36867679.02754771,-40621382.678342827,-42405505.685503915,-41750106.845039152,-38462688.407428056,-32617957.120099008,-24721335.795627318,-15411773.586219413,-5550891.6151749361,3859817.2085774872,11876664.995287478,17758925.273137879,21052631.688442767,21729348.707858637,20143374.273535103,16962551.139354117,13080860.204361171,9370002.9457712919,6543159.7231846657,4813670.8482575119,4088999.8824901497,3855609.1442384594,3478422.4361311425,2356251.7313958141,1740096.0126127035,1407833.6052794259,1234029.2974010713,1146603.510749148,1103758.49375983,1081200.1533950474,1064833.0207428837,1046542.8179110003,1022139.3982797082,989763.32642062393,948079.80875135469,894846.5503541677,826457.65690603224,738906.50036112161,629934.45104742295,501368.60530904797,361578.75801830157,227286.07100216884,118949.42434953747,49160.240214918827,15057.366068467041,3131.639063530949,369.24313146258271,5.2766490322771942,-5.6173255815842209,-1.0571880910557354
0,15.606183261742322,195.91000271357095,1677.6508399174691,9989.9967309337862,42306.021180002026,131253.31015156241,308984.00126643607,572447.54263956239,863199.36251138477,1089371.513139362,1175276.3340268026,1100388.3789637957,905756.46402683924,673672.85704142635,495545.28422663239,442093.53267787822,546101.10412153963,799040.40594135085,1157094.4191039156,1552264.8166338138,1906800.8819713863,2150091.1753445147,2235132.4327825424,2149373.4879716923,1916658.1517705035,1589663.3038026521,1234714.3094909252,912700.89824731625,660638.49898171308,478060.18779333547,320606.32004383567,100204.67218351673,-312752.71972054511,-1095125.9449760083,-2502434.2108882219,-3517931.5185368485,-4256143.0244116494,-4421056.5504776435,-3822905.0472515277,-2457083.0385772861,-515479.34206156613,1600977.5998404301,3390100.6175310835,4411784.3668295192,4366822.9644292705,3197527.7396277576,1118213.018514517,-1664980.7343650563,-4825649.6666716337,-8085939.6421341104,-11256800.797400143,-14273009.749805788,-17016632.786200322,-19432522.472694296,-21187299.472337648,-21850681.116856594,-21010171.48834252,-18259037.431284118,-13530856.089604856,-7135381.0374006983,50451.423177606215,6829863.8086548522,11867291.097149089,14136835.808327788,13113972.762436874,9127350.8464201689,3303966.7104270821,-2840185.7518582875,-7752046.4285676219,-10279740.784878476,-9969265.5625865497,-7337983.3092734693,-3409868.4996611923,423940.74143667211,3014964.6870834129,2926364.1321434435,2723387.2499829177,2513128.9680484761,2330949.6869288636,2181453.2804007488,2058125.2001572906,1951937.7061396905,1854635.2593505939,1759705.6450704911,1662673.6227230432,1560466.0314109751,1450008.4579891525,1327106.1219797074,1186514.9046874561,1023804.9381188322,838620.11250541569,637643.09741921304,436203.43638364895,257438.53663701061,124200.3927992894,45551.894907894428,11254.034072836619,1292.5807407744296,-188.69766132211154,-107.14999079372285,-20.942889345438335,-2.5922092232741019
0,9.7108122538605066,139.11467899803378,1302.9905601105604,8300.0873357916971,37178.163453304289,121365.89275086216,299961.37891331012,582291.74895610602,915863.83978933783,1194451.316294264,1310467.1623643409,1216066.464537777,952053.69210431643,631813.18080165866,394162.38042179815,352292.95586742653,561439.80429108802,1010281.5628931859,1629322.1847217097,2308716.8508354868,2922187.8277443685,3355286.7700170563,3532957.0184809277,3437609.110435803,3112427.4865886592,2648786.469048955,2160890.4831755767,1753611.280201318,1490461.1562851542,1367896.181465847,1298088.4516289805,1095620.8115487844,453502.32245039212,-1121382.713679933,-4466344.7476789616,-9203920.8328538146,-14693804.648527471,-19755974.17477024,-23109193.751378555,-23861493.212280598,-21767581.008911796,-17309301.082126163,-11517573.827490905,-5598107.5373243224,-595694.0746806768,2873472.4215264763,4864706.714423215,5842635.3148074225,6473585.1070167292,7232750.6238141581,8333003.8314483874,9543608.8471744582,10342624.657719782,10105946.097623372,8693129.6384094711,6400392.8750925316,3911317.5405191728,2242353.8162892815,2105873.6788622597,3681405.5335903927,6326202.416676309,8867441.9243497904,9771086.139307633,7796862.3953416431,2463326.251531397,-5586374.472541701,-14681571.514124049,-22687785.689828213,-27646459.048149332,-28305483.91416572,-24539285.666084837,-17551023.349951878,-9286623.1075369343,-1893870.2280365098,3091269.2200717516,3719448.7027320247,3772325.0789170894,3608467.6075829472,3383676.1150922179,3158387.6258518114,2950745.7968847756,2761684.9363382142,2586239.27641737,2418342.0281619541,2252734.3980143918,2084919.4896036242,1910036.9672992218,1722002.8628456907,1514063.2706700899,1281472.8210726674,1025751.9050191479,758194.04151350935,500619.69367860095,281980.96762587788,127030.73866543782,41231.425752527663,7369.3686151465035,-509.69147296546834,-724.72241932207771,-213.86849062739574,-35.370940911843569,-4.0279297364933466
0,2.3607704067438253,65.676048385092258,796.67960319074734,5891.8016470219991,29388.088101976882,105100.63008787244,282901.85218490852,595503.43978220178,1006754.7227181129,1388582.3899973528,1571124.0882207833,1445922.1017223818,1043797.4131913293,530817.74029063107,132344.889139996,40646.119349890294,354202.22963082092,1060043.9218147346,2047227.6559219589,3136896.109728124,4122551.6471007466,4817107.334483956,5098942.877782397,4942077.5188528616,4422016.0199003993,3694982.9037834588,2956252.3712915205,2387763.635011869,2106130.8018811541,2122556.560571142,2319036.9745289832,2435469.8396114977,2047175.9219794343,488698.36471757799,-3368989.4043959659,-10434247.660611033,-19394629.51424025,-28327911.103651326,-35019149.128881656,-37795855.409766763,-36000421.529493414,-30110364.920701098,-21557832.994079109,-12232928.503485009,-3776279.3938449696,2855092.432318517,7633158.7686227607,11314054.483935889,14957002.838027326,19298969.262858905,24516022.847147245,29980025.712143291,34478086.773937039,36714601.177215472,35962312.67587731,32316652.822256695,26682895.440832701,20562677.63570407,15403708.917757731,12028916.940943001,10187481.958509892,8837425.5570026226,6381111.9653917924,1400341.7217104393,-6584844.9237817479,-16803958.537082441,-27362045.299315035,-35733756.83145202,-39760204.995276429,-38276946.006963395,-31539986.373998344,-21325514.134441666,-10275712.476947078,-1044216.7231584854,4649611.4040924972,5185174.499322718,5087345.0703726076,4771070.1533965077,4410298.2038115105,4068536.691572994,3761687.4639262417,3487107.5094827339,3236424.4821703797,3000805.5844865083,2772724.7993736705,2545635.9187049228,2312712.3009933145,2066052.2855285476,1797581.493551963,1502406.5117279077,1183910.2871239516,857680.37690534571,551402.65721356764,299046.42445748736,126632.07767666917,35952.131372225122,3366.9004141237465,-2267.9756030304957,-1233.2335818976189,-313.35186688054847,-48.657276893991622,-5.3371193988827219
0,-5.8319115546359388,-22.251319421697524,137.21804119707537,2425.3853397118646,16732.939309213769,74134.859304753874,238637.36309541555,587474.27032806701,1129763.0898036698,1712351.5245184621,2046895.4997827159,1893488.0900353286,1246591.1755732638,362066.70638207934,-375992.65619159368,-629189.56344698835,-218370.97943468724,843702.9485615571,2377283.2830377761,4088039.8510009442,5635767.6749095181,6711968.5779658388,7117032.9724191939,6810545.137319955,5922028.0428840863,4716175.2783698794,3524240.0142052434,2659714.5601005107,2334456.9850101569,2599363.5660370393,3318930.2577773388,4178411.6951393299,4704532.0717652272,4263860.1486057183,1946889.1228321258,-5354176.6814419152,-15810781.318159206,-26925240.726472549,-35778098.77183748,-40077954.914130576,-38806635.62298546,-32469136.43367121,-22901700.05205135,-12504679.788441667,-3322794.2789608892,3580986.8388719847,8335655.5843193019,12079905.566473536,16366657.747745415,22255889.88225472,29969340.627994478,38517848.830551423,45986443.586819939,50481781.933483802,50628478.414523259,46233298.090116262,38415543.530061319,29089799.260249484,20393731.408864252,13740740.192836305,9317362.355206687,6249337.0878546089,2838156.0613533384,-2491296.0655986532,-10403906.947657371,-20269657.146098115,-30223098.806294709,-37622523.778367117,-40168179.844763085,-36828277.066435866,-28245154.395943996,-16594726.809853645,-4955259.8995621875,3780022.6108585307,7917191.9300659802,7389064.2525423383,6666869.718462063,5973676.8498826073,5376043.5425283508,4877256.8326924797,4459314.3482327461,4100348.2358526229,3781004.8658300363,3486140.5478523676,3204416.3567264392,2926677.3562655454,2644075.3835371239,2347097.6657113289,2026662.5472747122,1677986.8531978827,1306331.0887252677,931204.28829761862,585389.82430138998,306894.35169729166,122238.24333619083,29471.473876441622,-794.86942486859004,-3978.5941745401433,-1709.8609105294677,-404.33984472981888,-60.595878409570311,-6.4965330111716124
0,-11.834958674254436,-98.774054183329383,-548.63394696101284,-1924.2782638287972,-2614.2478469895727,15637.594949507775,127836.82728942558,493695.04916473059,1241196.411737846,2209196.2510466529,2885149.9552566586,2745759.4793605097,1685470.6260096019,117880.88037904394,-1277764.1849025763,-1893954.7695578171,-1404627.8645036402,178882.01541025276,2559716.6406143839,5247941.7531380383,7679876.0745462049,9342600.2692827918,9905176.0052598938,9301478.3792210929,7751805.3199743247,5702242.4727686085,3709934.9846930341,2309105.7488804143,1870511.5894598996,2512510.2932310016,4074648.417985613,6163626.8328987993,8251897.045523243,9836371.4989589974,10602301.93107038,4889873.2759031914,-5066443.0109052053,-16363979.836851889,-25722886.559364993,-30521394.686083615,-29637907.047096472,-23761111.452074174,-15015473.486970209,-6042740.6413790435,936785.34461961489,4938325.689517132,6490862.6512029693,7237042.3085430907,9248272.6976466905,14014149.238444783,21816239.73726397,31440565.263801288,40530637.979762398,46596373.271726094,47732754.381029099,43480303.108528182,35021390.851326428,24598919.493603848,14770788.811053732,7428576.1727252612,3199914.3500118256,1294885.344139053,-65246.407545231057,-2730588.2001816402,-7792172.1727809329,-14888475.490506317,-22355740.783131544,-27767868.037974678,-28844241.476447992,-24589481.606613316,-15824239.128678193,-4830108.7142729042,5213770.9684475185,11404600.819553895,12168362.809358697,9915050.0762139298,8264997.210922122,7066328.9290529536,6186027.2694687713,5521869.7148301611,5000208.2395376312,4569830.7570270598,4195919.832074496,3855219.3924638531,3532038.8082111576,3214674.6627400373,2892599.6464713099,2555164.8944447171,2192778.8468375299,1801142.7587675392,1387454.5258497193,974732.83442482539,599973.88455944089,304087.95963402162,113215.18976777811,21587.382213254303,-5151.4628441331297,-5639.076212560858,-2151.1663244414658,-485.82649768478876,-71.021428057182561,-7.4874719336983366
0,-9.0375518802065073,-89.813374438429548,-728.37295458727817,-4964.2965509150154,-25512.989427919092,-83140.592701165631,-121678.48883794043,162635.08676789599,1198189.3132211566,2901003.1058754879,4329423.7976133553,4344703.0526440293,2596575.0673208148,-208188.21061312023,-2831039.7746411213,-4171269.0051838881,-3641003.1276928885,-1255796.9526778248,2484735.2857857728,6755179.4167763973,10620829.836601485,13221319.215562347,14004826.03617296,12856896.031489119,10153151.90926652,6644712.8274738463,3260283.2781672622,905632.05427315331,207979.26759937734,1383847.3274018343,4200806.624389316,8082729.5467913002,12281811.892291082,16250143.262956811,20264930.106599607,17040199.410586189,9057380.2056885622,-728501.85851859674,-9092123.4734395221,-13359709.740532305,-12544553.017606549,-7587873.0434365552,-769522.07598476706,5124778.2936984282,7866136.8729625698,6725409.9372556983,2690210.5910068448,-1978077.0284801528,-4610264.6282680063,-3210873.1418680833,2580553.2709832676,11426854.508314947,20719301.447208613,27518610.145547625,29575452.855229136,26192712.918293491,18479205.654110529,8900694.9694126733,252281.46923066076,-5259920.7791123595,-6660390.4598119287,-4775430.5410503224,-1596175.4346967514,596395.08968980471,264789.61496569478,-2664586.6792955343,-6863044.2244906807,-10101074.130244335,-10229914.167441931,-6233018.0494997902,1197854.5028903426,9895294.7946237866,16837991.185358755,19322547.659869015,15985083.767054891,11991553.560368311,9459650.0907858331,7815028.1141823493,6707718.8499229066,5924949.9520378467,5337183.5041773086,4865213.7317977818,4460408.3359313803,4092876.0090156379,3743811.206735055,3400005.7371005747,3050158.5165776308,2683292.3358836868,2290004.0048783403,1866970.1417691817,1423431.9071240993,985485.49483054678,593371.3053578292,289657.53182473895,99144.600795204373,12172.543521423768,-9721.7860727046627,-7245.8276431415225,-2554.3198405314183,-557.03913707948834,-79.81037261241525,-8.2961803424481868
0,4.9243336383453622,102.2944307176966,825.66692169607973,966.00065007466446,-29093.037814844069,-209448.75581422943,-622271.69582669938,-740876.75458087306,611082.41050653241,3716952.353591261,6789291.3707083939,7328868.5125512397,4425170.5690241,-623641.97126389947,-5497095.9533358635,-8202246.7204171401,-7692976.9373217188,-4024785.9217655077,1953178.4942788731,8828043.8722324912,15066920.683602819,19205762.790433351,20328627.993126139,18219112.341021772,13529731.006306045,7531879.5926065659,1749983.0184099402,-2265501.0967241395,-3481851.7828247016,-1538524.3838035041,3151063.5295369299,9641678.316921914,16582068.866690785,22745168.39392304,27282716.56516194,26202306.222158447,20723659.234567981,13454659.340385722,7273631.3830893105,4497348.016966803,5791576.4334320994,10022278.54539834,14744064.600190111,17119954.297802832,15128901.976359848,8442152.3205358945,-1566779.1598954098,-12154861.356325269,-20164004.006871141,-23207768.328403585,-20699708.161115289,-13894471.733206717,-5528128.3234203942,1265114.4276283504,4035314.8710319856,1903434.1341371369,-4126851.5347842742,-11570861.123636384,-17474624.667888001,-19551766.297883838,-16794774.799457677,-10122332.051612046,-1712438.4046456215,5819192.5651241904,10525484.203898016,11799526.035111714,10553776.014510673,8806997.643335782,8657539.5090322699,11267200.801595682,16275043.965048639,21823863.818707239,25277363.958485223,24289357.795760293,17726982.796640426,12765476.792989448,9804646.9781407416,7985094.8006554367,6816630.9673610674,6019499.0982094035,5433279.6510603735,4965278.8762535024,4561553.5429675626,4190622.3685321971,3833658.244194794,3477965.3162055346,3112890.9258531588,2728216.1275368966,2315578.168296101,1873200.0338185346,1412505.4588166748,962224.96023054002,564825.38909898687,263224.59614198731,79887.602736722925,1200.5591831133863,-14500.00793861933,-8792.3514185575514,-2916.8520949226086,-617.42232407877191,-86.881774683993314,-8.9141543736464879
0,9.0115458850311239,189.21410764082964,1724.9220195809082,5630.4581227666022,-21029.660009543895,-239371.11087002693,-797766.09637221659,-1062020.4914468832,516778.74927728745,4379426.0900034085,8236752.7246627361,8832925.225850122,4954392.6035033679,-1770272.6141388377,-8385355.3241750766,-12318973.576115647,-12265464.099443546,-8283588.9397287695,-1414836.7507283089,6602728.8082366474,13911046.694195941,18711535.631394841,19882513.121412672,17141514.378370553,11258849.319591323,3829550.944373535,-3260482.5613528299,-8139632.084747782,-9552443.0705644041,-7011732.7281769151,-1078361.7467825853,7064475.8372238344,15668925.938275807,23051795.714497991,27660570.715709638,28029341.660728667,24877623.076018184,20398067.581181504,16971681.32921778,16344392.039904281,18740104.713411912,22809689.633277625,26066614.651956588,25840652.401782706,20378998.767646316,9677797.2437912636,-4592798.3732879218,-19461076.250716764,-31561182.699764062,-38316703.207175724,-38951845.83729884,-34531794.547267526,-27655170.837297212,-21416262.097886749,-18277063.477685779,-19211215.688436367,-23338563.326169964,-28305736.436999127,-31246375.942658655,-29976933.175439406,-23582255.651775807,-13022715.41031434,-555845.2073640445,10974993.92771142,19291749.272662122,23366701.193320788,23756878.341820344,22266553.411804665,20989216.260455228,21319222.811931118,23400128.774694327,25917624.96228091,26725264.990420166,23826623.315445315,16252843.465099365,11664323.982345253,9017598.0521267541,7440108.3356058858,6448780.2358055888,5776863.0848621754,5276660.1459468286,4865911.576195607,4498591.1175438156,4149012.0142468903,3802550.5367792058,3449570.8984362623,3081729.2922286503,2690753.7578874184,2270210.4842369291,1820449.771056141,1355213.7615271271,905415.08283796499,514715.18965518143,225067.29671056455,55617.700734027363,-11240.822103502243,-19451.591483117078,-10268.43831194326,-3236.561896814238,-666.63719581286705,-92.198843841064246,-9.3384169589648529
0,6.6957439343323655,155.23409790212963,1440.5067159716923,4406.6199330784284,-21995.321478192778,-223212.44091848953,-709303.92370607611,-819115.41223957005,947225.31699583633,4901189.4536611764,8635960.3315972257,8887053.194994092,4499753.4849079419,-2843837.2294538207,-10113605.840303261,-14659456.413458854,-15159590.105828054,-11689724.583022689,-5291316.5604231106,2313380.9362048237,9259155.23026824,13723947.424929401,14614343.283865247,11675012.966421574,5643258.5123585379,-1893795.45651406,-9064653.780655507,-14024119.330985973,-15519517.606628358,-13088468.879000314,-7316805.7338578356,574153.75372947997,8788477.2532474473,15647393.481073886,19870037.148895327,20802674.805058718,19256316.918126415,17107085.889701568,16218482.97687779,17772185.437627181,21588196.263911098,26198115.318533733,29252429.574076995,28357013.646353435,22030625.304089416,10360332.432680637,-4975837.306778295,-20964368.63902197,-34334946.368556574,-42625793.97380884,-44989828.915818244,-42294539.690476306,-36831797.928532436,-31418821.795893203,-28351194.317194421,-28590226.343453165,-31358935.743166577,-34550109.16226621,-35591099.331251733,-32473685.966002759,-24424442.719454654,-12345242.473870581,1541569.1014016282,14255038.440483071,23438868.433645774,27913580.643403813,28023411.858338945,25432222.687354989,22230114.171888333,20066264.351653382,19575964.64739158,20025677.48514105,19839076.726475175,17298255.075169392,11430492.934207603,8666942.8812135532,7121689.7555575902,6215516.7199439686,5638609.4001665283,5226095.5073203687,4890384.37265696,4584954.2073338432,4285266.0126173748,3978745.8018272934,3658995.1566589079,3321758.2616961016,2962462.4541364326,2575811.9610145413,2158071.4742179303,1712213.2569772969,1254384.9917353841,817215.82632255997,444551.52868542942,176116.99208738343,26817.98231411021,-24951.579489160973,-24514.251364800424,-11660.527949707644,-3511.6144137161464,-704.58031360245877,-95.771456011281273,-9.5717696531390786
0,0.85260956572638236,58.665458535096256,586.86112446616744,1029.2075226205625,-19008.143659212754,-138688.99888566422,-358668.39835794584,-110717.87203988367,1653282.2010063941,4922804.8472848665,7651875.0718420818,7318284.5923823267,3134949.2107009678,-3455239.7297365679,-9942437.3538805172,-14178194.767156707,-15092676.04608514,-12763171.13511326,-8015356.2492393153,-2208994.7329121763,3104759.5463432283,6415735.0649286071,6861762.6126319952,4250106.3999208715,-848131.70032086992,-7161846.5127083417,-13168282.472991588,-17367169.231391631,-18743478.361780722,-17000535.102702774,-12655175.015741002,-6782828.6441881573,-910096.9982412766,3624835.7973365299,6278927.689732803,6488972.6800916065,5478652.6246085288,4806750.5345047954,5772167.0657204455,9013695.5022345781,14101083.427979497,19636721.540529251,23533554.266656242,23819616.605467606,19291812.758070618,10036174.551461136,-2506689.3981500259,-15758954.756769838,-26974639.841671187,-34083883.557488576,-36262893.224913158,-34182212.935630336,-29732816.929646645,-25226949.519789401,-22645684.480296679,-22829789.099974677,-25099495.891650103,-27761471.643130098,-28593215.377119064,-25797018.601648327,-18776815.37166832,-8298497.5226603448,3664218.0900316113,14385146.203035308,21654062.678700164,24278851.156845864,22507730.852874506,17849283.42647703,12409548.771082174,8046559.8608066691,5776860.0041652005,5438711.0570142232,6000844.5463662418,5969995.4278400121,4250998.3041131785,4376855.9733302351,4482890.3795391489,4535329.6023247503,4525483.0644777613,4455782.5020755986,4332284.7398593631,4161403.0966501455,3948893.9638816998,3699804.7829382364,3418293.2816876629,3106764.1443339228,2765223.8420100003,2391965.3192860573,1986446.7601427154,1554582.9414295633,1114919.8804922928,701322.60300937889,356865.93545023073,117888.75344426856,-5756.3620762929731,-39635.949886718256,-29603.645065184737,-12953.177843578638,-3740.8153656565833,-731.41951636785461,-97.659346093053216,-9.6229906051683862
0,16.579043197816855,180.24825672272297,1310.0592195764798,6320.9410604999439,21289.697701010082,64676.666306063344,236766.02398825515,831161.53181361419,2149664.9979527267,3888743.1317595718,4919337.6515365196,4061220.5970229618,1051053.73420031,-3264783.2015044633,-7498180.2617672049,-10436411.025335133,-11445713.04945874,-10525455.000493946,-8149447.3057766035,-5112332.6494721249,-2341082.690557051,-696677.37351092172,-708999.66534056084,-2488593.7549406067,-5692867.1907027615,-9594998.9075633101,-13294813.242735486,-15933282.495999774,-16940206.674719222,-16191557.626886947,-14061037.607312934,-11337634.47050624,-9105090.1007977873,-8343487.0991608929,-7820248.0164196724,-9672331.5938184336,-11204155.391918415,-11461643.558289465,-9753644.3436116222,-5847809.8240020601,-260908.98627211066,5871459.0442677094,10977657.920207258,13624404.139108902,12841814.964314301,8626079.7274826989,1928888.0430624392,-5547586.2196386773,-11849423.68240436,-15468537.98374561,-15811400.211582614,-13352641.503034016,-9490749.4973111413,-5989674.1707204338,-4256369.2725907667,-4892955.3754176972,-7483731.591332864,-10720325.509090206,-12803955.703232938,-12258364.099423714,-8545660.5086040311,-2223065.8588999375,5089776.1990987333,11284631.928937927,14559314.17862314,13886333.663760379,9528155.4961186592,2776371.7837019735,-4365025.0289770095,-9992533.9270553198,-12845361.793366402,-12701237.305041244,-10223553.52114455,-6678948.9064331157,-3296758.8597151991,-100424.57885745213,1727950.6865166065,2761547.8067909852,3323057.8679317441,3595469.6687510833,3683611.8334885128,3648376.3089945368,3525931.2995081092,3338586.0198173048,3100622.8935997533,2820781.0130403163,2503501.3872889499,2150691.6741425307,1765129.8461243766,1355761.7395567126,943407.357612686,562677.17918556056,255009.82943948975,52357.322611119729,-41143.360536948327,-54930.440228851076,-34622.691186662618,-14131.349560765966,-3924.0041721553812,-747.63864186294575,-97.975150433423408,-9.5069159051152603
0,35.657847129515986,380.14318908564559,2839.9095992720431,15169.863759620783,59960.161077181154,185531.3076164095,476856.90356940031,1040515.0453319495,1877499.5223455308,2676141.8771802648,2828836.1453556367,1815572.0313867985,-390974.17936879426,-3272828.2513560369,-6052735.9393801279,-8051778.3835959276,-8904465.8093123864,-8599314.2269265112,-7411160.0371431233,-5808201.8946233336,-4340509.4739768701,-3513005.0609866064,-3647809.005136841,-4812217.1046322715,-6802729.6680914527,-9195008.6308653485,-11460483.487328758,-13105571.139189128,-13815613.846029701,-13558121.218585057,-12628081.923531542,-11634248.277315162,-11460529.883208968,-13206059.806102291,-18268780.983560987,-22219302.590421095,-24544291.222497664,-24998174.427052975,-23481607.423590332,-20072172.378899403,-15211158.979552081,-9574874.2091538999,-3951930.0713868388,872737.26964223234,4235480.5022406112,5954283.4072772935,6301195.6295590401,5970929.1131074121,5867325.0556921931,6738922.5769884493,8883709.8952663094,11993208.795072667,15293106.546115143,17706043.648884159,18450506.619112268,17166877.794452824,13996432.563579297,9827351.4312605299,5873089.7493299749,3269947.0782514745,2560280.1203217898,3509956.2542114817,5078046.5392834553,5895246.1422074456,4694561.5201644693,749210.84262281051,-5657540.8559071617,-13526202.446583753,-21191489.413884096,-26921318.732077781,-29378683.341137055,-28147765.841998819,-23617862.562429436,-16801344.110984925,-8987682.1750640199,-3528453.9114247668,-452334.30701554485,1285885.7844846526,2258550.4416677188,2781143.8560043792,3029158.8200707408,3101497.14720457,3055046.7640159293,2923655.0641189148,2728326.413835004,2482134.1022757143,2192833.7679698318,1865386.3022866389,1505642.5257279768,1125437.9879888215,747630.34271435556,407095.8875933431,142897.3542269012,-18200.446168266404,-78256.34625930489,-70438.541591781206,-39472.859413109894,-15183.073012925563,-4062.4811865521051,-754.07954657803816,-96.886208417588222,-9.2443296233516428
0,56.126532131362914,587.79124510458678,4320.1126593236131,22659.753249805239,86769.714509128069,250856.14956709207,568973.38612132345,1043233.6516165434,1558000.875723172,1846861.898380368,1575692.3862001998,536900.0905522937,-1195635.9481514469,-3278686.6443548957,-5255797.8124673087,-6738583.9314598488,-7517391.937026008,-7584582.1557070967,-7101742.4245298291,-6346090.616595055,-5644491.9252667092,-5296471.2148175454,-5496332.692211275,-6285973.9375101579,-7545793.4684274709,-9026779.4307424556,-10419258.857466809,-11439472.282739049,-11917342.728292007,-11865246.771369012,-11519838.532835668,-11365440.739330404,-12173471.889393248,-15125400.732693978,-22199154.830634881,-26735408.228615586,-29082292.370327167,-29686909.45769887,-28968284.493699927,-27214818.275242794,-24526661.832788438,-20933943.90412382,-16369841.061971895,-10825031.340866217,-4579225.0435937596,2019512.4436343154,8590671.1642397288,14741208.519995145,20203475.737937078,24875428.767427042,28775784.897443194,31874007.252593484,34109234.174830407,35247404.292798981,35063197.350178495,33393780.397150997,30185723.131649449,25734287.236694954,20578200.687321369,15413093.349651309,10748337.38055978,6789237.9596584896,3266198.1624954357,-383096.37282566202,-4872846.7559429081,-10615148.583142234,-17423403.048742186,-24679085.998645253,-31193188.393920034,-35691859.009410672,-37072078.941116989,-34844363.503572203,-29200879.879838549,-20877201.822280247,-11024956.656889876,-4946067.402213484,-1532783.5620961492,402419.58023178705,1502188.9253959423,2115911.0278590554,2435122.0608501225,2566243.6357711419,2569744.2031763764,2481308.3638410401,2323124.6349808634,2109424.7147391792,1849488.6688834392,1550355.1002653909,1220432.2569984025,874132.36552408547,536043.92185193568,240873.74240599392,24730.421203570673,-91373.863226792993,-115970.95327693051,-85766.874257716176,-44065.574434982438,-16102.002315667702,-4159.3777860355403,-751.96949038798493,-94.614060739189895,-8.8615967637049522
0,73.385870737777324,754.80963452185881,5434.151467504651,27784.497519110493,102752.83321421761,282298.53738101386,594298.99058067112,984520.82464196766,1294780.5683697374,1305602.1509046222,829782.32806613471,-190241.45686029663,-1640888.3259310543,-3276679.7155173961,-4813092.6837869845,-6019908.5538107259,-6775489.0776488595,-7076645.4871430565,-7020007.5006505689,-6770877.5576141616,-6524326.3415605733,-6459359.2033282584,-6693281.6702443054,-7252353.9195715925,-8066120.8789741015,-8986988.5827503242,-9831211.1098778546,-10431428.505434021,-10689884.195965683,-10622184.229526764,-10388653.596465016,-10322471.501281118,-10982420.534670483,-13286020.963350225,-18828578.490187671,-21763787.535560794,-22718577.766849514,-22777180.097846836,-22835301.143123951,-23397322.118287142,-24152185.64357591,-24260194.806985602,-22688279.621726193,-18600145.332670037,-11773989.33504964,-2680477.5661495426,7673423.8485034443,17838395.343508985,26514243.125386726,32924959.698421143,36879937.604184769,38736333.502989851,39142524.945620812,38731496.280625075,37864802.888391636,36495503.829608604,34284492.498183928,30867459.155097336,26085443.199115798,20110612.059515335,13400188.820532167,6530786.4278669013,-18786.133354771442,-5970032.0603449177,-11452751.654696846,-16624932.341563478,-21560866.51031195,-26167516.37112559,-29954549.664101303,-32311377.924334306,-32516989.716591466,-30076375.229946323,-24958147.170110695,-17574132.465499982,-8816997.7166060116,-4045044.4978115414,-1349099.3286072048,203858.65579652152,1111312.0632529338,1639530.4158735971,1932277.8758787333,2068492.3463339719,2092897.6290335816,2032285.7410411423,1904016.8056161641,1720087.3223487716,1489385.3967461765,1219955.2597152689,922155.92708599486,612598.14893722138,317286.58614397229,70410.419835827692,-95261.295981822084,-164776.74775218841,-153205.91110747735,-100557.94107180194,-48332.10033727566,-16889.446252441237,-4219.892784509585,-742.92425187995707,-91.43085144651198,-8.3899984811818538
0,85.99671427274032,872.19973775389224,6176.5562421144996,30949.463320388561,111517.55639529729,295830.83861861454,593577.47935540776,920949.38402120653,1106570.6618960956,966976.991374698,394782.217406112,-595170.91280264501,-1876460.6349647045,-3260317.9576780796,-4556057.1810541358,-5619742.2042074231,-6378383.0679923864,-6831099.3693446806,-7036508.2298098225,-7093935.9547364973,-7120419.7973914733,-7223607.5310258158,-7474606.5351419356,-7889834.2569893412,-8427111.6709484681,-8996903.1810291149,-9485994.5434594434,-9787666.4355788529,-9831239.7113272399,-9604569.1479336247,-9166743.9572941437,-8654519.2945556175,-8294680.1686983043,-8445287.1733962111,-9700768.9547248296,-9050375.0061373431,-7211723.5661168499,-5837249.2921672538,-6285453.0215656785,-9173429.6838603821,-13855868.357063109,-18690863.692094132,-21624280.363775015,-21022050.839250993,-16082633.110247044,-7363968.6029129308,3583107.7753287028,14569344.943394916,23450317.453163557,28972041.622377854,30926726.739400063,30084351.432660803,27879108.050537892,25782564.549172211,24638005.274124175,24436668.249047499,24498215.354849972,23721003.646623131,21166091.523182672,16524401.996299731,10145053.656489903,2910863.3903394891,-4023831.1245000903,-9702927.6984940823,-13696064.108265692,-15976730.017608283,-17018376.34947316,-17360239.099572659,-17410212.715053376,-17265931.037572771,-16606685.59026845,-14982244.923962599,-12110146.514023772,-8038035.143493942,-3208772.36224386,-1307873.2233283897,-171465.46798014996,543490.59391816985,1010866.2240052109,1318377.1986643721,1510722.5869704671,1611638.2280563817,1635050.2350153406,1590643.2116793916,1486436.9606847423,1329683.2894695804,1127464.8577186179,888014.56785013305,623148.97525913303,351348.48527618824,99780.623198366331,-98103.143760305407,-213041.22717900595,-236181.77929927103,-188990.31912423531,-114516.25677563793,-52230.787394237712,-17555.591956805758,-4251.3464689209432,-728.92150297215403,-87.652277161735185,-7.8647630929665704
0,94.316534386757141,947.19209635359914,6629.8594993970082,32754.929744415786,115948.02165712793,300582.64926488086,584891.95887234202,870157.70439826918,983037.74152990303,764793.94007369387,151391.38344217368,-807801.35199975385,-1984641.7769817831,-3224160.5709544709,-4387696.9916913034,-5378479.7949171774,-6149890.9680615421,-6701488.7194785681,-7069118.3213442862,-7312897.8781294655,-7503482.9771874174,-7706103.5570351258,-7964261.134369255,-8288334.3649390237,-8652536.1358444374,-9000658.6630708314,-9258600.4281696156,-9349572.1561472341,-9206624.3389297388,-8776827.9955597464,-8011954.8756651459,-6841034.6305269198,-5119020.8308946844,-2539945.3763605114,1514277.6484323875,6727142.1707832469,12179462.643718926,15658326.864003202,15377505.446783403,10711563.485706642,2568632.3727698619,-6852011.4663716927,-14664303.203797219,-18534027.526848864,-17167379.708891436,-11030196.659797587,-2069537.2676322551,6991355.7822875874,13534135.605296301,15979084.430597521,14250595.106230719,9696399.1205998212,4471149.3757147603,727942.54207359452,-286698.15430436603,1419869.9831118144,4724276.651917804,7792194.0828468557,8949505.8178591877,7330079.8770835027,3131484.1358062653,-2439147.3079714202,-7698495.5275146896,-11112489.152146973,-11829746.054744413,-9848992.3667316325,-6056203.4113665856,-1640684.5221427623,2114078.6036366224,4499462.3668695092,5446900.0468727564,5345789.3433011994,4807498.1010948075,4219337.104647561,3704371.9849541322,2116097.0488734827,1370365.4003250524,1079467.7494666332,1019425.2684308102,1060662.6294342959,1128687.7578652496,1181605.5062586509,1197154.5260238128,1165147.1652864465,1082849.6923301623,952033.15562541678,777554.48003845685,567555.18656004767,335086.80515578313,100313.05656105056,-108576.50211646291,-258932.31426144543,-324940.26063554554,-303624.73768049682,-222513.81427719034,-127426.31928868673,-55751.200286215273,-18119.816491793754,-4263.0380599504551,-712.24370877919182,-83.627180265561833,-7.3238183670316088
0,99.206065249535484,989.82833946344283,6875.1871288699122,33654.864667840484,117786.756497261,300990.27230270451,574840.0798233602,833802.07526731736,906680.46135564591,650924.23748868261,25770.118584845837,-903701.83911884273,-2011896.9267019173,-3164511.8672928582,-4252168.1272296831,-5203925.3187347455,-5987172.9899501726,-6600829.0228784718,-7066805.6512985043,-7421759.6685293466,-7708747.7345856782,-7967877.7157198563,-8226461.1991610462,-8491691.4553565346,-8748076.1989735402,-8959719.2284797113,-9075846.8438151628,-9036393.1998086553,-8773082.0185930971,-8200125.243370166,-7186768.3005375173,-5500084.6768441517,-2698175.1800752571,2062283.5443630877,10367406.044066712,19516416.538891263,28355244.420528311,34212812.813944027,34871011.076648921,29547289.564785413,19234355.996611588,6494515.7860722337,-5282274.0246610073,-13181908.919013387,-15560609.490093363,-12749525.820376249,-6894948.5825886037,-1099196.4301697495,1814860.4260235224,181236.6663752812,-5817106.3636373682,-14225399.276375405,-22292124.591750838,-27321136.549512997,-27772514.127926845,-23773303.323372375,-16919317.988775577,-9707588.3669668436,-4482251.387669012,-2611340.7111433959,-3981117.0536107053,-7146242.9111861214,-10040386.492591955,-10591018.453405328,-7686095.1722538676,-1478397.3779430138,6767942.5125268726,15225048.34953982,21901155.771840267,25608382.41453667,26057552.960242607,23729420.562193252,19633019.993011288,14628244.193853671,9292338.6121221259,4791926.4392925622,2495836.403995879,1390729.1245795488,914061.74389457388,752867.3487848629,732996.68071318429,758260.16224232037,776847.99201187247,762623.19277135422,704441.58637796191,599972.04671843024,452607.38787175436,270754.9379898851,68811.052781274615,-131386.59165687551,-300633.87318626879,-406983.98871592275,-427788.11135865148,-365480.74457156926,-253160.45543232752,-139162.67286266616,-58915.230489983114,-18610.13377916412,-4265.9220160153736,-695.39383000359567,-79.72425241445751,-6.8063144711538133
0,101.46446403337329,1008.2701566410966,6969.9763471221486,33926.395830373629,117928.47708130159,298830.83063394076,564719.82593446109,807858.73991255986,860755.14791208017,591447.54029393359,-28619.26806078204,-928136.90774253919,-1985528.4904799566,-3079584.9239686211,-4117749.5316107622,-5043294.4655697709,-5830891.1960789813,-6478382.1588570755,-6999029.7064510752,-7415418.4665807895,-7754278.6151265185,-8041097.4342218842,-8294186.0722585274,-8519910.3762860373,-8710557.0073990729,-8844752.4089913424,-8889134.8803274594,-8798753.0660222378,-8512275.5903337244,-7936297.0722500263,-6909889.3466003975,-5134417.8405659189,-2041213.1366861269,3454868.1201399588,13415867.436462201,24482283.861017153,35326173.745479308,43049359.110837229,45092784.057632066,40401824.082333729,29842568.343365852,16029228.239137799,2502030.5247886274,-7530217.6179321231,-12255063.166398425,-11939283.875129484,-8746343.6984273344,-5876632.5222393274,-6218768.9128154777,-11332748.895612709,-20771781.378993955,-32169775.879559308,-42234825.010660015,-47930429.590050422,-47575373.056440502,-41453165.685277261,-31601995.523869079,-21072134.894154694,-12761040.409610054,-8314039.0676294984,-7649018.5278446376,-9150844.5402313508,-10385762.174854163,-8974761.9556765221,-3669817.9676536447,5269273.3186044497,16229944.562004412,26882845.979673464,34830738.86396008,38620093.205691569,37936918.554129414,33573164.722273089,26920096.397323888,19206525.764486648,11285391.724255959,5488305.5276961531,2542853.5772317611,1125854.0687286209,512914.59087103035,305641.23734720645,284567.81999351899,329517.71686630225,376163.56465251074,392075.88101021107,363225.34572792961,286333.27655819932,165067.8070843473,8984.8645754223053,-165795.0814595125,-335623.38159775577,-470174.42506623844,-537959.09472575306,-519015.49305513909,-420518.39663947566,-280528.97059210198,-149693.31947514543,-61775.70399471678,-19061.932833797484,-4272.1379975459477,-680.98951039058124,-76.316521765345442,-6.3509792237239155
0,101.68568939098832,1008.1034354594158,6949.7326892802439,33719.370665779708,116765.93042180363,294562.84159196576,553703.34217181022,787036.42724003433,831605.8886399063,562807.12607949926,-41694.674834600301,-909194.64758049313,-1922583.9254986404,-2969461.6132012485,-3967306.4699961799,-4867341.9853370534,-5647964.3489105711,-6305906.8823414501,-6849031.6763437251,-7291523.7985724881,-7650618.0322066089,-7943624.8418276692,-8184450.5249260301,-8380555.1770287165,-8531401.7364814188,-8628292.6339230929,-8654670.7297978792,-8585075.3806673326,-8379849.674285653,-7971104.4041650817,-7232559.7869996848,-5920233.0340644456,-3559627.9774862058,767005.125971506,8821975.2280011233,19127521.34782343,30160881.568403538,38885698.032380722,42493906.473525688,39570792.528017603,30714898.08734889,18282122.625156417,5657326.36090043,-3909514.5522410725,-8618625.4782589618,-8755617.5869668387,-6454415.1964886021,-4847352.2075336277,-6752600.3093545204,-13571071.535473708,-24640479.939695228,-37350841.801806435,-48070780.51253549,-53643130.406707861,-52383512.80534827,-44763130.184302025,-33197048.697132502,-21054692.288241506,-11582337.433234725,-6560401.1236178624,-5813292.318966452,-7516292.9287176318,-8921598.6089352537,-7467534.3859617943,-1849896.3848906395,7551637.2122351462,18852976.66479433,29384862.60931306,36623259.010864414,39175280.740248784,36923524.957536004,31072063.409889076,23428906.065175544,15598315.966203844,8512198.8919815999,3605201.4397915415,1205965.0483880425,134313.01640945493,-252617.92406160483,-306511.47784716217,-219828.70640634254,-96829.249803392537,7849.9676480890912,67952.713993033525,73622.290268000899,24615.186517527527,-72944.949046653288,-207250.64152922924,-359973.57467744523,-505460.86897701601,-612094.14287286822,-648488.95414332394,-596738.87365187914,-467939.30713551934,-304443.379561287,-159078.23308415807,-64413.114622032124,-19516.188683681856,-4294.4342721475505,-671.64215091548419,-73.76436597783615,-5.9943712531316189
0,100.27847286852253,992.92540269504832,6835.2743377096485,33109.309688985406,114438.47413376793,288093.16081241984,540364.39242709009,766511.05655287148,808895.38103822712,548745.91501518991,-33124.99113379098,-865083.28151248989,-1834652.4406792896,-2835935.8767350488,-3792853.5655296878,-4661296.9527534759,-5421594.7640781989,-6069543.201365862,-6609644.5413712356,-7051133.1780431354,-7405886.1604812909,-7686962.0785656925,-7906721.6617880594,-8075063.3244510014,-8198622.668717064,-8280958.0403024293,-8323257.0961491326,-8324646.0603251057,-8280629.9782479741,-8177471.8787966957,-7978935.2862003231,-7599046.2331583425,-6848779.9836194394,-5333555.1668086862,-2259988.0552594955,4805648.6721870434,14169052.816782193,22823157.723281797,27836955.398886848,27406077.146486424,21693450.198543914,12667431.494392583,3274551.8242539424,-3438405.6009289026,-5803255.8244515164,-4150626.9592166417,-548450.22518509405,1958680.4205035153,681289.49550533702,-5604587.799239493,-16056315.113891523,-28059875.160708092,-37967931.766273722,-42643553.951121531,-40577344.285625368,-32428955.76844487,-20801640.586843688,-9228568.6191099826,-958859.12756409694,2359011.745587118,1050895.5134103657,-2847882.0267617884,-6370788.0203104215,-6872709.3671990391,-3064401.6465912033,4559589.2465919964,13897965.770980289,22159651.517483272,27013461.675538253,27299739.765079204,23336357.948323008,16816607.829202183,9923962.8362608086,4542755.4006530186,1467621.2948967372,-564427.32433909189,-1332072.7125875743,-1464674.1617126437,-1301264.4023437973,-1025720.5882088973,-737273.77357528138,-487807.9167379092,-302039.42762946477,-188730.56231052542,-147192.00077407813,-171070.39242965233,-249876.2201340746,-368622.32360525784,-506402.44092148542,-635425.80982919736,-722613.254090189,-736276.32106849179,-659836.84388552734,-507407.14533242438,-324956.23305247509,-167464.18611716956,-66930.989294429601,-20017.300754486692,-4345.5194887585949,-669.8267006773234,-72.397758696152962,-5.7690963573033125
0,97.526081857566055,965.10579767683316,6639.2627713563279,32135.443409891912,110982.65404487062,279177.76926152094,523358.69337480096,742486.99489226181,785163.49078087683,538086.78857164737,-16155.636253023644,-808234.58487913525,-1730449.2849688693,-2682305.2665327592,-3592386.04897726,-4419632.5050090952,-5145484.5502676889,-5765051.7306590583,-6280764.2825458795,-6698982.5729083847,-7028675.8363920124,-7280929.3235245552,-7468141.6102128914,-7603238.6424930915,-7699688.1110510631,-7772518.7130149482,-7840383.8558999831,-7928680.0343357911,-8073879.0524108773,-8329669.935056434,-8776279.4920192193,-9535520.474586213,-10795513.557075687,-12849836.652366607,-16152242.005664097,-13711098.103325775,-7252909.9279869096,462684.84016732994,6446359.006418488,8617073.253652174,6564505.2436203696,1811665.8608601172,-3178511.6734151044,-5785080.657337009,-4538425.8742680755,248212.58150545601,6623742.9965534331,11690949.038093623,12908631.349153649,9104906.3366500046,1135732.4042815675,-8514261.8184427731,-16433012.739273356,-19733193.502021421,-17134161.011373356,-9423079.6061115991,750703.99899534218,9931497.0799836107,15128149.184355227,14992350.791648868,10075610.337444134,2700333.6205549319,-4051118.6120779943,-7597675.2963371305,-6744519.5662341118,-2160590.9225902921,3914527.7798338705,8737207.9514893387,10273063.88079381,7733076.0999288037,2084915.9169238179,-4459213.516845515,-9358403.2243392505,-10643586.662340382,-7883649.2416759562,-5916691.3444047859,-4441709.2325321697,-3305351.7673451384,-2415652.7089301138,-1719244.6608289555,-1184120.7969389285,-788854.18473853532,-516612.08104068681,-352152.13850351016,-280591.62832246261,-286992.51296682673,-355505.68057618034,-467573.8231368608,-599651.60762233112,-721842.10112216265,-799503.04234407633,-800230.84119310789,-708014.81737390393,-539066.2508250901,-342345.17524581327,-175076.34287769601,-69450.097573703111,-20610.64125950895,-4437.3669119733559,-677.74704864633736,-72.49842306044961,-5.702054684087539
0,93.640668164493192,926.382747587425,6370.6948591613873,30823.975280622421,106414.23932846793,267613.38269403804,501688.95924363658,712274.33364668337,755261.95184967073,523203.006336344,92.268921068643493,-747610.76731003646,-1617168.9394430735,-2513105.3725844477,-3367925.7620029086,-4142930.9250085368,-4820375.6696959948,-5394938.9238723926,-5867778.63902843,-6243587.1274317894,-6529784.7079421552,-6736646.1244597752,-6877206.1335337693,-6967188.652425997,-7025715.7438118672,-7077183.0523798,-7154748.3764926223,-7306230.6265089363,-7603953.4205717295,-8161594.0739693185,-9163865.752206929,-10919878.222029645,-13959826.708877617,-19210614.911563613,-28318050.40994025,-30285349.334732462,-26828872.218732674,-20407357.39295058,-13969838.113061784,-9757607.8821540009,-8646732.6440718602,-9615431.1488920599,-10607804.217276206,-9410122.7195448503,-4769554.1205730848,3047303.1856184877,12263723.294722427,20233477.017209101,24599271.073220301,24170314.077200733,19625631.35585852,13180879.637524365,7842427.5346353231,6069337.5959042804,8885202.5989251491,15387948.398730401,23062736.735894375,28833219.257291939,30117799.973690629,25945199.423887458,17243011.006044067,6563519.6314515388,-3064533.008720865,-9230099.0466639139,-10999039.621869612,-9312257.8058839142,-6438003.1807106351,-5019036.6251275744,-6825282.3842128124,-12075490.677794252,-19189340.488530558,-25515041.551096451,-28198483.497741509,-25280436.197272532,-16751863.399028523,-10886646.995230166,-7238814.6506009037,-4882342.3690299438,-3302506.8555857041,-2213792.5450318758,-1455842.9698892389,-935478.31551652052,-595131.66788202955,-395980.90506180725,-309219.37250530813,-311576.72212596395,-382142.88992308197,-499141.31078721321,-636744.12465019641,-763201.74021653237,-842311.60289662064,-840586.26885934174,-741848.51722423348,-563544.17001543217,-357100.40911643382,-182205.94477118278,-72101.427551947985,-21339.840588667699,-4580.4878088098749,-697.20137559629927,-74.28257496815128,-5.8127930561141543
0,88.801252684954505,878.24825139838958,6037.5818742837419,29200.771766323989,100768.39430274993,253317.25322391372,474776.61752030376,674189.73040465044,715853.24797870894,498995.02547200245,9241.8203829352278,-689995.96155092423,-1501163.398218015,-2333827.2847100887,-3124256.1336145103,-3835934.3921961919,-4451911.7192739733,-4966664.5004100772,-5380556.2989320895,-5697257.7994881496,-5923292.4786714539,-6068533.5484252488,-6146529.1111236671,-6174860.918883441,-6176265.3349913899,-6180985.9998002145,-6231033.9114071252,-6387558.4766204488,-6743608.2182555227,-7446635.9788748641,-8738962.0113324355,-11031426.041664246,-15037881.456647789,-22019363.286609847,-34220115.477370717,-38770077.973200426,-37411435.787033461,-32271739.747774191,-26043536.094844151,-20974326.133800946,-18106702.055408601,-16880182.817789406,-15632291.265086807,-12443954.328201909,-6158806.9843920507,3089451.8720769114,13766431.725242913,23549886.231965102,30297632.008959386,32831624.941419993,31545201.713289455,28202171.486669425,25264187.899587166,24764064.926024634,27438420.631170504,32386144.713957835,37377426.647502169,39753494.968994625,37498990.052116089,30145860.383276828,18981934.792890098,6638292.4099430153,-4068519.3228255329,-11066453.587411566,-13768451.390190445,-13426074.124543725,-12430568.069871269,-13281733.755763758,-17428773.43656005,-24581240.099147923,-32752535.451262355,-38920766.216859601,-40133115.201773301,-34539752.164384715,-22360361.61531356,-13936228.926569842,-8860090.4904341474,-5705191.859022649,-3679656.4044325119,-2344879.1040942608,-1455310.4984799835,-869664.71717618988,-502663.98131548654,-299146.08688138914,-220502.17673892673,-237589.3300618901,-326003.42542395764,-461822.9713817517,-617693.74253411684,-760477.99767082673,-852524.18158489943,-858960.92595021811,-762786.77864229353,-581929.459874928,-369899.61657642707,-189192.95870558708,-75017.699551782716,-22243.810399674061,-4783.1895391214812,-729.45224622893454,-77.885036329339798,-6.1120489132664115
0,83.176421884723837,822.16504495325751,5648.3502755066347,27297.390671325938,94116.114871421873,236350.24519569351,442449.37499113911,627410.1487953472,665017.43750936619,462220.52480507968,6843.2813417233365,-640692.36363218352,-1388225.9304574961,-2150605.8578761029,-2868016.7092404435,-3506225.503910372,-4049196.8561048354,-4491397.6655980786,-4832666.875918299,-5075952.1482524564,-5227093.6459292136,-5295508.8504224308,-5294691.4450568948,-5242714.3193035629,-5163381.793137813,-5088474.1764515219,-5061724.2107654866,-5145685.0989278676,-5433633.7818838721,-6070594.4587731417,-7291159.4313963456,-9488518.531457562,-13341494.172306001,-20049174.10026525,-31765223.268268637,-36380055.80291187,-35582840.096958704,-31148556.813765123,-25506526.391591262,-20774636.235323023,-17963401.519979607,-16756005.438923575,-15717561.388169244,-13130260.744896939,-7824968.8213315839,339762.75823288935,10175431.940697623,19703269.99146777,26997471.249705721,30954819.557953928,31739616.81877264,30652660.103853017,29485584.559093442,29781682.722941976,32067516.754427012,35500614.28340821,38201877.568004653,38069641.232198983,33733303.726454549,25187201.76337333,13904444.889450669,2403966.9064880149,-6802607.5619222028,-12076080.529914662,-13284780.903195258,-12054931.76129036,-10892349.117496738,-12164976.252558034,-17121941.974298313,-25121313.426820476,-33952404.474578224,-40405759.644589409,-41482102.559036069,-35540817.695858628,-22946230.420501634,-14066426.118225327,-8739561.3365184255,-5451184.2625434864,-3361590.4082657984,-2005209.3899538263,-1120435.5230330948,-555837.52953654004,-219402.29310993751,-51344.082093743571,-9937.6663038592742,-64111.094410066951,-188391.94552008304,-358271.65698341548,-545885.40287659853,-717303.57004955853,-833612.99895962293,-858334.15524281829,-773096.63321812905,-595715.27412102616,-381566.24167757673,-196402.51456613082,-78323.273590898214,-23353.543763082438,-5050.8427661970818,-775.10755879390092,-83.345643227890633,-6.6005849414609647
0,76.935722133944509,759.66779945869132,5212.429629139504,25153.193329561309,86567.881943380504,216912.6551803234,404896.38640185987,571829.5729253036,601959.10697331617,411059.6329241381,-10104.207262756536,-603876.57502856629,-1283658.6702532466,-1969900.1440966683,-2607004.1645540963,-3163256.8932132456,-3623726.5717573445,-3983035.7171956766,-4240646.8122633025,-4398885.7935873065,-4462889.9797124071,-4441344.4614133704,-4346965.4021125818,-4196893.2199633121,-4013524.410133379,-3826070.7964125862,-3673245.2685279618,-3607754.8540991126,-3703847.8602264379,-4070226.9541243864,-4872651.0476116836,-6374365.0821194351,-9009919.3901083656,-13522405.902516074,-21221467.870308351,-23452073.469475117,-21729898.109797064,-17475278.497157093,-12781549.241777712,-9502309.9493221529,-8484067.2654634379,-9343475.7403733619,-10737513.631732155,-11032215.500882164,-8992343.3001694493,-4272406.7290347191,2404927.3850771347,9471349.1184244212,15241546.350231901,18745457.440822322,19970016.559909053,19818797.941705953,19526840.075615488,20125032.056975521,21893435.180262852,24094071.257237762,25312039.602865137,24088008.07839863,19585519.546431016,12121756.769614313,3197015.0108406516,-4968479.7532467069,-10264746.187154284,-11565723.739835581,-9268109.4776006769,-5234495.6499280995,-2003160.338523292,-1865529.0042405166,-5938429.5653023664,-13518590.561769467,-22396061.45644436,-29408754.100274477,-31674289.442891762,-27820092.863497641,-18216296.988211572,-11112361.540567441,-6781339.5958776642,-4063691.7811924331,-2315203.7622299911,-1176471.7055186778,-442498.14769115113,8451.1562904022685,253040.36407597404,343239.1738401106,316715.26320370112,202200.99248611979,23612.676029728136,-195617.1088334893,-428168.24609783862,-639925.28174518596,-790919.83747887355,-842906.01819757198,-775734.92611821892,-606702.58150184923,-393009.39003981382,-204194.97014885311,-82122.623128811625,-24688.80854606711,-5385.1962149666679,-834.02025868385215,-90.599025345815292,-7.2684221958155719
0,70.253536052460376,692.39111546077243,4740.3542713521165,22815.263604529489,78270.737006365816,195327.79225469928,362613.90779992851,507933.79361359286,526792.98912599252,344835.71355413715,-43420.930734945447,-582750.77936001366,-1192208.7779310807,-1798161.6221954499,-2349580.6648131991,-2817564.9271402629,-3188504.7585929609,-3457330.5204641977,-3623218.3740911805,-3687889.6977988491,-3655677.2774005216,-3534231.61581865,-3334859.8378954651,-3072645.4447474647,-2766726.0522453245,-2440819.084713568,-2124021.265190132,-1851890.2687700011,-1667734.5080599892,-1623878.1421896832,-1782223.0658779102,-2212595.1852447148,-2986199.6459224778,-4161643.5288322959,-5768656.2929310091,-4369062.0083510112,-966555.87279074884,3301729.5366411577,6804611.926009546,8079733.9832930183,6500289.9135510651,2613223.5777015048,-2283566.6084918357,-6586174.9157084851,-8948082.9611394294,-8920161.48701475,-6821324.7875569947,-3738703.146897248,-962875.51730252674,706414.88396922871,1074726.0954090427,676507.24436237593,318962.18900001107,709942.16141866101,1929018.2080861861,3404668.6500052828,4152712.3442420405,3201987.2594274911,141991.8640538246,-4553984.438445406,-9474432.1045269985,-12776960.223008635,-12886812.613656966,-9251107.4953663405,-2680491.348850708,4964048.3268643739,11168159.595536232,13731356.390806928,11650259.633181358,5458534.0669176718,-2775814.2455376857,-10188485.060769793,-14299555.036852648,-13945858.020934513,-9491451.4268405195,-5797696.3707686821,-3386628.0847733598,-1766757.2402708186,-668134.80435932055,65579.585142421638,530598.31186938833,790406.36497018754,890286.08762859611,865129.48317801568,743028.23086086288,546985.53447103384,297223.65444509714,14730.211118553436,-274583.04314612836,-536899.78598407109,-731357.93410673412,-817836.3596980978,-774145.48669123102,-616863.40952384158,-405146.4909697338,-212890.69553869203,-86487.983530526675,-26254.954748415457,-5783.7936702271272,-905.21626481414978,-99.468901387903642,-8.0945768925402213
0,63.308280626598709,622.05367902950638,4243.5872903331929,20337.150373590921,69402.149931020962,172020.69617988955,316350.82243794587,436694.49621154397,440384.80806859134,263832.1486503635,-93894.149185666858,-579581.42087046127,-1117936.293294749,-1641498.3400556617,-2104139.4938082085,-2480071.2291630711,-2757234.4297839552,-2931017.7700114553,-3000390.9159349804,-2966478.1787505536,-2832730.950095376,-2605566.9879516596,-2294516.1473022867,-1912005.146162278,-1473035.9317914671,-994644.70599011797,-494841.84842076187,9582.3396666166627,507604.96509105747,1003372.9663286923,1535650.2788319853,2218141.7074406734,3322817.2283725087,5448827.9902782058,9844669.0678208601,14518557.703091761,19340223.608752653,23416317.783272393,25554363.847906172,24782034.82037691,20782549.419737447,14163690.586530343,6273356.0982282115,-1415143.5755876033,-7619130.0628000423,-11795589.387596061,-14018699.211983303,-14957122.38169422,-15514009.393341713,-16281304.071085552,-17445704.559339672,-18692375.218182903,-19605429.142221209,-19718694.316287607,-18970677.611618955,-17774192.768623348,-16808205.687545922,-16683618.253629556,-17483069.925452784,-18736197.05755933,-19300477.685910963,-17852435.649308767,-13348651.329691894,-5643446.0790799977,4276893.7313946905,14678766.723953962,23307074.848548491,28226951.813974258,28440683.732397981,24326998.438804388,17583711.451740731,10432344.560664972,4834205.4006734295,1788742.6318767783,863111.96406102157,518087.76003943413,679942.21270549973,1009819.2751214794,1333007.3315594681,1574007.0292355809,1706729.6869708225,1728734.0796885162,1648949.709251913,1481771.8108713622,1243322.0180321205,949197.24589942791,614765.83178098931,257787.39684073729,-97731.033983145244,-418536.09884591721,-662939.29548832611,-788870.39805899584,-771990.35788724944,-628171.85489517357,-418814.0065604563,-222732.29317350552,-91447.227749479775,-28040.140923133593,-6239.5581162606513,-986.86052225519632,-109.66796224474557,-9.0473885148551183
0,56.278867940134795,550.41760136256221,3734.1941963823087,17777.013840698673,60162.443796502746,147495.36205792363,267056.9997063909,359479.11721492908,344229.36364889611,169168.84435690197,-161354.52440697848,-595676.1085073672,-1064049.8038715594,-1505349.8329712069,-1878620.0075798016,-2161457.2439647866,-2343574.40150089,-2420975.5036243149,-2392517.6272393544,-2258771.4671125398,-2022307.3672364326,-1688280.7508488875,-1264396.6050251867,-760406.72139102046,-187301.89939859926,444025.58043642808,1125146.618370522,1854396.5475252445,2644852.1220446518,3539364.994425246,4639544.7754368046,6163265.6052491721,8563213.0748025943,12784348.010054519,20864353.726182915,26888191.595487949,31787570.831972033,34978157.512936853,35683749.948288217,33392722.470140498,28147548.718900744,20506279.129099686,11651214.373235967,2726544.5597045207,-5236235.0217070431,-11643206.495016444,-16410251.662419481,-19922388.368710026,-22823602.805609293,-25495127.622377545,-28024528.61818004,-30170834.163220666,-31690102.779616565,-32311669.943583194,-31947803.923344165,-30840540.777178567,-29406084.378425565,-27994757.540713549,-26613688.403688867,-24949066.073241495,-22283584.46031417,-17832912.427204955,-10948473.494007042,-1677951.5185494507,9108468.116813818,19966737.100268967,29117587.892009523,35122402.385126688,37140160.181213997,35356267.646454543,30841716.152758781,25071370.62643224,19386647.23221074,14487073.160966486,10083435.042591548,6204577.2707585059,4526845.1863445286,3770796.7616476528,3401117.9402718935,3173611.8926349925,2973063.5715971701,2746754.77385817,2474183.1300973142,2152073.5063158311,1785570.765614097,1383101.748115991,955146.87979344523,516150.05666195578,88157.582292170991,-296137.83589219121,-594173.13756547333,-761887.2871521893,-772840.4142382436,-642418.41561275302,-434674.51846560545,-233847.98360409794,-96973.286224129639,-30013.327187126812,-6740.6090652838002,-1076.2699905655613,-120.80414765859001,-10.085491465461409
0,49.339702746259576,479.23490039042508,3224.4422870520903,15195.500565303177,50766.68409837543,122311.95348079194,215834.93596916742,277971.63833754975,240350.16393151306,62708.884590554495,-244721.2896921245,-631337.69352213119,-1032736.8954025392,-1394175.1802716714,-1680051.7138003933,-1871568.5763523923,-1960412.6969729702,-1943362.8208640765,-1819282.7191012686,-1588280.4439613391,-1252137.688219155,-814879.41923283855,-282623.33456090564,337105.37162909232,1036447.3304254806,1808929.4787946427,2652321.5597215886,3573480.8699082821,4596635.3958846079,5777666.440209683,7228951.4222682696,9163086.0394880194,11971131.294154886,16367885.432054084,23687157.375376731,28484292.165397778,31850739.302614491,33412772.254841682,32825039.813310694,29978313.898329258,25091267.630457919,18680403.77801558,11500483.456836233,4293091.4598117219,-2333459.4941724287,-8033466.5737334518,-12765130.253587971,-16736814.115528997,-20256662.325885855,-23510678.573497545,-26493943.459925096,-29018548.747135758,-30850594.863060113,-31772788.345200859,-31681813.873109743,-30661886.083982281,-28930638.474247698,-26705839.572363187,-24076075.724995125,-20960251.062381294,-17090996.226517495,-12137171.438221764,-5851179.6234099008,1689315.4409671254,9986421.169961717,18216352.65099854,25391903.230979368,30651748.484896582,33455603.283391025,33761318.412648492,31971111.068208635,28740382.944077943,24739462.220297176,20329924.80351501,13634963.775640005,9700490.9084154107,7450387.1454155101,6130629.7635877272,5299351.8714287011,4708593.7777263327,4222024.391739374,3767157.9152147812,3308438.120455062,2831856.0570956464,2334974.092816209,1820747.2994204066,1295663.7542716246,771373.34506875288,268310.23186398798,-181143.94638014163,-533402.59637046978,-742416.5461165614,-779855.40867162088,-661026.3833886577,-453130.19418373646,-246220.4072166098,-102976.48060738164,-32123.358001816076,-7270.3665414959087,-1169.9793498592544,-132.39366498582649,-11.159432501756495
0,42.655045275391764,410.18865188275953,2726.3715236948537,12653.530534282478,41436.484410041368,97064.519761528703,163894.08746754529,194100.48962546469,131211.40644540288,-53020.070734801746,-342037.25348136917,-685822.13843815448,-1025018.137013025,-1311189.3747733291,-1514166.3333269386,-1618905.2205350688,-1619231.7629543499,-1512853.616572198,-1298776.2648573376,-976778.08337962418,-548012.59167493694,-15622.507500418491,615447.70663690101,1339187.0357676107,2149635.2509417641,3042580.0228070938,4018204.0597427287,5085218.9015023587,6267243.5789483199,7612341.3020194285,9206389.707962608,11188841.634993162,13760275.146996139,17135815.325598206,21262605.730594426,24570863.837583411,26794863.437169094,27670628.459342148,26999354.243825093,24732432.462296404,21016652.497890331,16182864.985325169,10693312.025630638,5027937.5336968219,-403609.15430313942,-5333949.9372715307,-9664606.223081056,-13437941.477592019,-16760158.012259113,-19702290.722136602,-22252633.207171798,-24318950.842630334,-25779055.51286345,-26524205.171341788,-26505557.958137836,-25760081.831163131,-24385096.753922414,-22476926.436642654,-20071751.078093093,-17121562.492283329,-13503434.922297873,-9084107.2994720861,-3810835.0205237116,2183089.5053719403,8537154.6508719884,14711927.467467865,20095443.938903514,24153759.022071443,26553460.578218125,27241044.100646239,26421164.658156611,24454130.351364248,21713778.936557107,18430789.104550403,14589487.147500973,11576710.659268163,9451654.2797662634,7973653.6671927795,6905473.3141470123,6074717.5260734549,5369712.9809635794,4723381.9576406628,4098833.3985099727,3478806.7528859121,2857403.9653180814,2234454.2048059464,1613863.1389388025,1005403.0090568085,428529.74442213209,-84259.493880816095,-488149.07612869178,-735174.39578154439,-795488.59755456983,-684890.73435029213,-474252.45648724784,-259664.61161182376,-109300.8757796015,-34299.363294940289,-7807.9705714234851,-1263.8605997779364,-143.88049482497871,-12.213876762041689
0,36.373281735407254,344.83362705740092,2251.3653354669882,10210.105239937271,32391.979536408518,72359.433180841006,112507.18091509894,109970.02016427962,19633.870335236188,-174903.72930295402,-450511.20864679886,-757315.08636558382,-1040633.8791683596,-1258142.2473839349,-1385061.5360687794,-1410162.9518030814,-1329525.6505930312,-1141917.5310719525,-846623.76571810117,-443242.20261412766,67507.401344158381,683072.88906222419,1399211.8889488277,2210673.980311641,3112186.5817955788,4099867.7032463248,5173257.5985638369,6338194.3245922402,7610654.777444019,9021325.5356758535,10619533.168971319,12472199.895964634,14646276.89139873,17148628.003176752,19782524.54972424,21961048.918752816,23360609.269984059,23759755.293016598,23022315.778295811,21121474.913642194,18156329.651356358,14342781.921821723,9978379.2550689317,5382913.6503407713,842898.17999495578,-3431505.6224223524,-7324446.0876806006,-10802037.511355462,-13874579.200501598,-16549873.00128904,-18805477.221665125,-20586367.296848372,-21824395.537811831,-22461401.9177595,-22471002.856339682,-21868101.946966372,-20696347.784585003,-19000009.765914097,-16797308.815370075,-14070386.02490492,-10776779.899916438,-6886165.4268734735,-2430544.7467156653,2447644.0273514898,7480050.1781185586,12302299.868073143,16519004.967736788,19787652.791245226,21890395.14769242,22774975.20123947,22545208.139448538,21408153.126418334,19602221.441812117,17340796.936968472,14841990.205115376,12602380.86255756,10782479.015666751,9344180.7786560245,8188301.4841596587,7218316.5965488739,6360317.2812068313,5564611.2419721512,4801478.2104536351,4055927.5464598234,3322086.4005169445,2598890.2624139711,1889158.8879655888,1201845.1209970338,556192.39406625915,-14682.492699443572,-464537.27570189978,-743667.20942601678,-821244.73205554497,-714255.28503915272,-497735.13574911683,-273817.82394280803,-115725.28506114963,-36452.556936640569,-8329.0100505499704,-1353.2919027430607,-154.66144503094381,-13.190284749920567
0,30.621463473426729,284.53964056374411,1809.7404588031632,7920.2094898729829,23844.124776307937,48794.64084307669,62968.010705802153,27793.839605292738,-91288.535987852767,-299323.37251676089,-566575.51715643553,-842942.02152510977,-1077986.8331027632,-1235180.9050092378,-1294971.8862244699,-1249909.058319536,-1098371.6624457526,-840282.96115636115,-475325.7833641863,-3060.0726188060535,576044.21192885994,1259751.1214314331,2044101.7702475532,2923971.0249791341,3893838.33253062,4948803.9847639212,6085919.5268175127,7305827.8777541621,8614517.7863347642,10024528.658504734,11554010.176231345,13220295.083928609,15022101.697801581,16903226.663710732,18700817.783190317,20131517.661503606,20965814.689308658,21038522.180289403,20253093.985996503,18592359.504272915,16124226.282474853,12994003.687290661,9401942.4574317336,5569272.4937963542,1703979.668219493,-2026080.7805776184,-5506016.9020262118,-8669986.5436949078,-11483581.595537545,-13921393.053343896,-15951689.687961936,-17533110.343377985,-18621887.818098787,-19182769.506100297,-19198891.306250662,-18675273.9357384,-17632641.035312366,-16094713.635236109,-14076774.534563636,-11582842.226335235,-8614790.7386581115,-5193381.0014278553,-1384766.1295707242,2677671.2473976258,6789469.7050915463,10695258.742857024,14128493.747586654,16860117.169193901,18740560.351960625,19722927.522919159,19859419.301657576,19274730.6379533,18130109.706064545,16597796.050744595,14867596.806484208,13176351.82383191,11652675.556841008,10322773.109262858,9159343.4736128096,8118934.8626715606,7161107.5298882676,6255504.2753993813,5382834.7928173793,4533300.6507466566,3703300.6018343247,2892555.6980696293,2104074.7233028179,1346982.584117257,641060.25674750423,20522.001362272156,-466841.34133130324,-769893.50137147284,-857512.06355314946,-748638.81981282344,-522875.07491606631,-288141.8460425706,-121968.87924867311,-38479.316699351315,-8806.5138382868317,-1433.3647450203298,-164.11513223076733,-14.029887556511978
0,25.500350614050948,230.43980012019199,1410.3696207972885,5832.8656413294684,15987.484009188138,26939.981023981181,16550.663282073459,-50171.376086845601,-198275.27863278205,-422248.04953036766,-685963.92220530252,-938810.54828942067,-1134131.3085443168,-1240769.9641549331,-1244112.2266448282,-1140339.8844806761,-930101.51466883032,-614516.10148750991,-193747.52886111429,332573.42105744762,964081.41258074425,1698651.1684822533,2532302.5846856115,3459610.6112848073,4474238.832713603,5569580.0137709258,6739482.2177292779,7978973.1597517841,9284694.3355452549,10654440.738167431,12084674.435009351,13564289.635782693,15062696.75342791,16512204.078038644,17792209.955178969,18737973.932987772,19197425.951758787,19055083.848466381,18243909.337261163,16753329.024775669,14631788.571423749,11981075.565342737,8942010.280854119,5673920.8661606656,2333249.3215124076,-943836.50539084256,-4050996.3558188044,-6911928.724043278,-9472907.7304368801,-11692192.693727059,-13531888.146250887,-14955204.191186933,-15928826.025057945,-16427627.487047367,-16438931.985398255,-15963731.868607935,-15013712.355064889,-13605702.44651654,-11757206.138632825,-9486523.5305663366,-6819099.3318217406,-3799341.5556105953,-504098.98527963174,2948014.1519257948,6397674.9845509864,9659012.2524605878,12544432.472987963,14893796.216282144,16599530.800701438,17620654.448522985,17982007.18603031,17760724.479222238,17067036.899462778,16028505.206956789,14783243.530154653,13471340.109535674,12187989.806245446,10975888.783482743,9841389.5776676163,8773159.2125530634,7755154.2809631601,6773504.5802372834,5819231.9245086629,4888560.8915170273,3981201.1771720382,3098663.9786276035,2245058.0952329319,1430470.5727469656,675842.14891573926,16846.886805503564,-497190.10439022671,-814165.21564202383,-903476.7061150691,-786811.64102865511,-548579.12381368165,-301936.77398241067,-127700.59835375632,-40265.217244840736,-9212.1121628963738,-1499.1118460858597,-171.63259332544061,-14.676739069704889
0,21.08009590296238,183.38511765066195,1060.3477932662315,3989.3938964706313,8993.6877170649004,7318.9777559178619,-25529.155768492939,-121690.71587313464,-297947.87146789138,-539336.37016600266,-803811.51291311521,-1040094.0713931985,-1204826.9999143137,-1271706.2647860341,-1230642.161179503,-1081191.2413088202,-826150.77299301757,-467813.11251910886,-6855.0222291228711,556958.76503439248,1223285.0491772862,1989991.8526692844,2852917.8274697512,3806135.0276105385,4842279.9296355573,5952891.5542237116,7128715.523327616,8359863.813115078,9635602.9057647325,10943354.2487802,12266310.090542562,13579006.81935063,14840664.877978686,15987722.673579184,16930365.989957936,17561151.357757106,17778313.638533305,17502908.137341738,16689691.13372246,15333541.003173433,13471145.15779254,11177167.4959553,8555078.3229200654,5724262.3406209955,2806287.3412944628,-86739.665181310716,-2859463.1602256643,-5435293.9313065652,-7753956.6773660984,-9766856.5992289409,-11433007.000378057,-12717216.489414964,-13590665.608592475,-14032764.345174793,-14032874.194238197,-13590682.890742205,-12714829.964001289,-11420633.06322551,-9728633.2734586652,-7665582.7990286918,-5268516.6038624197,-2591153.6143651931,289652.99122967687,3270614.6312381951,6224870.5677201115,9012165.9130182266,11494829.533075269,13555853.766751209,15114370.793506628,16134548.141265728,16625964.592762096,16636485.753849849,16241120.710049197,15530972.523755057,14604080.026314056,13554509.187470602,12454377.882457551,11347778.256921908,10255743.791720059,9184975.5695054289,8135514.7984243222,7105839.3973151734,6095592.633954932,5106586.307595877,4141987.3652080018,3205514.0096545285,2302900.4752713949,1445725.5309268944,656511.4985259258,-27426.910370702517,-555425.3107153913,-875043.01958594087,-957113.4690803421,-826816.32036886737,-573392.173758463,-314362.5620580659,-132550.69991630499,-41689.436371823031,-9517.224208426991,-1545.7306543558736,-176.6464717122459,-15.080572676058168
0,17.39658749023209,143.90615175483433,764.71004793132818,2421.9340450221634,3005.8067111309592,-9607.1590889691142,-62149.283479174504,-184612.8622641348,-386919.71342187078,-646047.6119595709,-914774.44131993374,-1141145.635482393,-1284635.5179976332,-1323187.4836171612,-1250702.7589229115,-1069736.7406148799,-785021.44348155893,-399926.89030342206,84380.358891372278,667995.06813809415,1350578.0612864601,2129969.5006996095,3001801.1718740892,3959639.1741113085,4995156.6667794865,6098270.366534574,7257187.3826118177,8458290.6058222521,9685710.6855894234,10920370.834042706,12138250.671415944,13307750.064369664,14386464.364929469,15318607.815070264,16035514.435782181,16461952.134970771,16527882.279448662,16179389.546608392,15386734.86530081,14149198.281783327,12496373.062657114,10485679.249002587,8196403.310321169,5721335.854747626,3157676.827264945,598970.03585698339,-1870557.4685452739,-4178630.8389344644,-6264874.7015484823,-8079199.7480391329,-9580018.052129779,-10733260.783327783,-11512422.605447775,-11899230.646399498,-11884289.006238578,-11467168.64037705,-10655815.963237435,-9465725.0435180124,-7919664.0368609717,-6048662.2254385706,-3894418.675171074,-1512538.5638341513,1024760.6327189191,3628205.7333408804,6194763.5712451804,8615099.4972851574,10784201.722417351,12612975.126168737,14038106.037278036,15027914.706031131,15583092.178384343,15732773.121685635,15527650.627692876,15032113.779140318,14316432.028993879,13448427.725049831,12484629.150297835,11466126.528036295,10419675.95570416,9361546.8940628748,8301719.1770410649,7247191.3046250725,6204119.6706941091,5178876.553235257,4177699.9217912019,3206501.9172149729,2272835.8565259059,1390032.9422343725,582384.28890991746,-111196.1239388197,-639109.13453417434,-949373.33868263999,-1015236.6912776401,-866017.35896275728,-595535.38795382145,-324462.32808029436,-136121.74080549978,-42628.632759013562,-9694.0550095534691,-1568.7658421749236,-178.65449770178958,-15.199102415626356
0,14.448269177963509,112.18115921946637,526.20581098801404,1152.2883666740502,-1866.0423200190885,-23452.276813012388,-92310.223899246135,-236924.21963095403,-461880.53382353485,-737755.84502375277,-1013167.8828960255,-1235651.3723380964,-1367079.1715030822,-1388968.8109478313,-1298561.8800441187,-1100920.2404740243,-802397.93139422848,-407274.71472583711,82875.526145915734,668051.48975211743,1347963.5717730117,2120483.1325128293,2981124.8478236808,3923092.4677068447,4937348.8196377931,6012629.6950904308,7135368.9523496656,8289488.5398077453,9455990.3161854725,10612257.175684787,11731010.681730967,12778994.402858302,13715746.441997102,14493244.719152139,15057563.203131255,15353423.684880236,15331111.928840306,14953465.304500304,14201453.141611319,13077647.108161161,11607197.33328185,9836202.741415374,7827740.6219873987,5656257.1645420622,3401333.8800830496,1141910.6621538524,-1048171.0995286066,-3102860.5520081529,-4964922.7751298985,-6585832.3802467184,-7925255.6550610848,-8950677.8714166246,-9637391.4311571736,-9968733.5339640826,-9936318.7957112305,-9540054.8471041583,-8787923.4849350825,-7695748.6444655191,-6287300.7777298791,-4595003.1843987014,-2661207.628892988,-539606.76538415509,1704016.2127524058,3992634.3748034369,6241134.8979732078,8361890.5672347452,10272065.696383422,11901321.541286709,13198329.928233434,14134753.82359251,14706025.442879332,14929100.144330125,14838039.435928255,14478483.786441242,13901766.873095818,13159006.472469164,12295801.917378493,11349249.903188065,10347642.823163839,9311952.4138055798,8257937.6279360987,7198099.552304877,6143137.4735353934,5102803.8996801516,4085765.6763587501,3099850.0433824742,2154366.4981668168,1264415.1112183924,455999.31778504408,-230653.03388517693,-743637.72594412463,-1032389.8046293251,-1073580.8723576905,-901156.81335999118,-612938.71429593058,-331178.07121738372,-137994.72130918523,-42958.846825288027,-9716.05025608916,-1564.1911265528383,-177.23024816584356,-14.999194757508937
0,12.192778762123488,88.007677787184207,345.12911804473396,191.16561825535103,-5547.365538487119,-33913.114879188775,-115154.57251056634,-276789.40530815412,-519667.4054297866,-809856.64745292335,-1093107.6367668593,-1316801.7877771736,-1444835.4730538244,-1461571.1366950641,-1366830.5307549175,-1167573.182793072,-871368.15628598805,-483164.54804871482,-4810.362602076927,563688.15703728772,1222183.2834641088,1968701.6660823403,2798809.9050939754,3705593.6011819574,4679661.2362765353,5709101.9044850459,6779368.4241713509,7873077.1141744852,8969707.7726290356,10045197.232695261,11071448.772237945,12015880.700625159,12841281.893827287,13506425.774028471,13967940.968184538,14183700.448373375,14117334.274638282,13742852.197823303,13048461.715094889,12038992.035165362,10736583.282009438,9179562.6734363846,7419695.0243719891,5518269.7992652943,3541663.4296593363,1557059.7355430208,-371106.13417330041,-2183653.0823726365,-3828088.4799553137,-5259214.0991139486,-6439273.7768761758,-7337973.7845803211,-7932543.9599907286,-8207855.6635251995,-8156517.0902191577,-7778890.2478444185,-7083038.8873670334,-6084719.2581325388,-4807541.8310637493,-3283377.0833225222,-1552902.6842031002,334003.23934230616,2318495.8172210767,4334120.2960234871,6309628.8519436019,8173224.4856245676,9857757.812153589,11306040.058927841,12475306.494340746,13340018.191272138,13892582.747293497,14142047.039808089,14111212.389934992,13832782.018621728,13345107.776186977,12687989.634774972,11899074.890723852,11011543.235875269,10053284.795907151,9047215.6902378835,8012179.399054517,6963967.8399464842,5916199.2663999358,4880895.2537530987,3868443.7655981146,2888169.9178578462,1950901.6143998811,1073317.4024492083,282841.86229533824,-379521.12701896054,-862427.8889988208,-1117843.2401576114,-1126874.683999686,-928383.40482612106,-623243.30432892614,-333343.90668409172,-137723.26620155573,-42552.876450587326,-9557.1539398793811,-1528.2725562933822,-172.00653515313795,-14.455539420148186
0,10.542601779533335,70.774465824011259,219.2058245906052,-462.11790920015551,-8000.0309889965156,-40772.002259459026,-129977.19792974398,-302580.512065997,-557328.64834396041,-857879.61977762636,-1148679.6625707261,-1377520.181998628,-1510017.8597326011,-1532602.7428535237,-1446810.0816284628,-1260780.2508629288,-982801.97454467812,-618193.32123606163,-168900.22490912021,365186.75059870194,984187.32859363477,1686445.4223798527,2467800.8874276597,3321517.151154846,4238250.9227542458,5205987.4326235801,6209932.1407907521,7232359.3729936369,8252441.5410330249,9246084.2527332902,10185825.432920789,11040903.753458008,11777675.311819976,12360612.886252873,12754094.654648134,12925020.896989603,12845985.069368994,12498463.232468458,11875461.454458587,10983196.325869925,9841545.5862988159,8483205.9678384624,6951685.2698261999,5298440.4629962519,3579579.7393279485,1852581.7171193934,173414.7477056552,-1405691.5284166483,-2837757.6894570887,-4081939.4931893628,-5103985.0027244091,-5876459.594347287,-6378876.9902586453,-6597790.942917875,-6526856.1938892063,-6166859.6847753376,-5525744.4522297308,-4618668.9787776992,-3468133.3907768819,-2104155.6347221606,-564389.21782175289,1106020.3135549906,2855117.7807260607,4625621.912475911,6357356.3674381049,7990545.7451982992,9469637.1279310137,10747102.992661683,11786621.512728248,12565127.061911339,13073460.292607743,13315621.492632566,13306871.416973313,13071053.086782178,12637537.108710911,12038179.597947014,11304681.027123248,10466703.541503772,9550865.6891505923,8580481.6971331947,7575766.9135235967,6554253.1931270482,5531222.115800363,4520025.4446462113,3532105.8834257475,2577829.8809306459,1669200.7070746841,824123.02761715907,70934.276692778541,-549378.57958725805,-987144.12492859003,-1198130.7441195848,-1168884.0453158575,-943236.27517631347,-623759.95948021731,-329647.70943238377,-134810.99448431065,-41271.175104539194,-9189.3028309034253,-1457.0991158541578,-162.6156382621665,-13.544196917708172
0,9.3653848595460172,59.457055403870186,143.48456768903418,-820.6908125763257,-9228.3040948337257,-43920.04382431486,-136289.65147696465,-313015.04159414826,-572364.60421399027,-877847.33036142436,-1174413.3675375872,-1411028.8174171483,-1554804.9143722043,-1593423.0034917498,-1529174.9587227874,-1370574.0697010704,-1126065.8616770227,-800991.97747923364,-397197.15837433864,85678.763063600054,648157.34837553592,1289079.0775499239,2004797.5709677211,2789070.4039996802,3633005.5226937053,4524995.3080450054,5450631.437506292,6392615.490526624,7330696.414533277,8241682.7403650125,9099586.6726133842,9875986.3537111264,10540709.348449765,11062954.518838117,11412917.140146326,11563881.619793702,11494579.559760543,11191491.032258078,10650728.334292386,9879207.240118105,8894910.6191572584,7726194.7294028141,6410227.5976550709,4990778.5535512697,3515652.2951085255,2034082.9502413953,594365.80337559106,-758079.6670907184,-1982130.4025588287,-3041890.7377969674,-3907237.3720269608,-4554110.392944972,-4964658.2850876777,-5127314.3640330294,-5036841.1184922867,-4694373.9540785225,-4107476.8267858541,-3290223.6615711213,-2263283.8289204598,-1053965.4340264504,303887.39505501784,1770280.3014977402,3299906.0079877139,4843568.5503319306,6350245.7241363423,7769695.3286082,9055354.0581681561,10167163.103135973,11073928.104330534,11754887.196727218,12200306.766898453,12411086.93454254,12397514.032341626,12177389.036892906,11773817.672259949,11212949.464479871,10521949.412140548,9727417.143890135,8854349.2774789296,7925592.3524760408,6961657.8716138704,5980749.5235256534,4998883.1783163808,4029995.3282112023,3086019.3648405769,2177929.7251048349,1318515.3178898231,526433.13616746874,-169768.65178742303,-730160.77620515216,-1108106.3047076329,-1264615.3736671212,-1192654.1087848553,-940817.61057308933,-611579.39430880907,-318690.49830219953,-128737.04430076649,-38970.221686085832,-8584.45030514481,-1346.9355637860808,-148.73310282540919,-12.246104929366231
0,8.4913242220321692,52.62969973118075,109.99552641283283,-913.79904161276295,-9298.4611782990469,-43424.515439123817,-133985.32079232828,-307465.75723295374,-563198.96017026296,-866882.98595817853,-1165964.9855897203,-1411528.6979015539,-1572043.9725854537,-1635628.1630208481,-1604329.1715070396,-1486176.7306607948,-1289172.5497100393,-1018318.0565784074,-675153.68336128222,-258943.44012735496,231359.03292846549,795258.70145708974,1429858.7003902728,2129715.1662724474,2886766.5789401322,3690267.0947299893,4526727.6716872146,5379877.3205398479,6230682.750626239,7057472.5204993375,7836222.9848162755,8541066.8665143494,9145085.3136399984,9621430.9889583308,9944784.3086640257,10093078.319648484,10049335.881041218,9803402.0649571959,9353326.3428355735,8706186.670049917,7878210.3388223192,6894154.9056359455,5786014.69539853,4591220.4838895453,3350551.3155019712,2105998.507142534,898790.97554449551,-232259.00495368143,-1252009.0542542515,-2129833.5715918327,-2840128.631551736,-3362567.3617120241,-3682206.4113812274,-3789522.2125251507,-3680433.0842596423,-3356340.7427579188,-2824202.3375972915,-2096623.05774611,-1191929.8370407568,-134164.35742866449,1047095.2381409255,2317184.9623432616,3637183.5057572639,4965188.4683801057,6258045.5553435525,7473436.9781799521,8572141.1520979982,9520205.5132018924,10290770.629146386,10865325.055941626,11234265.633695845,11396734.762011338,11359808.76649021,11137181.398053262,10747539.219514821,10212842.239752622,9556713.2224092558,8803091.152890997,7975223.0116669871,7094989.5764142657,6182502.7577983141,5255898.4481434338,4331243.43583827,3422492.0600038958,2541620.9319821252,1699835.7377095788,910305.67887903284,191872.55530329916,-427576.69611325336,-910434.24339902645,-1214680.4424325572,-1308134.147172611,-1191087.5312318453,-916351.03882773989,-584014.56389687862,-299264.00035324949,-119089.09217397922,-35549.512550319152,-7726.4461294051998,-1196.3278852207764,-130.3367711468731,-10.571525901657584
0,7.729224352878088,48.516384071136102,107.38242676394664,-791.84635271322611,-8366.6327953340569,-39623.669652180564,-123564.2372194726,-286359.16751575161,-529733.17312295781,-823832.51985054207,-1120673.8482773392,-1374550.613267015,-1555291.3912983052,-1650728.7606981432,-1661717.0286934464,-1594964.0775442692,-1457433.7758718263,-1253431.5075036394,-984010.69512598042,-647964.1852714679,-243635.81816301766,229277.18605023724,768829.41098124185,1370647.5262708094,2027835.6020958279,2730904.3898361162,3467727.0509363227,4223537.1655465206,4980999.3999407599,5720398.2195169507,6419991.1671563517,7056574.7690978199,7606294.9727733145,8045716.466987147,8353121.6093720924,8509966.3188851718,8502363.8825917672,8322436.542790575,7969358.5028801402,7449937.8838255974,6778630.7322275024,5976958.4344232511,5072383.9725201093,4096780.4964027568,3084672.6001930526,2071442.0397216694,1091670.6425613246,177749.00685860042,-641173.49985012936,-1339887.8054917355,-1897514.5041752851,-2297665.0837669582,-2528466.933107222,-2582537.7819100455,-2456968.4228726318,-2153351.7915245481,-1677860.8524358994,-1041357.6995568711,-259482.64981353006,647340.19673415634,1654064.9173858527,2731433.1724285837,3846703.4783501877,4964738.0856898837,6049430.7232303377,7065391.1285056798,7979739.8159628892,8763828.2015133798,9394699.0652334578,9856133.1004236657,10139185.62319106,10242179.289748516,10170189.265054019,9934110.1316818707,9549444.654973926,9034968.7984887771,8411428.472873928,7700381.3531804364,6923252.9215585757,6100618.6396257263,5251694.8936936781,4393998.07430341,3543124.1894870494,2712609.25124902,1914127.0020140898,1158790.4087488865,459732.76335631416,-164669.15021122844,-688203.30501251982,-1077010.7693950711,-1295398.3166879867,-1319561.3154396934,-1157787.6712642796,-866071.33717582922,-539322.23649182043,-270801.62094855984,-105775.65568833449,-31024.621046506531,-6628.9136612328111,-1009.1519713971599,-108.06546211969842,-8.5922898726239083
0,6.8981855597984953,45.174149378603175,121.29090449688256,-528.50174946817617,-6698.9332443017529,-33207.790470967346,-106341.25903106132,-251559.32029376729,-473884.40039068466,-749847.83528259909,-1038024.2627916391,-1297122.3181818712,-1498548.409246362,-1629374.6253121416,-1688505.4295682954,-1680604.8649263275,-1611065.9964059403,-1483182.9579909209,-1297379.8825151057,-1051935.4431282871,-744558.1363324048,-374077.53347296122,58654.929990851473,550549.12880924472,1096152.1107012986,1687561.2629142927,2314383.0278317728,2963747.7649884126,3620407.830500531,4266953.1218774971,4884184.5527288346,5451679.5759672476,5948569.3625642937,6354523.1610267973,6650899.7075601704,6821990.9635197064,6856247.4970807182,6747358.6298240172,6495053.110203336,6105506.754022181,5591276.4833847927,4970742.4308206839,4267105.1743253898,3507052.9862523582,2719251.8530533747,1932823.9684449034,1175960.1560246677,474776.68020325428,-147521.65301865284,-671161.67082062422,-1080042.9567255084,-1361774.5384959332,-1507599.172448341,-1512290.0806736168,-1374084.81725532,-1094691.3181466854,-679367.5490174822,-137049.92170909111,519522.28951533389,1273751.8157793847,2105275.2903233762,2990272.5551723964,3902049.277161241,4811914.6018070672,5690332.4181325398,6508271.6433644639,7238643.5852047354,7857687.0706972294,8346168.0368147222,8690275.8493555281,8882139.0367997102,8919920.7489105295,8807508.0696512908,8553850.9931343123,8172051.2049666895,7678315.6076274551,7090891.6951464014,6429073.8918117881,5712340.9385069581,4959649.6678175693,4188889.9589741174,3416486.5805083392,2657119.071571969,1923542.111058105,1226840.0045142598,577734.62052216439,-11118.818175416742,-522534.68133882369,-933085.57756426453,-1214146.1271024398,-1338001.8129138607,-1290535.1411724202,-1088165.4535632608,-788351.40481099568,-477570.82194660167,-233889.34077460866,-89251.268899102302,-25599.248868567403,-5351.4897074786095,-797.12945551912242,-83.482172949378992,-6.462492845256814
0,5.8758657302975728,40.879520421703361,136.36428720764749,-214.37829563661157,-4661.6333333888797,-25226.201683466246,-84523.657397633113,-206584.94332243348,-399974.90566932363,-648904.10975769209,-920177.29360838654,-1178173.6818880113,-1396399.8240099044,-1561101.8133032704,-1668843.0642078798,-1721763.6345284432,-1723288.923011109,-1675465.0091892113,-1578008.1709060345,-1428709.0770283991,-1224697.7427708593,-963954.19164966582,-646184.83150711632,-273072.26510173356,151565.79823299911,621666.32115193619,1128867.800149784,1662526.0670569534,2209816.9233396738,2755953.0382437706,3284543.6735466705,3778123.7985756076,4218862.5097181518,4589440.3505161861,4874052.396467953,5059466.3407670213,5136038.7852513855,5098583.8961010324,4946989.3948065937,4686492.4540317804,4327558.1115026949,3885348.8904456329,3378830.4158543409,2829610.6807875093,2260647.9252360542,1694970.1252168452,1154534.6884891079,659320.72251064074,226705.56772112113,-128871.34595515135,-395994.32870122918,-566181.08548164426,-633704.12000099581,-595409.74589510658,-450599.73434427485,-201010.34620360084,149111.05194110516,592858.20088055602,1120499.6021354536,1719358.1553606733,2373809.2056245441,3065463.0494811544,3773578.8499428863,4475727.2813207908,5148681.0054201074,5769474.0945117753,6316542.4863471156,6770841.9050996294,7116839.768996668,7343288.8613921506,7443713.6906362856,7416569.4720329475,7265073.1967110913,6996742.6507498678,6622714.7333129318,6156928.0829563858,5615258.3062456762,5014675.8560877731,4372480.718454849,3705646.066343572,3030290.3751513325,2361279.5681032501,1711944.8328593904,1093914.6020913543,517410.03001815086,-7546.9455004198171,-469262.71987751086,-852521.98055580829,-1137803.1724542165,-1303083.1438472774,-1329939.0162358503,-1214593.1740488189,-980786.55355620815,-684864.27673345373,-401403.19562602387,-190640.76370547447,-70648.298527301638,-19695.826221667285,-4003.7542837545129,-579.88164335116949,-59.004224728160267,-4.4053469158675309
0,4.6473167213906974,34.649556612860799,139.94559740775139,60.588557049635661,-2664.7146212473622,-16965.644737197501,-61040.778888839282,-156486.84793294795,-314807.74692926445,-528204.25342827966,-772764.83518159087,-1019711.6237261449,-1245493.1318212799,-1435972.37066494,-1585485.3585593554,-1693545.7330001455,-1761445.7379209213,-1789879.6268587357,-1777866.1067821342,-1722819.0130393456,-1621443.9423542009,-1471002.0600653356,-1270125.2142584706,-1019092.0302522754,-720016.79770889459,-376986.02617696888,3869.2338524924085,414374.9042576013,844403.98901123193,1282072.6077397782,1714062.7225100575,2126087.7644004337,2503506.9945651717,2832074.7649704507,3098786.0373152569,3292754.3036618456,3406039.1732110013,3434334.3921432015,3377432.3024081341,3239398.2904444635,3028415.299498518,2756295.8817334361,2437703.01704751,2089164.3064423082,1727994.7650346446,1371252.1727810805,1034835.2500850855,732802.95297433529,476954.24580924847,276665.09300212632,138942.89615805633,68627.721510826552,68656.905311230294,140310.55631670784,283374.80641516746,496189.27925574855,775577.2422480504,1116684.1749976978,1512774.5301096991,1955048.509808854,2432545.9885496343,2932198.3217165628,3439071.6688643759,3936817.76196734,4408318.6803972684,4836481.0111856982,5205114.5223778579,5499815.7843007538,5708776.2209958471,5823437.6000968376,5838934.6725098817,5754285.2337172171,5572320.5562160211,5299377.4356690347,4944801.9698154815,4520325.2616925277,4039376.8639698927,3516390.7534179264,2966153.3304334055,2403228.4916524915,1841488.3210715745,1293760.0885408502,771588.69390054874,285123.91526955465,-156566.61284681133,-544501.29022404354,-868462.40021542634,-1115970.3712345411,-1272392.7288252187,-1323308.536495528,-1260172.1264971045,-1089044.8888701939,-838856.80388366606,-561448.65840531082,-316343.34847134264,-144693.26404193809,-51697.469028975254,-13904.690954816042,-2727.5773918435157,-381.08124634651875,-37.353833401852484,-2.6551816618439936
0,3.3217114448544804,26.633822465728997,126.13962683245335,232.0266899512562,-1063.724305648012,-9689.4807679650403,-39064.322128757442,-107242.42704357224,-227219.44997517625,-398272.94813220354,-605868.20523422258,-828907.53988931759,-1047826.406006453,-1249017.6696849014,-1425233.7760942779,-1573716.5349401245,-1693780.8132657977,-1784861.1171646302,-1845407.9631825509,-1872660.3100425417,-1863153.0949706768,-1813682.8238305983,-1722026.5147323392,-1587228.8862534775,-1409809.0005377599,-1191914.5033164688,-937413.80869954103,-651915.89181619207,-342707.05790527095,-18592.257934662684,310370.93254107336,633255.09637795563,938763.03485127061,1215831.8485952385,1454308.1493444163,1645641.8464085201,1783530.7372823404,1864443.1342462848,1887952.3792995191,1856833.3637056584,1776895.7143135469,1656557.6983968001,1506199.43489526,1337365.9026607298,1161915.0167620382,991212.54478957236,835465.02218414564,703253.65144265653,601297.6650464728,534438.19064525072,505802.28304725164,517082.25280013744,568854.49547516601,660863.50352411414,792213.49479288782,961436.05290163716,1166430.0287665466,1404297.1205737293,1671116.7737237099,1961717.3401543919,2269503.0511954878,2586391.5827819537,2902901.7871386157,3208409.72600995,3491567.0067645828,3740852.5414303597,3945210.9525739979,4094718.7964591375,4181214.6162602548,4198830.523867188,4144372.9872707506,4017517.9467680487,3820808.7283622879,3559468.5092051364,3241058.3427895224,2875022.2895854684,2472165.6089292313,2044110.5625992969,1602772.2043245505,1159890.9685987104,726651.80761531612,313408.48534830264,-70478.064246850772,-416666.66327085916,-717536.81369496812,-965499.63564412319,-1152303.347710365,-1268829.5139607906,-1305955.5359993256,-1257143.0506431016,-1123114.0429652722,-917698.65819808352,-671523.11660787696,-428226.44618608523,-230293.35060285733,-100641.3945632223,-34375.712209256082,-8841.0819378733577,-1658.0874460452385,-221.26582823515324,-20.663404959822177,-1.3733806061661376
0,2.0887853316229479,18.039013458467817,97.70847549208878,281.2813227814658,-56.205633642369094,-4305.2538488964165,-21281.534019482344,-64630.933270408423,-146871.62111922933,-272257.03300488013,-434487.61996515351,-620262.29868669936,-814945.39856382844,-1006649.5534895951,-1187604.6800743311,-1353555.8566007947,-1502336.7452098641,-1632440.4441584079,-1742005.7141006931,-1828372.6719950009,-1888232.0104337709,-1918278.3417395372,-1915804.9222396198,-1878980.2003850543,-1807051.071682795,-1700498.756306208,-1561141.1978627914,-1392173.5461434508,-1198137.6286384675,-984811.94439137902,-759015.09630446881,-528319.13519833016,-300675.26496616693,-83964.55828316063,114500.78956523447,288485.50109577843,433297.55559339031,546157.44054147683,626420.86485592206,675619.27125994582,697303.34692669334,696698.08743841934,680203.42218460189,654796.91650202463,627412.0939325504,604370.41771875496,590936.34529474564,591042.61817861232,607204.31975247979,640609.61154334468,691349.56144191104,758730.85645183385,841607.22472024616,938667.48613300768,1048631.8589347664,1170328.1241735816,1302643.1824073063,1444368.8257349052,1593977.5642957625,1749376.2386864622,1907687.9222268148,2065108.3501022379,2216871.961818784,2357346.705129304,2480258.8579302225,2579031.7839234653,2647207.6945488234,2678910.5255736778,2669301.8263577139,2614981.4791081022,2514291.5939353583,2367494.5060001574,2176812.1093234639,1946329.7958536658,1681781.8871650083,1390244.1172795852,1079764.9776125243,758970.00895893481,436674.91820593626,121540.20503090142,-178203.85822514267,-454940.46387336939,-701738.16847229644,-912285.71040861064,-1080641.3245184266,-1200905.4636472906,-1267146.5831899436,-1273896.5305724875,-1217485.3709886754,-1098402.893922108,-924482.5902112223,-713720.96143472614,-494220.51053645479,-298463.91118885833,-152041.08574738723,-62933.53892863488,-20354.829484106973,-4954.8167209069716,-878.64334896805542,-110.62393284511909,-9.6999524797773216,-0.58728023902392967
0,1.1246577790593117,10.475715929073699,63.822531794585231,236.85455731225017,370.30582093930281,-1106.2554710095042,-9155.0680184849607,-32783.368751938026,-82181.970149157656,-163777.66036821131,-277161.50253039191,-415857.17785772053,-570512.38916017907,-732049.9461435714,-893421.78656074929,-1049934.2911181466,-1198697.0785037323,-1337750.6858220547,-1465247.8154411134,-1578912.0399792546,-1675919.8324272621,-1753272.9748671851,-1808252.2770526574,-1838656.8889761153,-1842980.9709472393,-1820551.5211656506,-1771626.0121460985,-1697444.1045929133,-1600226.3815413506,-1483113.7503894779,-1350043.1958063324,-1205559.049128463,-1054563.6501163894,-902018.02378183068,-752611.24026222934,-610426.19452754338,-478636.55624272511,-359272.61197475455,-253089.68411765547,-159562.50928049572,-77013.317224297949,-2863.8634340720232,66015.938237691691,132904.88245713382,200824.99716677034,272188.07493560907,348541.62628916471,430445.8322402109,517491.67468555411,608447.96006951621,701505.70794332144,794575.46754671726,885587.70824644389,972749.15676709858,1054717.8380991758,1130674.5229007897,1200286.286464592,1263575.6447617933,1320721.9499786757,1371831.2321369392,1416713.4549797552,1454703.4107605023,1484554.0499400711,1504420.3370873756,1511939.3103713233,1504399.4896583974,1478981.3525677773,1433041.5661976968,1364408.1238268227,1271652.6058039062,1154309.4784606826,1013020.1747106946,849589.45360923512,666951.85550886579,469054.95113390166,260673.88058626142,47177.550800827659,-165728.58794535301,-372256.37609548669,-566759.04894385522,-743901.59012822737,-898754.69124043989,-1026786.4875222519,-1123726.4134673784,-1185392.77793489,-1207707.4085334211,-1187110.7692039523,-1121488.9829563717,-1011593.1474541094,-862763.17850897613,-686447.6676645464,-500497.13279706519,-326845.01332969189,-185850.8739715663,-88997.584368210926,-34575.119662791156,-10479.959071882271,-2386.764085574986,-395.01876534974281,-46.203377640826687,-3.727775231484149,-0.19725114097474106
0,0.50432003862751784,5.0758394218498903,34.433224725711788,152.78347225316998,397.3763330069097,253.03629976224371,-2539.4648115486825,-12951.826450296378,-37831.989340906497,-83181.819695023354,-151520.7409283231,-241162.24188582826,-347416.12131201098,-464511.70751095301,-587148.61229964218,-711256.16401241918,-834046.84395346558,-953631.72520689841,-1068466.0386825721,-1176848.8178004376,-1276674.2829750795,-1365592.777079876,-1441319.8076524967,-1501815.6695384572,-1545417.5886696978,-1570944.111798614,-1577773.6255154302,-1565894.1078973745,-1535919.4595125527,-1489067.8506328368,-1427099.1866269445,-1352211.474202041,-1266899.4379477126,-1173782.9733512765,-1075417.736310425,-974104.97033807472,-871721.45254055585,-769591.89942972863,-668423.76995452493,-568317.88156106439,-468858.2301646102,-369272.90453370113,-268646.88285804191,-166158.73101650618,-61308.063755591604,45899.699154287031,154839.61737129671,264242.619815716,372264.23442257679,476636.31152487796,574878.76885576814,664540.10582363291,743432.29698637489,809827.9919724504,862594.7415300844,901251.14224274061,925941.62971527304,937338.26581097406,936487.27963939472,924624.55926122807,902986.67408953933,872642.80528629478,834368.64689099393,788576.90535834583,735311.14436926227,674301.59593234176,605073.74557551672,527094.27857807989,439934.83725255652,343432.8767418986,237830.33308489923,123874.68347018558,2872.0105151900129,-123312.40808069943,-252304.69103685708,-381316.99989463098,-507274.27386192617,-626957.24083389423,-737144.12595279154,-834732.93389163353,-916826.12920154992,-980757.24252279685,-1024032.1781313675,-1044164.9461034209,-1038591.2774726836,-1004916.4393416477,-941574.42385232577,-848838.66969580739,-729972.15687827719,-592146.64369195641,-446606.06954365759,-307472.12565554713,-188826.64508594741,-100570.90673126029,-44941.903730632162,-16237.333754884812,-4562.2454890887357,-959.72252166342059,-145.96023887429405,-15.54026153878088,-1.1184189653993686,-0.047779515332532198
0,0.1831327138137718,1.9960304837645242,14.990397404428485,76.736126841097231,258.08181245745533,495.44765508486529,37.009073659087839,-3284.1379978794671,-13131.904660781547,-33592.321114054452,-67556.335599245649,-115682.75681757007,-176456.20906924427,-247025.28765605352,-324206.4730699092,-405214.60244709236,-487971.39405291894,-571043.62909186073,-653350.81891087058,-733807.80221625767,-811079.12847554288,-883615.58408768428,-949834.13759448379,-1008230.1805128561,-1057459.6134113718,-1096404.6270109746,-1124225.8083776259,-1140399.5997689108,-1144738.5538948483,-1137391.6329944066,-1118822.6226253272,-1089766.3694151295,-1051164.7159431975,-1004086.4813926626,-949638.33137272822,-888875.65265950921,-822724.1748758856,-751923.52362473181,-677002.53302874684,-598292.67158002208,-515980.61285850435,-430194.6832326923,-341113.91057114146,-249083.8058220461,-154720.73486994114,-58987.18021179716,36776.460216493557,130872.01853531324,221316.47655363934,305960.45403100963,382638.06725740572,449329.36078097386,504314.93280946999,546303.90689162153,574520.52163328452,588740.59973561228,589275.90453708265,576910.95221512415,552802.44547164754,518355.21448069747,475090.23684919172,424519.98643479223,368044.2727720851,306876.31890216062,242004.55688474968,174191.03655126452,104002.93918853028,31870.035170859464,-41841.602933311537,-116750.46401310524,-192385.69072925992,-268127.69069276593,-343170.29957657878,-416508.54924547812,-486952.70062107639,-553165.68437490775,-613718.00070178288,-667151.79931236838,-712044.49502739648,-747061.32575877546,-770984.81253171945,-782705.5240629937,-781151.03076276754,-765139.44158442493,-733358.85882857081,-684687.63869204547,-618829.65023210808,-537119.31292343582,-443231.63957711565,-343440.75103221223,-246071.4005889268,-159962.22658742309,-92174.129630272771,-45776.497388762691,-18960.889488793637,-6314.0514975799324,-1625.9593307826285,-311.40554374149264,-42.681381754661366,-4.0143024146064246,-0.24317077369833517,-0.0066806057650228203
0,0.05239588943438394,0.61978977439253424,5.1359994722443512,29.762789041722503,119.38126735280518,320.54922367284621,496.12824596005623,-37.621664512845093,-2766.5228805506322,-9748.8284925305088,-22918.849835065255,-43376.549464755532,-71091.447742515345,-105093.17784455189,-143932.70878066955,-186143.60520663345,-230531.00039349007,-276241.87528902496,-322659.16698648786,-369208.62985143007,-415193.33017761935,-459781.76803073799,-502093.18817078695,-541253.36805875832,-576435.17220337316,-606891.74503848492,-631984.22353724285,-651203.74449717416,-664186.58896065759,-670721.09575827792,-670745.28400380781,-664334.84931782412,-651682.22448228206,-633068.5697655254,-608831.71202333178,-579333.99944097316,-544934.62312669167,-505970.98242044798,-462752.97664774762,-415572.56203744549,-364728.61533348938,-310564.3998065684,-253512.29214063901,-194138.44918192821,-133179.23895596468,-71561.717513740005,-10402.204210947677,49020.151112467516,105314.38624326968,157049.26035162128,202838.0845092556,241427.55251051247,271780.61284749507,293144.22688236472,305094.90229097771,307557.79377231887,300798.4025657223,285389.03258865024,262154.81721664238,232105.94782651006,196363.65796870852,156087.50858726387,112410.68116543382,66388.499493335577,18963.497584733243,-29051.742030631824,-76974.779431458534,-124239.08994562781,-170369.27920140969,-214950.3953762576,-257596.2273193791,-297921.17009387171,-335519.40164029849,-369953.82965797978,-400755.6762310444,-427433.90870985057,-449492.24674678547,-466450.33028883958,-477864.77953931293,-483344.99111478199,-482557.04287251382,-475206.0973748609,-460981.75733044761,-439458.2593106227,-410105.13076703466,-372544.83276590024,-326992.52024119732,-274738.51666943979,-218467.4256879811,-162181.02257539885,-110567.07583614025,-67870.080408123002,-36630.315791215427,-16898.534021041669,-6448.549188724789,-1962.072647617922,-457.51600971067325,-78.406586080033023,-9.4210297778033141,-0.74143647409562252,-0.032294154254108337,0.00015101244695507501
0,0.011518722825644936,0.14811704633952341,1.3511402976072544,8.7637305114907313,40.428687597033672,132.20379058281853,298.9066163067148,411.21127715381266,42.960421698420397,-1554.502973462872,-5260.2843598477748,-11774.438861295126,-21387.371862539687,-33944.886006146495,-48983.947554412814,-65933.081058733442,-84275.512357156302,-103622.56036966589,-123695.94184314671,-144251.9479195195,-165001.77550164747,-185595.06434112889,-205651.15223639068,-224780.08679892993,-242597.80660620384,-258738.98168068405,-272868.40074128006,-284690.8485439549,-293959.02200319519,-300478.93276664166,-304112.33591927396,-304775.9658709314,-302437.72069423523,-297110.36066906713,-288843.70863320568,-277716.6744369361,-263830.60604836972,-247305.43401204239,-228279.79028628918,-206915.72806886683,-183407.88174595303,-157995.98109790549,-130978.74343319552,-102726.50936811241,-73689.735707460277,-44400.699422258847,-15466.486818176681,12447.561010548632,38643.467301342724,62423.505387520068,83127.43823972519,100170.4732298399,113078.08407341104,121514.18162553334,125299.91029947156,124421.45650709393,119026.49757097458,109410.11283503157,95991.979053546005,79287.3818515483,59874.953720560006,38364.085838960971,15364.695220249163,-8538.4762061369547,-32805.51865921999,-56954.198039822186,-80565.952843812542,-103285.67948289856,-124816.48760883139,-144910.99685454532,-163360.94399514853,-179986.85409627666,-194629.2901480924,-207142.7662545066,-217392.85234062726,-225256.41167111261,-230624.37183900832,-233405.97280819571,-233533.01202027148,-230962.08728923358,-225671.9670518171,-217651.52551728301,-206870.19592907856,-193226.72022761355,-176563.51944084989,-156811.64426355989,-134213.47568648792,-109537.13104488103,-84170.924239335465,-59990.927956082269,-38964.206693004053,-22587.303150052157,-11402.931906362879,-4870.9090310194424,-1702.8677909725832,-469.19562604149814,-97.675456311512903,-14.621041716311769,-1.4664860562092872,-0.083788579055198154,-0.00062329030226233591,0.00031280790060526714
0,0.0019055139907527545,0.026653554704893365,0.26701318260795404,1.923020487009081,9.9997348304221774,37.793039134600363,104.20219552143462,206.55726029942878,268.35929834566747,101.1978842945109,-570.66148123847984,-2022.9009615286936,-4435.0744926056932,-7843.1636501551857,-12157.311272788915,-17220.395792031515,-22869.50610331885,-28973.089794314245,-35435.554534538445,-42176.84220543447,-49105.228070740042,-56108.874925514487,-63064.206066199236,-69841.607502357976,-76309.527029914694,-82338.12128666426,-87802.737174558759,-92587.200785768189,-96586.764773920455,-99710.535661511996,-101883.22604535217,-103046.13834090097,-103157.37898974722,-102191.41391902538,-100138.18955453421,-97002.135372842531,-92801.41081207963,-87567.744279401712,-81347.127256436375,-74201.474273715794,-66211.152755499701,-57478.051976498376,-48128.638169486039,-38316.283386433337,-28222.104588370486,-18053.633919790263,-8040.8584594458325,1570.5119531172227,10528.318016742143,18585.168743378847,25510.706128261812,31103.830395330235,35203.754275894215,37698.859091445949,38532.560039536853,37705.710981262455,35275.440280901646,31350.656449391598,26084.753032459797,19666.25213994068,12308.241018872377,4237.4764053833669,-4316.0312040377457,-13128.269727352987,-21988.804337939007,-30706.371537660649,-39112.381390485585,-47062.416058909774,-54435.984862521334,-61134.931025652513,-67080.968726869105,-72212.850052609589,-76483.616710086368,-79858.290241974857,-82312.215585771395,-83830.119914083451,-84405.797904076535,-84042.190917446467,-82751.474633826205,-80554.568053377559,-77479.135756148404,-73554.479044668144,-68800.224728188186,-63207.029206159532,-56744.484441363835,-49418.771464818245,-41353.975245564725,-32860.762564001459,-24449.956284853386,-16757.048501267851,-10379.28075687805,-5683.0219482205284,-2680.6720829408077,-1057.1335630776159,-336.59553446331154,-83.088959579112654,-15.134374844806194,-1.8951932420208555,-0.13993166167209639,-0.0020738214785669495,0.00073680012699438389,7.6418280739400408e-05
0,0.00023359638159276325,0.0035525111834468184,0.038968889629270004,0.30953018739397564,1.790139078629843,7.6121255511336461,24.089871066601745,57.267669236322043,101.62380683881847,126.35726850515954,72.519503108861826,-131.7925903491755,-546.34329069585328,-1199.790879708173,-2086.6586225080569,-3178.2098906254064,-4438.1057261613878,-5834.173175171607,-7342.2118119918005,-8942.5374624210599,-10613.51668379096,-12328.930630626166,-14059.517846660519,-15774.030960014652,-17439.99684276908,-19024.449303100508,-20494.696367907098,-21819.110639139464,-22967.904195629366,-23913.843719045268,-24632.86651282369,-25104.569969141005,-25312.564213690464,-25244.698562952111,-24893.194060232567,-24254.732405789808,-23330.561069156072,-22126.671445123633,-20654.089819673361,-18929.290773930399,-16974.70290491878,-14819.233215788963,-12498.696816902966,-10056.011739142952,-7541.0130534808995,-5009.7615515930365,-2523.2698318605762,-145.63675657468147,2058.3408748227885,4025.9356078326159,5699.431762421691,7029.0035970573808,7975.2840069012991,8511.40332371558,8624.3289953933745,8315.4062167603461,7600.0765972509598,6506.8260580839888,5075.4755451853853,3354.9734965512293,1400.8745602954416,-727.30455064455816,-2968.6714753258302,-5263.3298132782838,-7554.4117478469116,-9789.6862567573353,-11922.699172040631,-13913.443229792538,-15728.595338653431,-17341.391037497335,-18731.228928588949,-19883.107994117745,-20786.99740777467,-21437.223235100744,-21831.932541056118,-21972.66645766237,-21864.042300521447,-21513.511351307629,-20931.120502348425,-20129.153231196527,-19121.434264138519,-17921.8930710436,-16541.533733443903,-14983.249830736153,-13244.47611865046,-11333.232382592763,-9289.0997084321662,-7198.6151840322245,-5193.8806725578033,-3427.1862081104655,-2025.9966864167195,-1047.8004121860495,-461.21109267489601,-167.31067122001849,-48.141610882261226,-10.473731006237616,-1.6079072657884048,-0.15085669515502517,-0.0038080430127302514,0.001069000193640827,0.00017082010308296875,1.0538060266791706e-05
0,2.1023185816276671e-05,0.00034704444699995568,0.0041532296087920069,0.036152129186028045,0.23012884095007077,1.0823698780110711,3.8164396150045872,10.252842819786387,21.252923734807563,33.943720348243843,39.897572023850238,26.507452320561018,-18.774612887578819,-104.10411346044718,-231.40684830233528,-397.50097574731052,-596.78252844809015,-823.67954609658852,-1073.7907210188882,-1343.593147429084,-1629.3905218607481,-1926.7720735452658,-2230.7923538661316,-2536.0959100891905,-2837.0087571009403,-3127.6394525184219,-3401.9983995740927,-3654.1322397062945,-3878.2660817050501,-4068.945531916901,-4221.1712777566181,-4330.5206410775263,-4393.2527988957745,-4406.397093012697,-4367.8266991336259,-4276.3223770260947,-4131.6323961299449,-3934.5344290635931,-3686.9029208410552,-3391.7813325355164,-3053.4533010640021,-2677.5010677797645,-2270.834603702825,-1841.671882073028,-1399.4507870468763,-954.65689209076993,-518.55879237969089,-102.85299199157743,280.76803138696971,621.09995472317075,907.92972926010862,1132.5197293476483,1288.0347200404049,1369.8776973079164,1375.9087492051535,1306.5317902139661,1164.6457906952035,955.46842833780443,686.24965261137049,365.89964288556473,4.5597224887398093,-386.85389947971316,-797.10477127759816,-1215.0634123488462,-1630.0856579148981,-2032.3260714623709,-2412.9764233447695,-2764.4256224025644,-3080.3437522132936,-3355.6984274712995,-3586.7159678685312,-3770.8024295770088,-3906.4401621873203,-3993.0743543268727,-4031.0012990023947,-4021.2661964557192,-3965.573547057917,-3866.2076754473269,-3725.9543084781067,-3548.0047646860894,-3335.80758534303,-3092.7958991029855,-2821.8259211373174,-2524.2022324019836,-2200.2589221187609,-1852.4483855227938,-1489.1034849011562,-1126.7920545090935,-789.23790660224802,-501.83800500284195,-283.2600884516475,-138.30994258775411,-56.684707136447287,-18.807522344509568,-4.8258681791762399,-0.8961318977860121,-0.10537984991676842,-0.0041250809733152068,0.0009587730594186447,0.00020721421993265325,2.1054618590510187e-05,9.457150579718335e-07
0,1.3819950423938177e-06,2.4701043761715896e-05,0.00032115923216880155,0.0030447419492602625,0.021146426798148359,0.10865527462265917,0.41921147752005194,1.2368424149621524,2.8429017852978742,5.1622613930136083,7.4079291979853279,8.0851097184151328,5.4568816715279347,-1.8280126302888329,-14.352265792408158,-31.958420860811586,-54.058025942113318,-79.974846551965229,-109.14272894383168,-141.11137290446052,-175.43048271698436,-211.57486968044444,-248.95526415966748,-286.92634434092577,-324.79317264032801,-361.82053395106851,-397.2458809476945,-430.29534540914466,-460.20185680715889,-486.22433950497253,-507.66704532538478,-523.89824065218636,-534.36767740725713,-538.62252038813097,-536.32165787372787,-527.24854715387812,-511.32288272945033,-488.61136195449734,-459.33762490871828,-423.89107222316034,-382.83377680835622,-336.90420068133636,-287.0160210943713,-234.25017339468954,-179.83832641300299,-125.13647600861108,-71.588169303906639,-20.677972100613154,26.122991380933314,67.416463329992666,101.93761929342701,128.61251410916537,146.60818885635354,155.37174036423872,154.65556679521831,144.52717587497472,125.36321475777953,97.828595664679852,62.842620828952754,21.534768736954788,-24.806735554932821,-74.790263294916144,-126.97679495008285,-179.93360900289161,-232.28304968734403,-282.7442938725448,-330.16665178089818,-373.55361771659676,-412.07758997427169,-445.08584262713686,-472.09889143936823,-492.8027968543949,-507.03715503045765,-514.78053052960786,-516.1348898866828,-511.31022627905742,-500.61005595592388,-484.41783886708441,-463.18359459018296,-437.40884547777563,-407.62590730232904,-374.36271802003773,-338.0712292841917,-299.00040166192071,-257.28136074601071,-213.3368572788041,-168.34691285663862,-124.48957768865471,-84.707123563069175,-51.922236972244704,-27.97563394720089,-12.875559978941951,-4.8911391545807179,-1.4681873641146264,-0.32697794308416928,-0.047807857505863124,-0.0027681295988417958,0.0005242835119541702,0.00015669986797019826,2.0528334495468688e-05,1.6791232074102981e-06,5.7842002865384932e-08
0,3.8665626607832415e-08,8.4055923118384603e-07,1.3128246793773311e-05,0.00014749122234734773,0.001196588558751906,0.0070792844106536664,0.031025711902846025,0.10280236984385689,0.26343022052431969,0.53340354749407026,0.86718937971845034,1.1350576657106426,1.1586184129467203,0.77859073612077134,-0.092681211569418651,-1.4622624036377119,-3.2836551867301549,-5.4935636648625268,-8.0364510213286611,-10.869130062413607,-13.950665038970657,-17.234203519798559,-20.667219510298857,-24.191588602554937,-27.743734369953582,-31.255214337903123,-34.653761676560649,-37.864714148244701,-40.812734923647454,-43.423726656752635,-45.626847017849251,-47.356545137595866,-48.554552005563892,-49.171772954028818,-49.170046085326753,-48.523744888125492,-47.221212996701396,-45.266019923132347,-42.678015639349731,-39.494139091425893,-35.768905275471859,-31.574464830999194,-27.000108176213377,-22.151081206036398,-17.14659770506951,-12.116977881192918,-7.1999116987531568,-2.5359335441690436,1.7367104237990558,5.487534221315296,8.5992917516131797,10.973103643116239,12.532880853621004,13.228742533328141,13.039203601089209,11.972004522797793,10.063559124230361,7.3770938533707735,3.9996342355118366,0.038055409313062817,-4.3855477482126748,-9.1388976231166641,-14.084704265076891,-19.085708798393444,-24.009364286854566,-28.731953848290413,-33.141991018855215,-37.142800983936226,-40.654240261067947,-43.61357217952856,-45.975570615814604,-47.711969597930235,-48.810406952475148,-49.27302283925394,-49.11486732077303,-48.362246035759838,-47.051092733096482,-45.225405072918228,-42.935713668262707,-40.237456331758921,-37.188945326213286,-33.848190737749086,-30.266308199566364,-26.47337230920493,-22.486946235867336,-18.35430581534078,-14.196870346268645,-10.228558701263754,-6.7245710014895286,-3.9375892477789378,-1.9958232966596809,-0.84603322600127273,-0.2870070215286622,-0.073073808382279101,-0.012323059005833251,-0.00082235852956022578,0.00018531293255266991,6.3883535432970556e-05,9.6167474451702484e-06,8.9495874997125031e-07,5.5732801925417462e-08,0
