0,0,0,0,0,0,0,0,0,0,0,0,0,0,0,0,0,0,0,0,0,0,0,0,0,0,0,0,0,0,0,0,0,0,0,0,0,0,0,0,0,0,0,0,0,0,0,0,0,0,0,0,0,0,0,0,0,0,0,0,0,0,0,0,0,0,0,0,0,0,0,0,0,0,0,0,0,0,0,0,0,0,0,0,0,0,0,0,0,0,0,0,0,0,0,0,0,0,0,0,0,0,0
0,5.9302620991207827e-07,1.1572334595903502e-05,0.00016439143426717808,0.0017050271041779495,0.012990901638096915,0.073603640415151952,0.31590771417580338,1.0520387409173357,2.7941727424863241,6.0913078341420102,11.209855357566695,17.87654939658993,25.293969167267065,32.423219538536323,38.339738189507941,42.465755768070494,44.610479750015365,44.869511743711577,43.477830147029557,40.690139846157578,36.722330594596251,31.754439118387257,25.952749112103469,19.48056490186865,12.502050214010923,5.1824935459551096,-2.3134239829196654,-9.8244555961588453,-17.196113499087023,-24.284061976644111,-30.957259152606934,-37.100613540681493,-42.617002404068685,-47.428587341375859,-51.477466921709478,-54.72583513462601,-57.155976213965779,-58.770630121588439,-59.594513068943122,-59.678061177187224,-59.104718985356335,-58.00312340759978,-56.564838658304289,-55.065719551242438,-53.882048635686807,-53.476553573529976,-54.296650726288483,-56.470993700120111,-59.12798747379987,-59.227412752245435,-50.561346408191262,-26.860883308752719,-2.7381874254049943,-7.415381051276511,-7.6765702054847429,-3.1318139017364199,-20.461056803234097,-41.60964197491942,-49.536350713744845,-49.377385717512318,-46.764870446711861,-44.511929556010408,-43.44132659813561,-43.454935803442964,-44.165990193761019,-45.18029773423531,-46.188633376132458,-46.976909970181588,-47.408399171950208,-47.401481147831234,-46.911259376934098,-45.91682271333471,-44.413505221341183,-42.408848753141825,-39.921014151246766,-36.978640810833809,-33.621436846140114,-29.901033247943626,-25.881842306356582,-21.641822992451445,-17.273172025874448,-12.883016712584777,-8.5941373877827534,-4.5466371207013347,-0.90685631090162777,2.1270827970902983,4.3450421423983157,5.5800895935998671,5.7878042277725674,5.1114304165981501,3.8806484596917903,2.5155279521236258,1.3710504302876831,0.61555355382509425,0.2223457001377602,0.063048221990334163,0.01371177263169532,0.0022424620148939743,0.00027178942966586727,2.4195606858056663e-05,1.5745135101597688e-06,4.3861647430417505e-08
0,1.1580879730445203e-05,0.00021001251868657016,0.0027700363395326494,0.026687628429924348,0.18921509924815152,1.0008341665673832,4.0291150049940159,12.65990837908979,31.937419522101933,66.591757263694618,118.00498451190344,182.32385447310511,251.25805113200951,315.00091954664117,365.37116154209002,397.61205068603988,410.48576504727924,405.24123375191255,384.2865528145793,350.16555618200658,305.08268108169068,250.93192912007041,189.47136380631116,122.41048357542621,51.440353562595917,-21.767154730311024,-95.577520651332108,-168.42097471273706,-238.82356119266888,-305.4377707949472,-367.06967904026408,-422.70036878831843,-471.50022724875572,-512.8355899379917,-546.26823012136583,-571.54944795561255,-588.6120927872928,-597.56588618747844,-598.70402101516413,-592.53223701750312,-579.83509232063273,-561.79661104731849,-540.18990619613112,-517.63272352530828,-497.85014086300799,-485.7439159785128,-486.75219197261663,-504.37224982887739,-533.80545979847432,-549.31533066270936,-487.63448893963846,-257.37438708687199,88.353778276905572,124.55298131815239,121.99544853236522,85.150028835729842,-193.51653039103911,-404.21339038876812,-462.71631480888692,-449.24345107778453,-421.74318340655037,-404.00644089681748,-400.53258845215669,-408.2305732356923,-422.32470848016072,-438.63646101918704,-454.14556612497989,-466.88953477470142,-475.68738601090178,-479.87588682691882,-479.11290575583433,-473.25006238996951,-462.2604122699862,-446.20469849011107,-425.22221322384286,-399.53578341303796,-369.463552517675,-335.43277560719952,-297.99279980314424,-257.82581485554181,-215.75477629405881,-172.74782098193145,-129.91650861584492,-88.512519759504912,-50.005059693331312,-16.17633797611866,10.967735942028774,29.596030708178301,38.721893149075207,38.878538040472407,32.359618144700718,22.670689108294891,13.291001015676509,6.4175275978949866,2.4979722321799027,0.76529511161866515,0.18023329654266551,0.031960969903256489,0.0042006041313667189,0.00040504062060914102,2.8488358354488745e-05,9.6226611459283157e-07
0,0.00016473639675488238,0.0027738760147065309,0.033913303004748097,0.30274123919064372,1.9908220146614581,9.7923617423634113,36.814556962332638,108.6328919753732,259.05811884096022,514.17255935114463,873.29018399600011,1301.4031694267023,1739.1839229386862,2123.3788380772476,2405.2689299547783,2559.3698523487378,2582.0113767606549,2484.0858662032206,2282.8816128469552,1996.1956807994918,1639.7893567262406,1227.5840398936978,772.55878413477637,287.21035071755381,-216.30105483634628,-726.18499771242512,-1231.1551691051868,-1720.6145607192966,-2184.8555117144388,-2615.2476439749666,-3004.3934244409011,-3346.2368673781339,-3636.1165987047088,-3870.76059604289,-4048.2268877602601,-4167.802879657218,-4229.8865685298988,-4235.8868491839094,-4188.1988652584969,-4090.3354995568338,-3947.3279162301001,-3766.5419919895317,-3559.0744515335605,-3341.8371551089367,-3140.1698056991213,-2990.0177578437583,-2936.6994719117261,-3022.8622963368944,-3249.9393677098933,-3486.6529320121881,-3304.0199315542745,-1835.5706340730046,1617.2459624897824,2758.8408635677929,2748.0759016341622,1613.6445678083462,-1385.1184760495389,-2769.0492038615957,-2964.3328426433359,-2762.9168040775794,-2560.9969499840108,-2479.1659401475799,-2515.5001681592757,-2631.0071683639048,-2785.4278238603583,-2948.1489627653054,-3099.0043434738559,-3225.9365277498896,-3322.3124995586491,-3384.7873914295592,-3411.855431329674,-3402.9778193369389,-3358.1282210292961,-3277.6151327208891,-3162.0741628148144,-3012.5544126601803,-2830.6474649831653,-2618.6252932504481,-2379.5660221935614,-2117.4546591457947,-1837.2492092464763,-1544.8980600816587,-1247.2733077165035,-952.0301851641176,-668.0690047306507,-406.43853025227401,-180.40931406517674,-3.7340064594927593,113.1020949054743,167.55725331567635,168.21442293269598,133.76290942731211,86.934188229913232,46.094210831076154,19.636202170825054,6.5784632980441602,1.6937085072744757,0.32809772764194045,0.047025326542782013,0.0049314058814561683,0.00037590665401781025,1.5199412874927348e-05
0,0.0017123480341225004,0.026784915753777672,0.30343607727885624,2.5069589807551562,15.261104135782949,69.621671590540956,243.64277080565913,672.66390579581469,1510.1601424838873,2840.7489050101635,4603.3782294550256,6585.5950721766776,8492.8972837061956,10045.139557968167,11047.791305571547,11415.510789101618,11155.743624740317,10333.562699174849,9037.2196429049,7355.3431353214464,5368.0584292752465,3147.8863613248268,762.64885603543144,-1723.0106087970614,-4247.2523867848849,-6751.3611480332611,-9180.455573586516,-11484.371922494402,-13618.55953928394,-15544.863812141761,-17232.103380065844,-18656.376501704235,-19801.059986604098,-20656.493363566948,-21219.373978139884,-21491.927118142095,-21480.964293605877,-21197.008427419016,-20653.758004849846,-19868.297226710896,-18862.651667732549,-17667.543329042426,-16329.474291757479,-14922.385895797021,-13564.562914565033,-12438.776630603244,-11805.550439629542,-11978.665169332669,-13185.052801102702,-15140.371339770592,-16048.651146610806,-10802.051915167955,10360.194352452221,20604.262798438664,20639.534849377367,10526.082482740121,-8500.3748812084777,-13659.950180693224,-13022.1448750983,-11362.45777003725,-10345.754473875693,-10222.303404755945,-10772.562401865658,-11705.622918459107,-12788.390458708798,-13865.945835990957,-14846.881301078831,-15682.703370339334,-16350.709282038992,-16842.103528132651,-17154.633216888335,-17288.510585524717,-17244.527621924881,-17023.544641181041,-16626.785812657821,-16056.562022637718,-15317.171138909393,-14415.812124443759,-13363.405245154152,-12175.241895829588,-10871.392224031253,-9476.7609867477113,-8020.5570477870397,-6535.1580733996525,-5058.0148746662398,-3636.976669655523,-2333.6208955187722,-1219.4552804740276,-362.20889322132535,195.84476812076085,459.11286376182335,486.45504351997192,375.52030567500321,226.96823436632812,108.28353478597845,40.280053515789625,11.457245300689943,2.4421629687794608,0.3835615854503181,0.043872820049300612,0.003629685214794641,0.00017318284481484148
0,0.013088883279292366,0.19054138889379654,2.0022675538949866,15.314589042875491,86.257835593133649,364.49585481471996,1184.895723155194,3052.2264174522279,6428.7419547901818,11414.365460805016,17564.627487602196,23993.49689343874,29677.481899345054,33763.627908876435,35742.173320632515,35462.052827459178,33043.956096713358,28761.473415046719,22941.093054903242,15903.320128127632,7943.4433315320484,-665.78110538039596,-9669.0123540530276,-18825.567759207046,-27909.383124026164,-36710.76423296782,-45039.094807128349,-52725.8490394072,-59627.388920906866,-65627.140439221839,-70636.848087327191,-74596.707570042912,-77474.277395051744,-79262.169726293025,-79974.62943142069,-79643.231438799165,-78312.081663670979,-76033.118267299651,-72862.430761130687,-68859.015829418262,-64088.179873488356,-58633.000678818637,-52618.949087142602,-46258.745464815191,-39925.692928517587,-34260.464036338919,-30298.455490782737,-29546.389552295786,-33776.281899498164,-43909.085880769795,-56484.610558300781,-54587.608443022837,11675.39982822624,53272.661039480889,53923.14575411415,13246.43310083102,-45914.350760091256,-49020.269713822643,-38302.671185458777,-29722.764034801043,-26430.343381510738,-27469.695528618373,-31137.974923864876,-36029.844829239788,-41217.028950352789,-46163.52717078806,-50596.453306820978,-54399.052197953635,-57537.138142894539,-60013.571742530032,-61842.562317879238,-63036.875283177556,-63603.011978504474,-63541.097506071797,-62847.390912654693,-61518.100143290059,-59553.662773348398,-56962.944732837714,-53766.976830393673,-50001.924875557444,-45720.966045477559,-40994.570304500739,-35908.215635003129,-30557.322910992429,-25052.663558815817,-19541.041007329648,-14225.595310731454,-9367.6618648586445,-5255.7911459906736,-2138.5918274497812,-138.05685588750154,817.23585824293184,991.17849185111641,749.56948533118896,418.07889628873181,176.70604490488634,56.269567300892021,13.29978557429548,2.2985997505712681,0.28730126409948697,0.02580151419508055,0.0014303958006378315
0,0.074493053613018057,1.0125760583339671,9.8964920460729164,70.21470376511634,366.34787176293821,1434.3881571822383,4328.8475068841326,10387.392129712069,20471.025351619664,34175.851243023666,49686.767722823883,64387.089361333768,75753.013778788227,82010.457974004254,82351.664016775336,76803.124324137694,65938.509167325145,50594.519543458337,31671.449226540029,10035.824837687371,-13500.464454016079,-38175.773019796965,-63278.584987308612,-88147.010166896289,-112172.14006314956,-134804.34087710804,-155560.84101217648,-174033.16999374036,-189893.22695487892,-202897.0339921407,-212885.48751068881,-219781.70003787053,-223584.7710856786,-224360.07983133566,-222226.42993202576,-217340.64779090803,-209880.55451732693,-200027.69952008454,-187951.99238904132,-173801.66428248605,-157704.22012779821,-139787.82573112391,-120238.71248789427,-99419.518789622307,-78085.993526714228,-57751.351482664468,-41242.770279711855,-33421.730310779967,-41751.964630993993,-75498.720969459886,-139804.36863182377,-214151.22346664127,-187690.63035518827,-136452.69346711269,-133082.49153970362,-180751.43513326693,-189628.21959471219,-123560.45585444265,-66962.175418222512,-38812.231299435967,-33716.821756628291,-42607.374259086653,-58336.636962003387,-76368.930188449274,-94184.978939177148,-110561.16634568715,-125018.13413746665,-137460.1871778722,-147959.5892474502,-156636.81222417849,-163600.05028889948,-168919.78577477115,-172623.39579070522,-174700.80493396506,-175115.86130188077,-173820.27789663896,-170768.19822714361,-165930.12194641214,-159305.25537105036,-150931.4533865327,-140891.75967767887,-129316.02775373244,-116374.88430754721,-102265.18037073787,-87220.346102522453,-71565.31428528174,-55785.830692038056,-40568.406448518552,-26766.832765466028,-15265.427761863102,-6747.614678162925,-1441.2297582316746,1026.7569688549743,1534.2514308691586,1116.7977115659412,559.59699596330756,203.37945422448445,53.786468823822851,10.267262599363221,1.4031788361422182,0.13661988861770291,0.0086600023680736236
0,0.32164647620992615,4.1019473597672018,37.448960911103541,247.38234212111246,1199.2223221915342,4359.5737314094413,12225.764241370996,27317.34146197516,50273.777613072634,78615.930379540383,107330.49918243852,130768.96874491831,144476.31708981941,146059.82726586724,135098.70041442325,112553.98853218745,80115.834481045385,39718.596889501001,-6721.6926880776027,-57389.463565240549,-110558.6072126178,-164593.55821977745,-217976.22784486413,-269317.86343984329,-317372.60734790401,-361053.46436580317,-399448.19346622931,-431832.67357735906,-457679.59760917397,-476660.90725337464,-488642.87646118569,-493673.346658219,-491961.0477874552,-483847.41841474397,-469771.68389710528,-450230.35315016372,-425732.68476469634,-396754.31918923964,-363692.42654400429,-326827.96615027485,-286304.98139699391,-242144.89744169926,-194328.38673796653,-143002.89739396464,-88916.86870525367,-34248.858040954845,15907.948360007938,51059.570197939436,51542.289234674157,-16091.393005998501,-201142.2937984796,-554956.86625010672,-1056849.5905268909,-1242545.1137011361,-1233340.4134771766,-1039897.6788895535,-502311.37454891525,-177912.14271085127,-14982.296469828641,37993.634102695578,29325.546547725895,-8638.4718483208435,-57178.22466687308,-106579.52415534934,-152417.55204341537,-193120.27735283211,-228516.6881556318,-259024.58952344945,-285221.71320273145,-307635.89508201974,-326656.30491741712,-342509.70378512086,-355270.59866140713,-364888.32881566824,-371221.86989251687,-374077.28345579666,-373244.83295877418,-368533.78768005734,-359803.31051498879,-346987.78671693936,-330114.47604053881,-309310.221044529,-284791.64130741253,-256836.42534809795,-225795.24917151721,-192193.98813986289,-156890.9756315983,-121215.82688739321,-87000.480249539876,-56413.598729601545,-31547.536676993936,-13810.644959366267,-3347.4962595363872,1146.969296646163,1941.8750853798599,1281.0324722786595,549.86184619846938,164.77202240104791,34.87231424888521,5.2090123018975412,0.54845055997657255,0.039114106722492978
0,1.0794353932934313,12.993045643864095,111.44018858680646,689.02744224959088,3117.5478437869388,10560.457683328354,27581.790953865704,57417.751491624484,98511.189693192355,143630.69372744084,182575.24364096017,206182.49863480838,208948.25626501226,189418.61353193028,149125.07979374577,91174.258431468494,19167.999093634153,-63372.695026443049,-153180.53452967605,-247191.91582263901,-342457.12117085594,-436169.85527488898,-525757.27277452068,-608918.10489099915,-683654.42425599042,-748301.67541686376,-801553.83579276223,-842480.31207209977,-870531.80852527404,-885533.20275967463,-887662.41569064162,-877415.07525045413,-855555.47609484615,-823054.8769454502,-781018.59666221589,-730603.55937285849,-672928.134575465,-608976.34870353946,-539499.52868154913,-464920.67532094137,-385252.3592807384,-300050.19038448599,-208446.9895246237,-109357.59784601961,-2030.0048447538929,112721.96257158391,229978.61711405325,335730.78814070282,397466.07601401408,347065.5808138795,51311.96278324665,-734600.70620709483,-2426735.7720331787,-3259085.1243050806,-3245622.4445347632,-2406806.596110112,-649225.95194137865,65552.41740841289,314211.13510262768,335395.74718475738,257793.21975874505,146488.96316634986,31976.893500180624,-73161.539837828343,-165129.98474767173,-244103.19156583466,-311777.60463148064,-370180.70337686711,-421133.17541425675,-466040.71811063698,-505847.15790483222,-541063.32877338619,-571829.35409034404,-597989.94728907035,-619173.14830796386,-634867.88102673052,-644497.87795619702,-647490.09397193836,-643335.75284557685,-631641.57144931168,-612167.82059945946,-584847.91436895577,-549780.98543252365,-507192.10700413608,-457433.94504943053,-401118.85111271468,-339372.96450577222,-274130.142586375,-208342.20848306813,-145941.71668202637,-91376.438521400341,-48616.603000533978,-19817.459745429765,-4270.6052253289663,1482.1360551056505,2057.4208907094458,1126.7976669761983,390.95278477069667,92.235109636419438,15.047102737034679,1.7072773881151331,0.13487785182580495
0,2.8947287328406319,33.111136871133752,268.592679152492,1564.2866479272702,6643.8709352903024,21069.192243726891,51411.136044663057,99804.035701407498,159283.29771188577,215065.19995894335,250974.22203173011,255725.27538590415,225349.64051973366,161951.79520140812,70972.521010047349,-41196.999737641061,-168544.26121077893,-305824.7750138999,-448413.074557268,-591991.23585901549,-732354.28553922556,-865510.84844337695,-987874.72696801089,-1096338.4294715547,-1188326.3672354741,-1261838.0833960106,-1315477.8592304066,-1348466.7914527035,-1360634.8300924159,-1352391.2198398018,-1324673.2828211307,-1278874.3430079932,-1216752.4002754183,-1140321.7760847732,-1051729.9263309208,-953121.51433576515,-846490.86396278825,-733523.3321498459,-615425.09529288509,-492741.40114580985,-365165.81320930185,-231352.11859814142,-88762.04907626225,66368.513586218207,238757.41127074161,433090.44812291756,651461.28026816505,887444.43129077309,1113091.0172671054,1251152.5203760131,1116445.0129168432,292193.10787659889,-2132953.553860114,-3482770.7812921456,-3479166.107293345,-2144107.6637252765,390406.90768403595,1086907.5692822428,1143826.4694794086,959746.80805777083,709621.09560458036,465004.33262236521,250589.67545351366,70765.418175538158,-78047.47342384576,-201814.03737686278,-306493.05199977173,-397123.79859681299,-477575.52681337955,-550575.68968733563,-617842.05662044743,-680243.4252567417,-737959.65028756857,-790631.84546312597,-837501.43392281537,-877538.9907917066,-909563.76735496055,-932353.79435638583,-944745.20422685251,-945718.00724039401,-934464.00329629926,-910430.15657330921,-873327.03148906014,-823092.60050085781,-759864.56097162608,-684082.23264143791,-596784.13306814502,-500058.36955868622,-397539.06636464043,-294741.49658823898,-198884.26092183957,-117777.64412080264,-57637.319526879954,-20520.408275622452,-3066.5310699896431,1928.7439917716802,1745.0117526648171,733.15653407491914,194.7813053404258,34.704732047385313,4.227637838652301,0.36471247619345382
0,6.385822231269989,69.906314294152452,540.17346473902512,2983.976717525089,11972.591065453787,35732.174338356199,81742.708601890932,148078.88667985136,218988.00703685495,270643.89511727868,282272.55388221046,243777.93348939976,156318.95339567112,28258.561366980728,-129587.25044992093,-307083.33941038261,-495937.6108684931,-689545.53674243356,-882306.64945344662,-1068978.4805392243,-1244398.3686020365,-1403710.000190899,-1542683.7593272806,-1657823.8330339529,-1746437.1161718483,-1806681.0935147845,-1837586.6304509556,-1839052.0091283144,-1811807.1737520702,-1757347.9067689346,-1677841.9333137437,-1576009.161025408,-1454979.7391244089,-1318133.514242667,-1168924.2937540978,-1010690.9904362106,-846455.68881923042,-678705.98600285128,-509155.02402620041,-338468.34119406494,-165941.78515197759,10887.63354739747,196712.33285897315,398999.12555104092,628539.56016016577,899779.04075368191,1230328.2427211031,1638212.0986773609,2133491.6767557929,2696541.3429922438,3225318.8393985117,3410947.2078243326,2446794.7539126184,1696051.1434225286,1665668.8567532054,2348922.4398355172,3465658.3695535995,3103002.8663706658,2471817.1165554426,1849929.2755250682,1323666.8309773849,904775.6301870686,579167.19069674413,326560.89736969059,127814.63486617169,-32830.217584898281,-167490.92474456687,-285065.33824590594,-391806.32072890503,-491855.97241228883,-587687.92567953025,-680459.66914161097,-770294.37306870217,-856512.65427190019,-937831.28639957693,-1012540.1008085392,-1078664.1064838392,-1134113.5759585055,-1176822.1747813846,-1204870.3515492489,-1216589.3600937487,-1210638.8391076275,-1186047.7699453016,-1142203.7482346327,-1078775.7557871474,-995699.13714802871,-893408.60860304127,-773372.42691342754,-638913.02625408513,-496141.97439923981,-354515.55665567424,-226153.08448367621,-123120.6536042455,-52996.278958029936,-15077.761000133554,-639.04810376411342,1924.0007834484331,1099.5665871375929,336.05051156047267,65.5660046016161,8.5496149505773822,0.79541387069307978
0,11.922812284496935,125.78496811681902,932.47508692885617,4920.2121125993845,18770.819823207668,53006.436095331359,114058.9253587508,192734.73092720387,262202.17554521025,290195.05609642516,254667.21947217023,150940.29909601729,-11323.242990450613,-215711.16435701292,-445646.85657644056,-687703.37780715863,-932072.6708537587,-1171553.3484563655,-1400222.0197125764,-1612468.347034822,-1802698.8581954881,-1965740.058706251,-2097296.4547680034,-2194080.2580472585,-2253882.8093882999,-2275612.5747240568,-2259296.2571113771,-2206040.1661037188,-2117953.826862603,-1998036.9034794269,-1850034.8319409043,-1678266.4710778838,-1487431.2401406022,-1282400.0112627796,-1067995.7371605367,-848765.06587088108,-628741.07299587305,-411190.68946999591,-198334.53877337853,8984.7457268174294,211724.00912707491,413209.12876174832,619937.3321088017,842731.282896747,1098405.0633307039,1412137.0017145986,1820743.1777812329,2376915.4445083863,3154012.5983901843,4249641.573348389,5782833.096600893,7871490.4513451112,10558903.789339965,11643285.092834823,11556998.903102437,10320962.356043536,7796936.7703832202,5517587.7317115273,3876188.9468064932,2718707.8385145967,1908750.0358042535,1340640.2228959005,937328.64647638786,644318.86034085287,423668.40509088308,249192.77040442586,102951.25699166217,-27213.958024004231,-149359.1729166398,-268573.40214776009,-387744.25651916099,-508083.54587811552,-629502.82555524947,-750898.44035944552,-870385.14289985201,-985500.86866109201,-1093395.7832376203,-1191010.8431177544,-1275247.2785580463,-1343124.2379378835,-1391919.9768637805,-1419289.8459836729,-1423352.6672410211,-1402724.2840554665,-1356376.6887993512,-1283427.5991390152,-1183189.6511619466,-1055670.1952182953,-902666.88469255797,-729417.3619563767,-546264.60695014638,-369045.62276876706,-216506.51996337451,-104147.12939177244,-37042.367730393766,-7190.8255810607425,1014.7503577987592,1306.0253146564685,482.04701897614666,103.85856718515284,14.48134657954148,1.4384689659330974
0,19.349762600772848,198.00324290944366,1417.6863822210867,7192.8814171609301,26254.278701909432,70502.393582208751,143070.97757107631,224985.38435920369,277765.81032105052,263111.68955799867,161892.98117783698,-21261.459989177289,-265921.31964077282,-547131.02349826286,-843242.59411399765,-1138688.225732991,-1423272.2772486501,-1690116.3911850469,-1933695.5878066837,-2148644.7283350741,-2329532.1992560378,-2471473.6529894415,-2570718.5737520196,-2624788.4255080717,-2632534.2606969685,-2594149.0273451419,-2511131.9722578754,-2386205.524124946,-2223188.3017359381,-2026829.0682667634,-1802608.2537008112,-1556514.8835179666,-1294807.6527174572,-1023768.5031418798,-749454.44023944205,-477452.00354730559,-212632.75740215086,41094.742335776093,281054.16265563492,506121.48771403427,717154.00917237822,917615.29543127213,1114542.0024084891,1320083.5964378961,1554000.4778385763,1847754.0480548081,2251261.5730391974,2844148.347538556,3754713.4834837322,5192390.0021736892,7504457.0159321437,11277921.860488918,17529785.324206728,20511344.309737612,20351365.22746535,17109318.992316477,10990054.69868153,7062180.851428912,4660169.7596671376,3169251.3949326253,2229070.0171765271,1624659.7999627783,1225683.5923863694,951861.02290474996,752983.74344328814,597207.21440141182,464112.89666493214,340563.04681581585,218207.61635588162,91976.271432486305,-40843.912495214987,-181186.3709925001,-328586.7827819073,-481458.9638785313,-637318.12705822091,-792981.65872776438,-944761.39812810021,-1088654.2553748952,-1220530.6074995988,-1336319.0047369567,-1432180.3866647717,-1504667.4443162465,-1550860.5991095116,-1568454.0783475917,-1555548.4017664581,-1510202.8593258113,-1430209.988648772,-1313440.2004627539,-1159102.8884604464,-970095.38864833477,-755981.01826736715,-534969.7257524376,-332220.52417403093,-172535.72903997602,-69515.01593898797,-18632.290860469901,-1543.8595636816679,1138.674342851574,579.13791097453225,140.61033634979907,21.018011035967582,2.2138128204427137
0,27.968146386565998,279.17246299621866,1942.1005272905359,9531.6344233034379,33471.455010188634,85844.932482878299,164526.12861301933,239445.35777805842,261464.78247152152,189536.28714971305,11338.631064514249,-256442.87454519232,-581695.23136548314,-931526.35461573314,-1280573.2003856413,-1612549.4039998909,-1918025.3663032379,-2191286.1003733901,-2427827.688461137,-2623059.4521668586,-2772233.3337391317,-2871284.0998403719,-2917523.2784614326,-2909770.9920208454,-2848384.6977217253,-2735231.6789167784,-2573605.6557708285,-2368090.136612922,-2124375.9899137598,-1849038.6783786484,-1549287.3841843717,-1232694.0481222072,-906918.03575637087,-579432.72062061506,-257266.84457463233,53238.185584751838,346648.43456552632,618641.21513302496,866200.97253469017,1087841.3130643959,1283910.6128588063,1457078.1380579527,1613154.8105654144,1762519.9727054473,1922621.826423083,2122382.9295555833,2409997.4175940636,2866838.175340916,3632517.827949407,4950621.7160803676,7253309.0788871702,11319990.969027366,18578970.326391101,22148688.555021491,21916766.511840578,17977507.35338613,10782122.522084292,6631353.9546786714,4273777.4778950363,2919117.9184700176,2130407.0089096036,1662892.4255482915,1377432.1504709839,1193587.589208395,1063982.8350327131,960151.56832874834,864656.02122458327,766677.17745959223,659543.43609879247,539350.62645608559,404190.91411634517,253716.41009956371,88874.392786416807,-88278.33436970129,-274736.61809680826,-466708.19567062706,-659786.72343189863,-849137.34149647923,-1029693.4241740989,-1196359.1696991953,-1344212.1318288934,-1468699.2663529713,-1565820.8079620865,-1632265.961874252,-1665150.1950294957,-1661327.8488482882,-1616840.553057252,-1527004.5236288125,-1387709.3851188875,-1198372.4300319608,-966278.47109676572,-710458.17674651986,-461477.51753653859,-253699.51623204898,-111027.62280285919,-34905.013565045323,-6005.3454203450692,438.70292626156061,574.65144368050142,164.8409264205624,26.651775449164731,2.9680244588261169
0,36.795772276673986,359.9885691610304,2445.5207231232816,11669.211159684526,39607.347539671377,97337.824740203039,176135.01647238963,234704.58513984788,215199.96105034568,77083.773451582223,-182258.3933190247,-532677.14290969633,-930576.13426815532,-1336369.4325215532,-1722507.1375656466,-2073289.3098345294,-2380984.5970642949,-2641662.1131866476,-2852279.1051075212,-3009398.0627970384,-3109339.2437628862,-3149248.3668534965,-3127872.0642290227,-3045669.3084168201,-2904799.0339182192,-2709043.5648574485,-2463669.305951403,-2175232.8151976299,-1851338.5224066835,-1500360.2292920004,-1131137.2905212226,-752662.34032098437,-373773.42731548421,-2865.5736077013553,352369.49443662353,685164.61659827584,989854.58555062267,1262000.0023183455,1498460.3702365779,1697430.6792803409,1858502.8303721675,1982813.0265658526,2073388.3866412137,2135886.2542981375,2180092.1158869117,2222827.262613344,2293470.6581253167,2444307.4874789123,2769827.6044779471,3442628.7412399938,4780076.4025499234,7367507.0470771678,12284183.016068323,14646243.386491399,14365401.725546196,11557888.135777863,6607100.7985384073,4008782.0406971453,2654728.1963451975,1964003.6663974144,1622604.2524534885,1461208.5128739998,1388368.5812498671,1354382.5738075413,1331877.6030024877,1305427.6969723427,1266047.4359375413,1208323.9533818909,1128973.1491886566,1026157.7283631652,899199.91256100463,748482.27686962008,575421.07246486144,382442.84483904263,172931.1141471006,-48870.514292010514,-277993.85547909024,-508918.07534306252,-735765.90295956586,-952520.7208049508,-1153251.240637556,-1332341.1210379133,-1484713.1684477036,-1606009.7001225781,-1692294.7416416742,-1739155.9552002596,-1740809.2650872893,-1689856.7126685658,-1578500.668793441,-1401976.2687256276,-1164204.2891447663,-883684.08857108082,-595114.05794397229,-341842.36347928998,-158776.36425504947,-55099.683795003577,-12252.809738102114,-843.93603267103435,436.4842770695887,167.84055900286785,29.972714637571571,3.5373455462443459
0,44.920063742314859,432.37443156340004,2879.889995447676,13414.253224499147,44163.844419354216,104205.87359411801,177544.1458816872,212390.03809864356,144474.32000266184,-63545.339631581897,-402848.23199424119,-829556.92745605833,-1289488.8049027869,-1737779.6830542034,-2146034.4494027491,-2500125.6068715593,-2794643.198379071,-3027812.8593348302,-3198302.9647483565,-3304053.7605166384,-3342696.6228744886,-3312840.0475528631,-3214900.2507405705,-3051180.2655183673,-2825808.7438010061,-2544608.5754573662,-2214898.8810378122,-1845240.3686888563,-1445133.2457584208,-1024680.5488205738,-594234.34047075151,-164040.94045306527,256094.07319913019,657109.54851250746,1030942.8485083563,1370728.1271799461,1670919.4578136774,1927326.6617282575,2137030.2057241485,2298168.7338192663,2409673.092363202,2470954.7297070669,2481548.7352800756,2440761.4223743267,2347415.2247433043,2199887.394362811,1996795.2730221604,1739003.5298552488,1434164.570477081,1105901.313193501,810930.58940958756,668205.1506808449,900995.64275670156,768717.5807586147,457361.65016518527,103018.7041118815,-251528.26823618304,-60907.144074485026,249917.50520568626,576411.60942007403,871062.3627568261,1116892.3417789242,1311369.291366722,1457658.9083604664,1560281.5564604662,1623215.696815192,1649285.6115857891,1640193.7234020235,1596842.2145278787,1519758.3091441621,1409518.1490369076,1267118.3769042329,1094263.9028137438,893555.28585717326,668562.68004790181,423805.66567113413,164657.61913317294,-102808.17424518135,-372016.33777723403,-636118.37541612354,-888240.85850160848,-1121743.2968779069,-1330478.5959831318,-1509009.5917200604,-1652305.6915905611,-1754679.9166218783,-1808564.3137075151,-1803897.8433998439,-1729158.1481418358,-1575130.951156822,-1341754.5642304234,-1045997.7036839515,-725444.20053382532,-431382.34594503505,-209557.20908799782,-77844.83098503323,-19890.625565091024,-2650.6612003978466,160.86979323473128,145.87318306596444,30.15950723743428,3.8102996930426571
0,51.746633044726003,491.42927850605173,3218.9289337912755,14678.798284487229,46986.070618837162,106481.82685654362,169762.17312595015,175741.61752488735,55926.437161606969,-221878.62832801705,-636683.10213898425,-1131401.88446588,-1642479.1007807706,-2121069.3156851474,-2538946.1957179625,-2884196.4085069154,-3154073.3043950163,-3349122.5467221802,-3469819.592823925,-3515581.8155580647,-3485479.0789325079,-3379721.0425009807,-3200519.0972746182,-2952124.6930580493,-2640715.4444626183,-2274208.0232035518,-1861999.8434744978,-1414654.4431169545,-943536.9341666738,-460420.23374687182,22922.996769972837,495117.08934479306,945552.36787369184,1364703.971449266,1744387.2861734286,2077932.1834621506,2360265.5986641007,2587873.7419525408,2758571.9507792275,2870956.8610538002,2923817.6852211598,2915356.5937890969,2842092.349004949,2697309.7226565531,2468849.953899378,2135866.7754573068,1663895.8311693806,997060.87319939863,45290.363589658191,-1337406.3625001346,-3391041.3446767996,-6518289.1043974487,-11410482.824773721,-14312191.785327492,-14630970.573640555,-12230538.095428696,-7526059.477568307,-4311518.9318481795,-2218147.2728769821,-824911.82304329309,120306.61470673898,772113.21906157769,1227149.6712379332,1546514.5565379306,1768863.2288629774,1918351.7735127471,2009659.2855391274,2051308.7875651761,2047956.9435361261,2002025.9735514214,1914891.5752972125,1787749.3063758181,1622238.1237780908,1420849.3696852829,1187118.8768154422,925668.38457234891,642145.13589788205,343076.47081280069,35666.81398941316,-272451.65095501253,-573491.5587645591,-859799.08126703789,-1124144.3754249071,-1359971.6112369008,-1561118.4534422397,-1720645.492578316,-1829313.7799382468,-1874593.988193216,-1841446.1974051313,-1716294.8683826374,-1494888.9807293643,-1192012.5548193529,-847023.68899007794,-517907.66095100198,-260527.42042159062,-101731.8305216842,-28407.596384346038,-4854.2284150139712,-232.67555061698195,100.25271168940394,27.116310806490752,3.7538844313323794
0,57.061490432387963,535.70959863408598,3457.7512853113303,15465.542516497679,48182.820606875634,104722.36630717415,154476.20746007093,128411.94754852328,-44277.529093913618,-389332.98171169974,-873539.2022771053,-1427557.1422420524,-1979741.0137397575,-2478346.2669022037,-2896017.1783871218,-3223416.6659363913,-3460593.6400754387,-3610431.4703919059,-3675203.5834600306,-3655818.2184834681,-3552829.7368361652,-3368106.8598518856,-3105705.5929719461,-2771862.4958960405,-2374828.598049236,-1924627.5032937089,-1432739.1166125655,-911724.44820631517,-374799.60147344775,164619.24596855632,693380.39122360619,1199045.5387571447,1670299.5053451452,2097298.0193319046,2471928.0075864792,2787967.5062136082,3041140.5360840801,3229081.987391171,3351077.2592054619,3406919.1426245044,3396141.6978007536,3316919.6899241037,3164369.4201019555,2928025.6963680945,2588039.4148684167,2109282.7160058576,1431878.8621906156,455547.32830400765,-986926.63676980278,-3175462.8681899509,-6582607.4284561276,-12013700.09518264,-20851633.370383903,-25882668.94957931,-26188460.569736078,-21640170.720707096,-13048865.218695607,-7506251.4399336409,-4042049.8298023404,-1833480.3271402922,-395459.39896633243,561405.54988245014,1211916.8812781442,1662641.8108608683,1978683.264634134,2199448.4686477301,2348191.5074717705,2437993.3313453966,2475649.0574798854,2464288.9911755319,2405192.0850018011,2299066.9685647767,2146970.6774602393,1950949.497146864,1714276.7188418992,1441523.1230426948,1138512.3082529742,812175.32121446694,470326.96030325297,121387.82013804275,-225924.00770965594,-562914.06608376268,-881233.51083525037,-1173158.6398871557,-1431364.0408613803,-1647697.6575219517,-1811402.8789649636,-1907756.2087315798,-1918554.2457729001,-1826178.0985496556,-1622269.5961650379,-1319035.8673989605,-956646.90912907757,-598509.7585605653,-309609.44274958002,-125609.06901383313,-37323.012279385744,-7308.6484762073233,-712.91689870722496,35.563650492380354,21.295042826712123,3.4007780689467615
0,60.945634341800528,566.31727502771048,3606.2153096387347,15834.40866725639,48009.098740180059,99714.013794758561,133515.657012454,73746.993426131114,-151129.45445255935,-559562.3109719815,-1106442.9841517662,-1711308.0028453602,-2295658.5372183756,-2805738.5198845146,-3215535.3147703637,-3518457.522545856,-3717346.4385505579,-3817351.7693376336,-3822474.5866874885,-3735076.5603784616,-3557191.0793637955,-3292350.5292829815,-2946454.5776416124,-2527718.6157235457,-2046458.5634886618,-1514798.7004845664,-946299.92260008282,-355526.97033652,242440.42474312862,832525.34489689511,1400184.3711574727,1931919.3604562315,2415747.8633808964,2841594.0049585877,3201566.5988914031,3490091.1486246972,3703926.3254138869,3842249.2312419345,3907036.2830473953,3900064.8386209686,3822701.6301955893,3674734.328257821,3452315.8642761875,3144901.2093032841,2730649.7925903974,2169251.5713315867,1390334.3039686643,274194.93282137939,-1380889.474936344,-3914909.3852928821,-7903682.2029010169,-14328452.028247833,-24870203.47873171,-30777906.557830878,-31051286.424514871,-25582202.071129613,-15347591.997142708,-8793237.3461740855,-4732494.5280042915,-2169911.89503711,-517991.72195379226,573098.4064529147,1313611.7617994663,1830666.1132125182,2200971.7377499579,2470122.7515503303,2664251.6974596055,2797302.1458616196,2875736.6267696968,2901689.5946445162,2875134.2764065424,2795396.2550276918,2662284.2732325564,2477081.445987917,2242601.5940963901,1963240.0418972492,1644941.0281528193,1295036.5262104413,921987.69495063892,535058.03373256256,143958.59687378947,-241516.09161137184,-611841.84851975436,-958076.26315193786,-1271708.9839278338,-1543432.163384744,-1761146.1228116064,-1908244.0827722875,-1963778.7287998402,-1906517.6340018811,-1724229.4596577038,-1426311.5527899938,-1052912.9831926932,-671647.51820265863,-355544.0793623589,-148690.41055063024,-46266.465329191211,-9885.3081967496182,-1247.7203265422309,-42.519987692430519,13.397170210627605,2.8178530350281004
0,63.629605196251582,585.57532203622395,3680.6927330103354,15867.334052102988,46761.730397993866,92257.26527198455,108544.69167196692,14515.673544369474,-260808.26914325688,-728060.43281357537,-1330759.6748299457,-1978475.721567705,-2587006.2578723021,-3101330.8189595849,-3497107.2463632831,-3770542.5252057598,-3927188.2214830951,-3974341.5643305802,-3917630.35806282,-3760805.116202544,-3507341.0896456274,-3162403.4196944917,-2733700.6017260659,-2231391.2653919221,-1667826.5787931611,-1057213.1941512187,-415192.27619834029,241647.9020839346,896321.22896042385,1532029.0118749968,2132765.5773100648,2683913.5131179034,3172799.2920838278,3589160.529227925,3925458.4727573697,4176950.2466066512,4341468.0371456547,4419399.4791130899,4418363.3953430485,4342247.1834231736,4195272.0658977991,3980696.1635439824,3698506.1660875753,3342331.0073890574,2895014.2532891012,2321862.678737795,1559855.6206401193,499881.14708973147,-1043167.9256341853,-3381419.8532079179,-7041744.4884080766,-12916586.796192266,-22521438.353413247,-27848227.17975603,-28074623.380897984,-23121166.202766355,-13884838.369544765,-7861594.2214618456,-4114297.4333785018,-1739255.315979982,-199024.16574438961,828779.46072621166,1538947.6789059963,2049347.1393847002,2430567.6518301908,2723617.3989115087,2950784.2035304611,3122556.6653054352,3242211.0661426508,3308959.6003099778,3320133.4425369701,3272665.8772578943,3164176.6987533765,2995112.957375268,2767694.3831412997,2486044.7321514809,2156211.210606562,1785978.2374261536,1384543.1442940359,962118.16972078476,529508.03299340932,97694.119113223132,-322557.64507396624,-721039.91393260728,-1088052.6440600287,-1413205.8247516728,-1683245.3965361393,-1880001.746373642,-1980218.5112249895,-1959507.5496103598,-1802050.8125764763,-1514284.2704454355,-1135613.0750479153,-736746.19813812175,-397702.68268791679,-170508.96092619628,-54986.935322809004,-12486.607921390812,-1810.0744522961525,-128.75874286598167,4.1288367617653421,2.0772607685485305
0,65.362183956689478,595.89822293457814,3697.524836641835,15642.693111801595,44712.411736867361,83052.992930812004,80957.743916411462,-47059.166268466906,-370371.86400870857,-891497.41775371693,-1543200.4423670501,-2226210.6080724178,-2851678.1814270271,-3363964.3347237837,-3740636.0770679065,-3980683.0832035793,-4092242.0739346906,-4084615.5767116374,-3964942.9350311812,-3738283.0011650911,-3409493.0403770879,-2985313.5614669402,-2475200.0925417198,-1891195.0522585786,-1247635.4168286356,-560780.00960301037,151653.22007450936,871021.21110329323,1578362.1084078543,2255048.8498247396,2883482.013747721,3447790.6558674877,3934513.2624490005,4333195.4238565704,4636815.0304492377,4841832.7886263728,4947248.0305703767,4949963.1719194204,4874010.8132112147,4721140.1983789233,4499476.210893278,4217720.5095913755,3882378.2877539648,3495168.9418442752,3049710.3341889763,2526733.0220434908,1886739.4643950798,1058276.2427778249,-81349.20669790369,-1738434.6445201202,-4257946.3761694655,-8217805.9140161546,-14590159.167992579,-18025086.410696398,-18174056.098265216,-15005338.32841062,-9084564.9478805698,-4961807.9203416863,-2342780.8910248508,-642981.60315548663,491513.46556346567,1277770.4170431653,1849603.9070273319,2288781.7740560048,2643681.0190322585,2940847.0369287133,3192481.4662089841,3401544.0416146335,3565399.5754000787,3678501.8039603406,3734338.8768206784,3726576.7497335263,3648646.8369212099,3501234.9489011788,3285791.3953420878,3006043.289800209,2668167.3590794886,2280518.5131777273,1853188.9003980616,1397498.7571816223,925486.17199397518,449425.56678460195,-18604.716203057535,-467099.03184841183,-885182.88037902873,-1261476.864699902,-1581769.0774698942,-1826645.1386734943,-1970961.5491713232,-1987620.6540910394,-1857508.6845549149,-1583999.2365038476,-1205135.5734779565,-793730.28486848157,-435801.97431110544,-190789.35233883068,-63315.46703597311,-15041.16194292028,-2379.0261074881664,-218.90510701583588,-5.9177198688844994,1.2404800835237293
0,66.334859011270126,599.17193172741293,3669.6605492679969,15223.420379509864,42081.823236216398,72675.5432528401,51904.065312094026,-109141.74682387103,-477395.46599341795,-1047146.9400540564,-1741102.7218783929,-2452241.3335678191,-3088031.2365058134,-3592775.5116931912,-3946122.3673615181,-4149782.7263786737,-4214325.9189832853,-4150903.0749427876,-3968039.3412492056,-3672006.9758316069,-3268965.5770192863,-2767148.8294726382,-2177671.4868123787,-1514373.3916119025,-793504.08075565333,-33324.590331068015,746383.54302793334,1524887.590790645,2281156.5238817055,2994581.0128007182,3645761.0283917496,4217337.3909413442,4694841.1373856328,5067503.7115421332,5328975.297225601,5477975.9346846435,5519330.806928453,5467884.2855365323,5323578.1563617745,5110681.158780409,4853076.5959544787,4578804.9372264361,4322594.2199541945,4129702.1938137752,4062896.2362344773,4214972.255466505,4730768.4724114528,5845571.4339576922,7951784.5962050622,11714188.902949763,18267772.413906153,29553354.454597048,48878297.152052075,59914067.064240098,59842378.826290302,48647043.187165074,28443946.94010441,17421497.094105348,11065717.484311378,7421530.1181445699,5357236.7568896143,4222125.7407215619,3641161.9443911985,3395287.0832044985,3352930.1709575565,3431341.7279081964,3575062.7872904823,3744199.015362158,3908263.3507003505,4043145.1974521894,4129780.7812166438,4153766.2521946458,4111558.2690693606,3991708.5146724861,3793370.5359310112,3519626.5470122453,3176902.2069587205,2774358.9500360838,2323237.5643831077,1836195.212181251,1326682.3498507591,808389.3488510208,294772.91452103743,-201347.40754450907,-667963.03518751625,-1092816.603328784,-1460942.2908680588,-1751989.3362700157,-1939329.6263276134,-1993580.1219670607,-1892623.1131260931,-1636721.590004354,-1262053.4977766082,-842670.26488802524,-469664.79578929435,-209323.51616504655,-71118.052798477816,-17491.567960901561,-2937.7242349358075,-309.56369262208858,-16.273301209398308,0.35518263675103262
0,66.679604604767519,596.74756603580556,3606.7372996075601,14658.082779374918,39045.999805919637,61596.479815243547,22349.710140806055,-170161.91969791634,-579783.4979777839,-1192647.4391842023,-1922179.990189686,-2654669.3842494288,-3294785.4207011224,-3787250.4725953788,-4113903.7145732739,-4279073.7951941434,-4295585.1167437825,-4176265.4211709499,-3930886.7150392034,-3566823.8312307778,-3091436.6724331807,-2514342.9083794467,-1848196.6470305845,-1108515.7817704675,-313354.50535421632,517104.50326481264,1361052.649409605,2195639.2515577283,2997653.5891370843,3744298.5341039877,4414073.9032145161,4987754.9485562714,5449446.2190400334,5787637.6913732309,5996175.8301677527,6075045.8618300073,6030883.6595816202,5876773.7028454412,5627491.7577261571,5307196.4693083931,4944847.9248281578,4574596.1918746727,4237816.6356910951,3987268.656769373,3894834.1953702592,4065347.812063951,4660903.8329710113,5943307.5427966211,8347951.3955673678,12611773.069917453,19993045.357952777,32643767.057933699,54228366.209127843,66671999.640060328,66748089.154584862,54368425.715543434,31866816.189209666,19457415.551135134,12253963.325990012,8086036.5582051883,5697449.0849586921,4365984.5518651251,3674928.7785461126,3379836.8949512327,3332425.5377117116,3437790.4209347605,3630787.4907115665,3863343.5148622384,4097942.3116976572,4304536.0347205317,4459318.842043234,4544523.4765896965,4549009.1672484595,4464413.2855218034,4288635.2229326041,4024656.4658706095,3679625.3426912487,3263955.9937628591,2790434.2146435017,2273369.9084798256,1727850.19557877,1169113.2517404449,612046.47252410662,70769.285154769052,-441647.14559906628,-912203.25576827908,-1325390.188302906,-1660221.1841108315,-1888964.9669196485,-1980362.2631144915,-1909594.1865543863,-1673832.3304506773,-1307009.7192134401,-883680.87712364213,-499146.57633141632,-225928.26620453689,-78276.709353841812,-19788.079968523245,-3471.8747814607859,-397.92054478272956,-26.558009260714055,-0.5410457300939745
0,66.497794550175954,589.68530862205262,3516.4788332958124,13986.394388203666,35751.54242846401,50214.624868558494,-6878.8486770827203,-228767.98260721233,-675733.3817380392,-1325989.9201668191,-2084542.1144121434,-2832027.467670429,-3471124.0832530446,-3947371.5334229036,-4244847.5865688315,-4370354.058092366,-4338767.0178967407,-4164401.6018652203,-3858122.3124980726,-3428276.0565891434,-2883295.7743172171,-2234040.6692664358,-1494547.0938863973,-681847.54544821871,184354.00272788186,1082083.1112425546,1987582.3724363113,2875881.718194691,3721476.6950264811,4499129.3369762106,5184831.1436242461,5756938.2667193972,6197469.0106986584,6493479.1099818842,6638361.6195593029,6632842.6261994448,6485401.6039905101,6211815.2423797315,5833640.3781391401,5378958.4695619568,4880775.0236338628,4376632.3436908992,3909732.3745590798,3532109.0763905719,3310886.5172730903,3339624.4840241894,3758380.0164903915,4789058.3569365004,6797462.6103813844,10401533.351209138,16658110.11398658,27380502.041648816,45670057.87956775,56441623.375902459,56703569.696053535,46291127.949888147,27161079.977553304,16616259.800752472,10476804.329848954,6911037.1942330319,4864857.8671655348,3735768.1382741425,3177218.6080996916,2984745.4765291233,3031393.9009463536,3232022.8556656013,3524210.6571047273,3858557.7587921279,4194172.1981370929,4496913.7797467485,4739002.1152816033,4899194.4463775018,4962968.6710580261,4921770.3835480381,4773518.9848940168,4521996.5394901782,4175850.2861739136,3747435.5572106154,3251650.1553509519,2704877.3726568753,2124107.075012574,1526254.5276741826,927655.98159240559,343669.78897571081,-211690.0879709963,-724850.90495716408,-1179987.4804092003,-1555771.6586680941,-1823735.2098967663,-1951139.0439750385,-1910785.1694019588,-1696845.4846429061,-1340754.5672562858,-916961.47456843045,-524164.79628805059,-240460.07521068171,-84694.027373792807,-21889.088948965058,-3969.5213625895631,-481.63409112760303,-36.457985779680577,-1.4173279838390789
0,65.875362376434111,578.88770555773965,3405.4913579512422,13242.483836834135,32324.961420490687,38875.107863422076,-35066.211086962074,-283794.36889270443,-763706.9379775736,-1445497.6041039608,-2226682.9764742809,-2983270.4256827626,-3616682.8806441259,-4073598.6447174526,-4340322.6894074138,-4425945.2741503399,-4347165.9726144569,-4119580.8808195652,-3754976.0517437821,-3262519.829213676,-2651562.036826252,-1934025.309251884,-1125124.8336417456,-243189.33913508311,690649.7691476508,1652828.093208882,2617791.0518680662,3558506.9789847201,4447092.6159939393,5255586.2562644975,5956948.6263986817,6526341.9080147417,6942721.4970542705,7190658.6418811828,7262184.3666506736,7158262.5590643398,6889436.024999625,6475304.624448943,5942967.6330562392,5325389.8299645456,4659285.07192221,3983676.4315742147,3339667.8417333513,2771691.8360636136,2330572.5575762521,2079235.4705573448,2102984.4951100824,2528167.8040211052,3556088.5437952182,5523732.3777635889,9009988.1409400441,15016135.269306563,25262015.72000584,31719503.275858518,32205344.08266731,26470909.557040777,15564675.18419306,9637376.8208587058,6168367.5372139253,4145968.3891982394,2997578.6424685051,2403205.2499893815,2181285.8321153228,2222298.5660046837,2452085.196378164,2812884.3577619889,3254534.5872303373,3731235.0872937874,4201112.4841494486,4627005.8538018577,4977621.604095092,5228595.951147249,5363194.9353075149,5372432.0336596882,5254992.9040109776,5016465.5650928309,4668051.1795866657,4225010.7240700219,3705130.3800437953,3127401.434020625,2511014.3876634641,1874659.0272624248,1236073.587637648,611714.77975966909,16348.339881776055,-536101.47382130555,-1029743.5741053874,-1443205.9349217189,-1747636.0285819347,-1909204.2431228524,-1898675.4035002124,-1707387.3352345903,-1364144.7006112412,-942804.50186741771,-544707.76723338978,-252819.73953587268,-90294.332960713451,-23760.989631736396,-4420.8441199513072,-558.76589946553872,-45.712402456552837,-2.2479116152473413
0,64.889630375394731,565.16227848175174,3279.654955602618,12456.581381084416,28877.765175259079,27880.390784696301,-61590.277419201535,-334239.51881931373,-842408.45945672342,-1549808.1079831198,-2347467.3160182615,-3107763.3855708288,-3731531.9916882771,-4166839.7259584181,-4402151.4450757056,-4448625.6167411609,-4324535.2901538508,-4046536.4699640223,-3627151.622499777,-3076199.5505938474,-2403762.723061813,-1622608.1341600679,-748874.26627797377,198103.45244788605,1196074.594110277,2220192.0309586236,3243370.7409341671,4236691.2275039833,5169892.681847889,6012026.1015941864,6732394.2827168088,7301916.0151370978,7695043.1998003768,7892226.7220697291,7882674.60938433,7666779.758621878,7257337.475561535,6678858.8884009663,5965017.207061274,5155064.4622642826,4290052.186410469,3409855.8556203749,2551372.7828844897,1747610.5143720065,1026882.0095736557,411305.61153217976,-85887.45104720052,-464041.49593691854,-738935.29701118008,-945541.18157856027,-1138672.0527950765,-1391546.4411710333,-1793221.5260853437,-1055062.4861879465,-274587.97498666728,161414.68622610427,124842.32494659988,314270.12563511333,386647.506142175,411469.26969191089,454768.95576905832,571595.26358803851,798931.48479105707,1152349.9250398665,1626637.0729341367,2199349.5508898641,2835921.5962728388,3495122.5548048196,4134013.533355786,4711998.3013957841,5193890.6771133645,5552098.748360266,5768012.3266886445,5832604.5986689627,5746264.4553301325,5517721.7715221383,5162208.7358938763,4699252.4682790795,4150575.1264792853,3538436.9227595357,2884524.9770784667,2209320.2785249278,1531795.4610955815,869241.46382413467,236876.26456159126,-351320.07292170078,-879681.57013199013,-1327096.5500234903,-1664673.0590072114,-1857871.2369095406,-1875781.0958105847,-1707140.6642633281,-1378108.4003056919,-961576.57000935124,-560825.42066171113,-262948.15940790315,-95021.803788830279,-25377.426316646706,-4817.9245532900086,-627.72870565260394,-54.105629637649798,-3.0113414029121097
0,63.612247420887144,549.24936702576451,3144.3042291062734,11655.83008112819,25509.016865115136,17496.061720841473,-85912.468698960816,-379252.84838314058,-910769.42637737305,-1637855.0600327628,-2446105.9461002517,-3205245.6448830422,-3816125.5425025164,-4228382.660015326,-4432525.0659778155,-4441527.7607959136,-4274970.3047184777,-3950336.8529520319,-3480690.0516335526,-2876312.0075162239,-2147805.5526912408,-1308523.446133388,-375212.46338020894,632154.05252374453,1690625.9469957117,2774521.9957473231,3855672.0449839868,4903640.4558086395,5885981.9600684466,6768616.2086629206,7516518.4764957977,8094991.7665915228,8471865.5451654997,8620835.0477438048,8525763.1191972345,8184965.1804417092,7613739.0614212379,6843492.5898033725,5917388.8116688924,4883969.4643101757,3790752.6714761364,2679348.6629059101,1582427.931255549,521440.09639323043,-497161.30119018146,-1490070.5350664591,-2512781.8717230628,-3686227.3743121703,-5239308.015231288,-7576011.9220522484,-11383697.387656951,-17813460.274147741,-28788781.079573531,-33657770.057910725,-32515893.252402306,-25929693.604669232,-15178923.639237722,-8982726.9590418972,-5464717.18877682,-3468174.0098965946,-2286282.0698502618,-1488239.4800269278,-819571.27399150876,-142584.83976056633,601990.76666362293,1421869.1997599022,2293054.4417759259,3174592.0399741651,4019193.7708110614,4780529.8425688902,5418057.5655894456,5900184.029380369,6206308.9168495368,6327873.9698228966,6268255.785138662,6041252.338414561,5668317.0931318905,5175217.269068406,4589038.0106987702,3936088.1362154423,3240777.127794913,2525217.4304198003,1809244.5526533977,1110528.1384192887,444289.7758737391,-175833.66602919917,-734744.61251507921,-1211913.2074273992,-1578744.1819316472,-1800360.9747911994,-1844556.3867164406,-1697766.0781366637,-1383589.5433231052,-973683.41425155825,-572610.42237628042,-270817.71612156805,-98837.213073419713,-26718.307718727385,-5154.5156794512068,-687.24663264409617,-61.462279167601515,-3.6900079831556005
0,62.110137916610263,531.83162335049565,3004.2933425611559,10864.594260996306,22306.365944864243,7953.3563936137734,-107572.95957413547,-418127.28164847771,-967938.16360435681,-1708854.4384650821,-2522137.1516055693,-3275804.2825390329,-3871262.1553182285,-4259839.1858799197,-4433926.1390603185,-4408039.2681724029,-4202786.5205643596,-3836244.1716135717,-3321814.3754343977,-2670044.0743050156,-1891823.5110770233,-1000794.7674769033,-13942.299349170078,1048580.1879944857,2163669.221685722,3305445.138088908,4445348.1017178232,5552118.9562416477,6591679.2223590789,7526996.7778634606,8318177.6621743245,8923245.0586987548,9300327.4688058775,9412042.1004334297,9232332.5116746128,8754439.7540896535,7996455.3017057851,7000402.7589182472,5824609.0609814329,4532542.8526713196,3182221.5786161618,1819102.6520932759,472913.17567163677,-843750.69729769649,-2139347.013698624,-3455191.236448444,-4890900.1973494114,-6649704.1577335764,-9112222.4088736326,-12953649.96456339,-19332571.266407568,-30202483.309803512,-48831550.837134279,-57611058.421371348,-56061233.41662094,-44935469.843944982,-26333946.057082843,-15888984.116311476,-9996516.2651483007,-6686501.7694194466,-4767479.7877957113,-3523904.4793416783,-2539432.6930105477,-1590843.0542639231,-580308.24805714004,510907.43007321662,1655331.7271984776,2802424.386739878,3894043.787040941,4874084.4308883138,5694202.2999101589,6317383.8321085619,6720471.6665740637,6895841.0396649707,6851607.4502656385,6609565.4385495232,6200811.294236158,5660336.3962062988,5022538.1290404396,4318619.4187123738,3575708.9890511329,2817049.9242816665,2062627.4039853257,1329755.714227204,633008.08196045586,-14844.266426370383,-599680.44536242506,-1101889.8827768718,-1493504.5553654407,-1739672.6929418719,-1807280.1274425967,-1680810.3567707224,-1381480.7090714553,-979526.82816043205,-580174.41651946271,-276421.45901543734,-101714.01745485171,-27768.721675908604,-5425.8184909915353,-736.32187332618287,-67.643673487642729,-4.2698776968860761
0,60.445408259232778,513.5336718981315,2863.9975032059469,10104.483406146453,19346.181459026247,-550.3836939782625,-126189.47927403239,-450296.34382619342,-1013272.7952120049,-1762289.02154944,-2575397.3420564188,-3319826.078306274,-3898016.4120755373,-4263054.0917944899,-4409017.2438239465,-4351670.6254294245,-4112369.2618518849,-3709548.2464800705,-3156751.7506846725,-2464591.9729995439,-1644001.1728751548,-708589.90213412396,324839.34297336516,1436490.1064517908,2603790.7576339389,3801514.8825932154,5001742.9008980962,6173557.9518205179,7282420.5245320508,8289212.0418439573,9149169.9291437473,9811340.4252794199,10219878.782458939,10319187.475624034,10064694.833534686,9438233.4309702758,8460858.8201234769,7192173.4887740305,5716217.6607931759,4121320.9269183204,2482364.7927434328,850940.56881797675,-745769.87707685446,-2301285.1524342378,-3828613.0447980068,-5370278.3668070696,-7027952.6159405606,-9019201.8754151668,-11769969.216700746,-16057752.935976425,-23235946.348184329,-35598709.698407196,-56993710.505851828,-66880891.436989039,-64839221.187914699,-51857713.286756977,-30391186.925244987,-18663594.439960919,-12201074.699648781,-8679477.7463433724,-6690390.7805858906,-5390555.7398657054,-4297903.0973375514,-3166756.0227011731,-1904868.567709099,-514231.35870571935,951878.64802445017,2418612.7850991711,3808103.2037811172,5049493.817002655,6083766.7265885333,6866541.213340926,7370872.9784290157,7590185.1751222601,7539660.5510319844,7253736.2589752665,6778839.8437607288,6163880.8250324205,5453208.7345523601,4683622.2521106955,3884412.3000703687,3078814.2529760743,2285711.0325062759,1520932.1976926939,797500.22101474053,126656.44764429482,-478921.19980434416,-1000891.8290499487,-1412229.2346713548,-1678453.9484991035,-1765939.446139459,-1657611.029044406,-1372552.5502082789,-979458.68972742395,-583622.5555702172,-279761.51632783125,-103634.20287846911,-28517.809619307442,-5628.2596255885646,-774.20356732958555,-72.544820436593881,-4.7402864532858997
0,58.674733177135678,494.91672406959356,2727.2806040969685,9394.2175462417363,16693.16487444313,-7852.4460447188158,-141458.00178032328,-475333.42198539351,-1046336.8239861083,-1797897.7047418372,-2606001.262937557,-3337965.5261960356,-3897689.3022182286,-4240034.5995014263,-4360543.9049882609,-4275930.569309135,-4008020.0082900492,-3575385.1879726653,-2991528.4221940055,-2266937.6499504652,-1412346.7013655966,-441005.99253082823,630906.31155096064,1784549.1564218204,2998685.4159073811,4249821.0714348331,5512098.7735547144,6756757.5242082234,7950936.2089733677,9055590.5876356047,10022482.87376699,10790816.140858427,11285470.215156121,11421056.151383001,11117826.723202677,10332053.054750448,9087454.1717714649,7474791.5976727279,5623670.0288087111,3664715.8890915997,1699016.5055952719,-215336.65578092847,-2058425.7892244181,-3832334.2081812555,-5546152.5610448308,-7216185.9115159828,-8893062.0010992568,-10722905.475087645,-13046497.114017216,-16542730.600801822,-22435774.510752134,-32813281.756119758,-51147647.377779536,-58762281.122145168,-56123628.923645727,-44516122.755549908,-26120990.58072222,-16621797.253329685,-11723868.629582835,-9298023.6504130196,-8028691.764842256,-7125283.3165344438,-6152839.0760468906,-4920737.7556982711,-3399228.8514546393,-1653001.2225350414,209718.17436666004,2071775.5663407464,3826173.3476496032,5383153.887518838,6670845.9736064496,7635197.6733999001,8242867.5807256745,8487151.4370872211,8393051.9607741386,8015371.6988050705,7426042.4478717921,6695583.7602267182,5881663.8070060564,5026641.7368423454,4160185.6059106844,3303262.679586404,2471583.2664114828,1677853.5669051183,932359.42750568478,244023.16359597142,-376425.29918932047,-912251.63414310047,-1337659.2293498479,-1618861.4548309124,-1722112.525447706,-1629203.6518159832,-1357386.631454092,-973737.50647894316,-583029.22357432009,-280837.90865877143,-104584.22465867328,-28957.654810127915,-5759.2698792290412,-800.35658387604713,-76.091360940537541,-5.0937278703973687
0,56.848526340341465,476.47099520632378,2597.4474327518965,8749.41696904542,14399.696603409659,-13826.190470834974,-153154.9213157327,-492953.34527693241,-1066896.605566514,-1815663.291473822,-2614313.8723798553,-3331095.1567102256,-3871734.9241150427,-4192851.0197073892,-4291210.7611076506,-4184176.5778555893,-3893782.1669450393,-3438538.1615590439,-2831745.4933464518,-2083603.7495553948,-1204431.2541552256,-206812.90604117469,894127.68082285463,2081109.9304439866,3335099.1731394506,4635584.8152372167,5960583.5048284288,7286060.9108762126,8584330.3816733584,9820748.0392281804,10947970.977386979,11897496.90289833,12570287.369875498,12833522.041347608,12539334.473394005,11584546.901617099,9994711.9312015418,7919929.6143563734,5573765.6475269552,3160205.0189324566,820028.07488109404,-1387575.9414993182,-3467184.0962957335,-5445805.8425333174,-7329943.5654092962,-9084488.5281213205,-10650814.746344389,-12009998.941166727,-13284984.766350403,-14869109.688654391,-17574378.653896336,-22817312.571397316,-32909484.043802805,-35235702.938912831,-31885232.546707496,-24479909.191743337,-14430897.911702644,-10338106.051791273,-8985033.3115429301,-8892793.2793942764,-9092443.6954551656,-8995817.6562748235,-8316919.2349744476,-6999919.566916327,-5143002.8825538969,-2924506.0402968503,-542398.68866270187,1824829.6048733669,4034324.74207565,5977310.6346764918,7569654.0547145568,8745073.0051253345,9457978.8462655842,9696392.8102263529,9497165.3203616515,8948887.2644650601,8168994.3627210697,7262570.125638973,6304054.2712165006,5339028.5615350632,4393241.1662817067,3481263.8645680603,2612438.0411036392,1794122.6927084369,1032437.8518142026,333131.15732350305,-295495.66322872235,-838601.70464492182,-1271851.2624743292,-1562433.8914637256,-1676864.047268349,-1596241.2971355286,-1336318.0700109389,-962491.55764968053,-578417.41950035549,-279638.90004547936,-104551.40447936741,-29082.257604182316,-5817.0705381945663,-814.42973310850266,-78.236248088658328,-5.3255985874520908
0,55.01009084994854,458.60775195355137,2477.1920038614535,8182.366516660999,12505.077070169764,-18382.764247672676,-161139.67202681117,-503014.67798527685,-1074921.0431229228,-1815806.7798371671,-2600935.7617365266,-3300278.0925460178,-3821713.7073505465,-4123566.5240920777,-4203581.338785735,-4079482.4385281033,-3773272.1618657894,-3303229.4691523365,-2682329.4704095861,-1920359.2557467374,-1027052.7285818787,-14079.923466358399,1104851.2097792791,2314557.8753898498,3599024.496543719,4942007.6030299179,6327439.5957925823,7739268.2195069678,9160044.8684531339,10566990.628141502,11923462.092756273,13163070.088791166,14164916.756308541,14726652.690358048,14567349.358689766,13435437.680481238,11361024.630192874,8616107.3779812362,5573862.3783521838,2567481.4005835219,-203198.83514423127,-2696135.9545389805,-4983172.1674849391,-7160980.1260806257,-9256135.8202461079,-11165121.193701858,-12657893.663545692,-13450489.114078263,-13324709.712744612,-12250968.833369231,-10462830.913484447,-8445908.6215538085,-6845345.8489503823,-1784829.1849553876,2443036.6979595483,3798686.0594316758,1994171.0153756605,-1483010.1973789986,-5107143.4772683904,-8296827.8472438799,-10541176.012825742,-11524276.31993505,-11178183.995550711,-9658425.5871582218,-7266949.2095759679,-4358518.5152373835,-1261720.3368221603,1766562.4992189042,4549069.0047152322,6967829.4003556436,8933691.3320548274,10365427.921607634,11191892.606909582,11379867.763947317,10974772.754212968,10123078.792326771,9032058.7442647181,7862886.4342144411,6707017.2563487245,5604859.9585101763,4569180.2596674608,3601251.2896001395,2699530.8863013601,1863330.0152980555,1093092.6557616622,390622.3481926879,-238566.08134857391,-781694.3589199055,-1216034.4534306491,-1509978.8469364382,-1630660.7789607022,-1558934.2328205125,-1309394.9717525158,-945693.55690413702,-569744.41425731231,-276134.00266159693,-103521.15354010682,-28886.685017050328,-5800.4808193696217,-816.22444487542805,-78.956144153082192,-5.43388777244793
0,53.194884183884973,441.65229274636681,2368.5509389215249,7701.7975899084413,11034.799680670096,-21472.860982933969,-165357.8285221064,-505523.407082722,-1070582.9503225337,-1798781.1135773517,-2566682.9052302907,-3246727.7249482106,-3749229.6233504955,-4034148.760326195,-4099965.0767664821,-3964497.4189952025,-3649509.0009530289,-3172914.6147101149,-2547283.1984327012,-1781918.8723338451,-885870.8890126145,130259.70069770546,1254414.5912295962,2473871.5833276007,3776236.9084405964,5150580.392175178,6588639.7735867649,8085789.2045528656,9641059.5829978082,11254486.441638093,12918108.023974594,14593311.230898818,16162553.184535654,17345058.891420595,17608277.895135932,16289053.750248712,13460735.003405605,9663297.9530507885,5577772.3682731362,1765575.3750670617,-1487379.7941789792,-4200720.3240244063,-6605339.3214316713,-8965712.995605398,-11390473.172464274,-13703914.886533901,-15429596.590929052,-15895243.117193999,-14415253.891703987,-10460419.801473122,-3696015.2235270352,6231773.0182476435,20244020.423113719,33253279.253874276,38565716.331704557,33653133.177788652,19293030.795264598,7594499.7398378653,-1687061.7314695129,-8732373.9299717192,-13368034.602673873,-15502549.775392976,-15316373.414276,-13260053.641911991,-9939872.790653158,-5972319.6169707291,-1866768.9397993055,2031030.7454162107,5529034.334811626,8530977.7560042683,10964212.46887074,12730364.18963491,13703695.541032404,13786822.078178966,13009469.742836155,11617872.725399612,10023077.047482722,8472538.0557913147,7059653.0104435636,5797095.7009536326,4667674.0512003889,3649125.1240796903,2723548.6029161885,1879515.0050352232,1110597.9637886181,414221.24205730238,-206971.17086279002,-742245.29991538438,-1170504.2345235236,-1461504.868610258,-1583328.3736547094,-1517023.5733683957,-1276362.5568558956,-923150.95266863203,-556895.86702114367,-270270.64445835387,-101475.3846954496,-28366.489692313804,-5708.763709445604,-805.66599773758378,-78.247689971372552,-5.4188165434486182
0,51.430012186117629,425.83896978369074,2272.8691246113085,7312.7201967323326,9999.9645088035868,-23088.191178085413,-165843.77352086987,-500636.47758127603,-1054262.4714594097,-1765272.8404494466,-2512583.7112012939,-3171796.1370957661,-3655902.9339948213,-3926422.3297043019,-3982341.7232681136,-3841338.9673679681,-3524767.6036230433,-3050089.2643621112,-2429435.2426165249,-1671617.8477384127,-784986.49111574469,220959.47063740331,1335860.7711605406,2549544.8530189963,3853426.9010149906,5242339.4117907574,6716901.0184427826,8286442.1585114365,9972211.5534798633,11809623.957158692,13845626.246259417,16120039.141494038,18601569.269722141,21010148.741127685,22419061.68127194,20858964.347058337,16718948.323515074,11147622.148021258,5410814.4058540603,466211.13544071675,-3279140.1030415799,-6002753.5976188527,-8278595.960105015,-10735395.588122305,-13696030.550130015,-16926975.470867652,-19592455.869185533,-20436833.427439407,-18122448.199170951,-11565961.647755038,-57787.865641090786,17078173.368673429,41582754.804324925,61587250.575278632,68196911.785151467,58412151.04389789,33665793.178175777,14562122.981238104,-461663.83048779715,-11700195.269791925,-18904001.685610987,-22033003.773435503,-21532519.829588734,-18277164.597338956,-13338132.943347266,-7724395.941211313,-2192346.6998750321,2828185.4312113426,7187073.9854912246,10883116.56941266,13911107.773980545,16157255.644461447,17383143.689984024,17323234.58954566,15896092.800563099,13500343.353819385,11096494.685052726,9021480.8048479017,7302581.2265633922,5874201.9457733845,4662390.638074182,3609233.1525350539,2675679.8271175274,1838022.4150516375,1082736.6493324889,403114.86271965108,-200724.00254344405,-719811.88090585335,-1134568.4457002522,-1416206.5113695012,-1534058.9747274327,-1469797.5024013536,-1236678.7738535709,-894516.34639613109,-539690.60141804535,-261975.3895238323,-98392.419433711097,-27517.483661259197,-5541.5281769943049,-782.77998722037751,-76.123924531262091,-5.282448180250082
0,49.734059793199918,411.3093499867698,2190.7855852068569,7016.3453130074531,9396.9663037044229,-23262.429981152556,-162722.92331053337,-488665.73282707809,-1026551.7457495369,-1716204.1978821212,-2439873.5330625642,-3076955.6068973681,-3543336.4923207667,-3802016.2080337093,-3852290.0817006808,-3711497.6512615466,-3400456.5251090112,-2936130.3083275161,-2330231.1387191671,-1591132.3353666712,-726553.98456139246,255007.64149395481,1344736.0819091653,2534755.0040631052,3819909.3269885681,5200284.7541680001,6684866.8269274309,8296889.6526539875,10081683.578732632,12117883.765450409,14532116.346243786,17512455.493284971,21293535.213993162,25983544.198071189,30618300.167675775,28439897.888650924,21776061.302582055,13064053.29017375,4613370.2649210794,-1955683.4013630645,-6072709.2864564089,-8267476.7303275429,-9813686.5364376809,-12081090.903382039,-15865726.003315313,-20917703.932975993,-25841996.948025696,-28434690.489857685,-26338923.126269829,-17767669.291962996,-1947038.7485332801,21063602.266557503,51859763.003840536,76318148.907995164,84348253.689367995,72659155.824550405,42694571.279386759,17901760.984389827,-3001699.2070478853,-18961537.59320299,-28924229.338430095,-32645753.10146765,-30913650.873652592,-25284664.543458529,-17582425.783380661,-9424900.3709985577,-1907875.9543262101,4492784.2176812021,9798755.4258877952,14260769.902735755,18050296.95632264,21055258.697719615,22823353.059308771,22699026.196019735,20176331.646432802,15716940.668206515,12065587.783624316,9356439.5469163731,7338505.5160293281,5780978.7331567071,4524221.0387892937,3467314.0782154105,2549699.0941723026,1736803.8263992718,1009549.8447458434,358339.64720589557,-218345.33086219782,-712753.7638118621,-1106577.8343189543,-1372531.0728218656,-1481487.7251912095,-1416160.9922414743,-1189567.1603846713,-859320.62392686761,-517897.29900586995,-251160.2865303267,-94248.612247194862,-26335.935974711945,-5298.7041492065146,-747.67688219983597,-72.611206484380261,-5.0283017578040274
0,48.117381807478729,398.11476567625704,2122.2481477784395,6810.1380111204626,9207.5988999118708,-22071.210235284099,-156212.35776655606,-470080.23050852341,-988260.40838145441,-1652743.0013066719,-2350008.5383814215,-2963813.9468913265,-3413125.7164510698,-3662362.9951635385,-3710967.2877005651,-3575792.4084316525,-3277041.4151818175,-2831181.5268526161,-2249569.0333409165,-1540243.1941710331,-710435.88905547396,232154.69411220285,1279917.8968306845,2426704.3385593272,3669823.861779572,5013016.7892346866,6471038.4117758684,8076956.2916488815,9894178.96704017,12037059.608751804,14708070.990529094,18270485.530172039,23410362.383285463,31573771.438829694,46434952.674183697,41283465.745464943,29498354.031148922,15123977.220341388,2135371.500061905,-6779452.9713653279,-10824909.488834804,-11256639.259116346,-10729353.244844578,-12059821.857891178,-17008359.641088746,-25400664.383655604,-34912335.938806832,-41682814.125047565,-41557520.385044552,-31556874.004091963,-10998182.652969748,17847589.240218949,49164555.467826717,74024494.470877841,83235380.306375086,73387748.974881172,47975562.944095135,17798643.075551447,-10631225.45458487,-32778236.567981075,-45973138.59579318,-49557807.626319692,-44949662.922207579,-34930751.304621734,-22603152.083802775,-10559277.270712549,-364875.12426893349,7567314.9377569295,13701139.926816488,18859019.691031154,23606056.066800185,27892175.593376234,30910293.142971266,31244645.257247381,27102537.566471625,17632988.400289614,12427372.497612318,9210293.1953412909,7040428.131595321,5460970.1237318013,4230294.5184772573,3215933.4661817434,2344945.4659659099,1577935.5315636848,894031.53411034169,283040.72100743256,-256835.02320979553,-718314.58170429314,-1084060.8779491992,-1328328.6889215088,-1423837.1620863476,-1354757.9781347467,-1134106.9543599973,-817029.49198299355,-491263.55284606328,-237734.54292775493,-89021.781626705546,-24819.23230250871,-4980.6025500810192,-700.54736234254199,-67.747030588183151,-4.661010893048676
0,46.582994366594228,386.22474155699382,2066.5679456161215,6688.0590241103737,9399.7808861362555,-19630.705355993268,-146619.33582213725,-445506.68215745874,-940420.38376069651,-1576312.9089850136,-2244680.2407443258,-2834129.6274838769,-3266871.5228922032,-3508704.0042882422,-3559104.960284919,-3434352.860550825,-3154013.2549797245,-2734103.4815572277,-2185725.7065916313,-1516723.9274344649,-734019.4675583489,155230.50284496078,1144195.7317028362,2227703.1926117195,3404191.3229887863,4678663.5228071604,6067358.0471285284,7605380.696871534,9359688.9026850127,11452007.200144134,14100934.535191193,17702326.254537147,22987230.217706095,31328664.086054455,45246752.268629767,38249230.177235559,23458435.047299527,6303929.6711845566,-7882588.378060095,-15505506.026057387,-15748492.235102551,-10756871.275011623,-4668582.2945444584,-1944530.8498706962,-5534285.1039285995,-15651296.795212481,-29494911.826647446,-42061262.792168178,-47762366.894241832,-42420338.043478571,-24951437.721911129,1793903.5074130741,31269653.785870004,54756924.029416338,64484550.912182957,57330364.063296057,36066909.12521036,8211493.3458807999,-18781212.780632813,-39125568.235981092,-49630613.26201649,-49889900.407032326,-42039817.026194453,-29701803.784051333,-16667452.624937674,-5749261.9171525259,1790257.8361847703,6313931.1232084213,9185571.0193929635,12029114.404609425,15847562.83839694,20485878.998260424,24746187.708536819,26603893.186273582,24076379.419495836,15986009.321746394,11230193.185004137,8280828.8025105884,6311929.3099507783,4888361.0184506513,3779322.946977708,2861522.0592896389,2069386.4582087263,1368811.0654190164,742469.38988615037,182430.02092782038,-311867.42579141137,-732875.52929509059,-1063984.3482350784,-1281098.6548946293,-1359132.2400876444,-1284143.8004395224,-1069356.8762552605,-767120.4149865387,-459555.81014033791,-221621.05316546233,-82696.360654097269,-22966.998750676856,-4588.067430908729,-641.67069542717604,-61.579134436856414,-4.1860748142865409
0,45.128238192799301,375.54312798010773,2022.5271663831579,6641.0632028153186,9929.1580850001574,-16094.04806370259,-134335.88723591377,-415724.94122514781,-884288.02207488462,-1488609.0549966313,-2125849.0451363567,-2689862.800349467,-3106241.0322245932,-3342151.7269368898,-3397062.0825899942,-3286659.2966740564,-3029912.5496889716,-2642486.6785706338,-2135362.8014962468,-1516341.6845102275,-792205.21068272204,30201.599502935122,944448.20153660153,1945643.2928673429,3032052.8328141556,4207516.6355827628,5485210.7055285601,6893684.3506903844,8486856.2907585409,10361009.601879647,12684285.556986934,15748181.778928302,20055594.916632973,26460157.670295052,36345853.050220877,26721523.53757076,9893599.1543539744,-7991486.8150739037,-20833777.083951589,-24624392.482796006,-18798706.33916859,-6449057.927688933,6949976.8447600072,15502724.16697224,15070356.769433759,4837538.787049816,-12323756.933766413,-30773262.991543125,-43970161.180967629,-46758755.686940484,-37294450.977620132,-17906833.420392662,5459220.978703863,25032825.452830415,34153498.678033307,30046088.670933988,14736741.36732737,-6002840.2229866786,-25509888.424476579,-38403571.397132404,-42018465.324426442,-36698171.467837133,-25365452.529765427,-12205118.636709521,-1202839.6190812064,5157490.2126562838,6464935.5363749145,4222876.104777406,971275.15915280627,-712604.4172188479,682495.68222431827,5008029.494785931,10714597.927497307,15337907.850446049,16560145.337229207,11727700.556874573,8675988.67803487,6651664.60536817,5212301.9538293043,4109123.1671026605,3205770.3090775935,2429053.4322653185,1740801.0632028263,1122073.4381215735,563974.84481232171,63245.657652463822,-378300.26142220525,-752398.35206144908,-1043134.1982104317,-1228310.2331469583,-1285464.2223840505,-1202990.5626118295,-994500.99942825094,-709173.70187785977,-422607.25862805312,-202776.66559534421,-75269.96592878268,-20782.64241299373,-4122.7195587136757,-571.437677346128,-54.166256778657235,-3.6097504955557858
0,43.747405727040331,365.93411773835294,1988.5572591079126,6657.9502889749192,10741.950575929108,-11644.622413677802,-119827.82212905525,-381656.52848643687,-821340.49515937129,-1391611.8399566228,-1995781.0829373922,-2533233.3809162336,-2933040.5232802401,-3163765.6876635631,-3224897.4328868897,-3131606.26890558,-2902390.6385771576,-2552721.4496995718,-2093625.196051873,-1533007.6941307792,-877633.69660796307,-134157.59697122447,691198.87192241068,1593436.28553637,2569847.1684129471,3621516.8906704299,4755498.2901533544,5987945.0374324014,7348617.0626165885,8887192.1491355561,10681665.300258618,12848022.125684565,15546927.8109696,18974621.971124224,23311493.258607548,11244611.435057871,-6427959.492184869,-23369059.56959587,-33267069.4458341,-32169232.282974135,-19897150.544404645,-243274.26884591399,20394098.861010794,35129039.245763049,38908164.242022268,30218599.767211985,11602959.59923036,-11191153.380441761,-31246390.351065941,-42831865.715190612,-43296370.560577385,-33894905.50950744,-19227434.043532517,-5548480.8110590149,1778095.7270952181,486805.1428522651,-7930752.1275767544,-19104283.820723485,-27895443.640861928,-30347040.117578063,-25096550.40409831,-13587885.585411964,488930.56442933099,12672450.250021657,19315816.939148765,18813190.09867027,11968212.583157659,1538827.6202536386,-8784848.3102662861,-15648296.314196801,-17179643.950129718,-13489969.751922261,-6419645.1948043164,1289356.427739837,6993259.4120676285,6284283.9388678297,5484472.0298543815,4693178.0710646026,3942210.4462355687,3237135.4074053043,2576546.3194037825,1958903.5962405538,1384161.663971981,853602.17393396026,369007.14710034069,-67323.899223270113,-450962.03327467432,-773021.56249939208,-1018577.8268626118,-1167769.8101468529,-1201279.8681355638,-1110306.0812667403,-909002.32744444232,-642968.3035148721,-380368.84773086413,-181214.33287740278,-66760.862148348257,-18275.210069350513,-3587.281839266017,-490.38851188679587,-45.580808801144443,-2.9391290010801181
0,42.435531305084929,357.26059264489174,1963.0079852755296,6726.6852206377625,11779.521762851626,-6484.7982408760245,-103614.91406055348,-344340.82582799933,-753261.2932079233,-1287599.4275843124,-1857100.8172491249,-2366815.2275579586,-2749337.9716093745,-2974685.6194111905,-3042493.2925523128,-2967610.3028410957,-2768304.3250597971,-2460101.1872205208,-2054286.6418588401,-1559013.9276583414,-981077.08527233324,-326893.36020782555,397626.0910203869,1187469.5801325985,2038964.1954334723,2950273.1574119404,3921869.2206980744,4956631.0288449852,6058695.5566197401,7229092.9979195492,8453958.9744157754,9676596.1315654628,10735984.294791082,11238931.924240328,10308101.806225259,-3077455.1110063721,-20244181.519153886,-35114927.843944781,-41703749.834353507,-36398824.548327409,-19362263.996134665,5352042.1465635225,31039989.306805342,50456645.490941517,58183859.599948034,52224851.932043321,34605614.249604806,10584229.512669027,-13283063.946901141,-31283908.972979255,-40268841.364242829,-40412631.452220939,-34766293.808470443,-27746807.823277444,-23116601.985004902,-22420552.272271682,-24557453.418875925,-26433740.268949252,-24626184.657724511,-16979405.002753861,-3692795.5143540525,12629365.596269151,27762995.905160427,37379898.882752091,38556219.893992797,30784234.540746391,16089381.646540282,-1603230.3580468837,-17757963.721467298,-28654507.680918235,-32350529.293108821,-29078536.854293663,-20951124.372296751,-10910987.984867435,-1746949.2215108918,1304255.8838624449,2559719.1305425875,2892664.1113814479,2764585.1161899553,2415724.7893702984,1970924.2042136691,1495709.4666589247,1025178.4620426062,578671.08411090064,167026.17452913462,-203106.42654677684,-525606.74704057036,-791708.23032892065,-988130.07881634822,-1097969.6738826868,-1105647.8550312896,-1005633.5973056509,-812743.40080216608,-568570.96541824192,-332957.8942961233,-157024.89036225303,-57215.623896865101,-15461.413050180441,-2985.9657601796703,-399.26433570171974,-35.913538049621295,-2.1824241290945081
0,41.193482225052229,349.43702655709228,1944.5295381860631,6836.3334114725876,12985.311258622574,-818.16596038235548,-86238.162314689325,-304892.66847449786,-681906.84318920539,-1179149.2439117902,-1712846.686681634,-2193646.8930832706,-2557612.1221953561,-2776288.4787998432,-2849695.3573007835,-2792716.588478968,-2623797.8260606849,-2358907.4218624383,-2009890.5513369497,-1585301.1346574221,-1091927.2530174267,-535707.74802902888,78194.969812267547,745382.14206027973,1462077.7889723417,2224807.7986935456,3029643.5258439095,3870249.732453878,4733089.5557307471,5586357.5888617625,6355949.9328000257,6875668.6112566115,6788112.2823765334,5354987.0340470634,1109676.1836786366,-11755478.583938157,-27039335.111576583,-39323347.436187647,-43344638.413745247,-36041426.692904837,-17721309.740430921,7847584.3253408745,34478893.782373771,55455419.128478542,65648336.629839405,62979725.602003261,48882721.412973478,27574752.090823576,4557335.7893841155,-15191454.908912895,-28635656.109127283,-35252438.960964017,-36719702.866924152,-35655103.115715772,-34198173.389845334,-32987586.77545166,-30998025.767052531,-26180104.520358421,-16678880.069232957,-2034008.2078356433,16129005.72893355,34315288.20763354,48188831.35799025,53997054.606364176,49814428.578905866,36241578.928490281,16324158.936991528,-5328720.0679108258,-23945536.037964806,-35979087.896597728,-39912416.316763036,-36376619.503198005,-27764080.780262958,-17105402.453644443,-7025384.4248773921,-1755277.2382421596,698716.14406603028,1679622.4788087758,1908270.9901998306,1766018.2916106428,1452910.4720870368,1073451.7847753754,682161.32867274899,307451.25012172392,-36019.698781425977,-340383.24495102844,-599761.59629055799,-806778.97185973439,-950712.66059884022,-1018350.1780119325,-998458.03287605185,-889202.5562595051,-706134.83846044762,-486407.07298583206,-280698.25971218647,-130395.96438214129,-46716.188876441651,-12367.626250478859,-2324.8869005183647,-299.0689464958885,-25.27998198845183,-1.3494739801378695
0,40.034276059842988,342.49769801998576,1932.5848223406783,6979.7597105852328,14314.90526276064,5177.423550055305,-68207.470786274644,-264429.41860550857,-609239.56343735708,-1069118.1836795029,-1566532.9145230665,-2017382.4328439422,-2360964.8737831162,-2570415.2529185209,-2646501.9935192382,-2604721.4599592737,-2464356.901956914,-2242433.1013556742,-1951809.4053639171,-1601648.1882477093,-1198628.7169408321,-747771.93307971989,-252727.10904484766,283803.61251779308,859433.72532305436,1471287.8460131993,2114815.3697853936,2781462.9773818506,3453469.202471538,4092225.2088078386,4613390.3836852629,4836086.7615002394,4383196.903617518,2492198.7115437994,-2333632.3876470737,-12642424.886116844,-24686782.420861699,-34182727.747802496,-36941950.698336475,-30551970.653825805,-15231279.721240705,6073407.2815152677,28553337.868074745,46982023.493359923,57249075.899582669,57618250.749113061,48956695.623893097,34142483.101341419,17017342.54129022,1088653.0409381073,-11470869.186694574,-20056775.9889795,-25376428.441259827,-28536656.432988476,-30237344.237792064,-30160579.549803041,-27039655.031825252,-19484778.41178697,-6851893.2859569835,10036282.011573736,28627980.763226014,45091679.612931773,55458967.307864211,56894682.989438273,48627705.868745565,32210654.526537817,11303350.770782745,-9480634.4595618062,-25941441.080442134,-35374807.319870591,-37171696.247437611,-32614297.136434279,-24361345.131895766,-15243019.721524244,-7344167.45646792,-2078007.3080812444,335296.42818323505,1277883.7629901906,1484737.1565241131,1341222.3968227296,1046606.2811689911,702358.58175457199,359128.07038486935,41429.932729624117,-239539.28220486402,-478828.39027253125,-673211.63395989873,-818170.28178228613,-906508.75401781162,-929406.73638210481,-880506.24846024706,-761999.65613865724,-590172.73879215925,-397302.76283779053,-224146.8882244296,-101625.72882954012,-35385.491848600439,-9031.6420919315133,-1612.4665012901428,-191.1347939464554,-13.828144365118032,-0.45241753408367674
0,38.989986723929391,336.67642811552344,1928.0867722411795,7157.1873601715133,15750.072388779021,11389.527244516601,-49920.237157611926,-223949.68571450797,-537203.06957961945,-960577.95410047995,-1422202.9650019919,-1842478.8973054634,-2163404.2235829565,-2359668.2052314193,-2433290.8587541515,-2401267.0586354947,-2284763.6491050171,-2102841.7134738574,-1870102.3835887862,-1596650.0536272831,-1288908.3264249188,-950333.43486933515,-581975.73952486622,-183407.28279907585,246153.65577571574,706806.69605767971,1197123.1839180302,1713124.5123154791,2245960.9878467424,2775814.3647448048,3257309.7378344587,3587777.4023505547,3542892.1201335378,2652262.3374878215,-33828.93939080945,-6042474.4986700909,-13796875.47087032,-20474274.686471313,-23252484.591142148,-20380990.413545296,-11831509.974631319,679603.56709125149,14337530.74190695,26114047.595771424,33663486.019721963,36031500.635230742,33665608.647857375,27977388.374348868,20726615.004768554,13379626.198246604,6618150.1552532744,505622.70596351277,-5250336.4560000021,-10659373.423237531,-15124129.127474746,-17388692.982497077,-15891743.005732484,-9568280.5474304762,1528521.835704295,15852893.092677839,30539588.857623272,42024089.894662507,47234759.640684582,44517589.723362111,34218118.419705108,18604579.470051017,1347194.9926489773,-13663931.736765817,-23480039.942005515,-26803616.607955389,-24309920.647899024,-18137855.555242717,-11087500.555084899,-5545179.540139745,-2730198.5092788548,264941.5825973255,1395490.3538858739,1622920.4850934371,1442109.1759794313,1101935.7047636402,723484.6068899323,362667.59544467571,42967.741434944539,-227728.62312826433,-448627.43768623483,-621494.93811243551,-747862.74485386699,-827283.15610016277,-856836.66715090722,-832601.93078097701,-753442.84291537094,-625746.02439724631,-466435.50399892259,-302491.72580882639,-164102.78849856864,-71129.601050953555,-23390.930130588582,-5503.9513773948684,-859.76742583256487,-77.184803904002806,-1.7464224551129377,0.49353757917407776
0,38.117328015835746,332.48298316859001,1934.0932354506251,7380.5000715720507,17317.264310903804,17827.536784663906,-31536.978764708449,-184133.71313035092,-467495.56433386216,-856663.12773933797,-1284457.0422680874,-1674445.3657920822,-1970259.1067010106,-2147860.1378343878,-2211147.2123789811,-2179936.9076526067,-2078924.8707772701,-1930788.8921853981,-1753062.6141281037,-1557364.1471380193,-1349685.421639076,-1131000.3800222713,-898269.57561890665,-646153.61828477797,-368893.66441669146,-61643.638865848159,279373.30607429962,658220.73212575365,1082044.1896098298,1564686.6388977058,2129866.0267452728,2811819.4360292763,3650169.6593941539,4674198.1304191127,5870916.2512366418,5095452.4797304878,2242128.0530107142,-1460437.8134046504,-4754204.7233486502,-6699826.6499759378,-7008895.3191452324,-5960843.5846172338,-4103441.4800655819,-1893380.8900655475,539690.00424282299,3360577.569742898,6820329.6124763871,10930724.976910867,15266959.955353063,18976195.261248041,20960976.33245609,20307314.164584532,16669004.803589134,10755533.933352854,4178632.1799315275,-1015057.7345240087,-2928850.3438406577,-583368.13348519185,5694381.9071866581,14133224.103943991,22065132.964242205,26705694.549868383,26195160.575212289,20198728.186755087,10088558.916797062,-1475638.0684245354,-11365813.562782977,-16970915.386845849,-17080151.337249216,-12195928.684731588,-4392434.3994033886,3430811.8240149338,8512768.0580466297,9112541.9971580338,5149214.5320383478,4291487.9471353879,3296164.6071573799,2365596.2379810242,1569859.0224321261,920690.51944314153,406403.14821827575,7980.4654599800042,-293889.70255178865,-516126.5532416327,-672532.08856149612,-773691.42606173037,-826936.29172171315,-836410.41581973026,-803749.12143363291,-730088.98040727014,-619587.44611411612,-482780.79763824708,-337018.26253877097,-203584.63076912332,-101596.67022369448,-39438.668783194742,-10945.053109787341,-1848.3287252342577,-80.706589758443144,40.620546897021661,10.729561345812307,1.4693845394834537
0,37.497365272546183,330.73700381144465,1956.3437185619532,7677.5887046780927,19109.763100233948,24699.056938305504,-12795.67976398397,-145018.70715867472,-401166.15531121677,-760252.81689247175,-1158409.7716559896,-1520170.678056452,-1788801.1265942557,-1940705.2305820337,-1982352.4711041432,-1938330.4672810412,-1839462.1455197067,-1714611.7204342245,-1586220.1118478116,-1468401.2407022335,-1366503.5274866116,-1277650.6196967463,-1192533.7925181384,-1098508.3555371473,-982919.40890541871,-835331.09787732165,-647334.74209169135,-408776.64268063847,-99341.283003415549,325786.21871051041,958485.96106330212,1973174.7853487979,3684477.9156090533,6643847.0108422544,11800899.208170502,16043744.365896536,18201444.562077969,17865223.50620262,14674078.774843607,8527032.2822804265,-251605.5084803279,-10649769.803207502,-21014114.982467227,-29248279.630495772,-33232182.872851852,-31511955.342284851,-23818678.97322613,-11297720.746790024,3654201.248962888,17943007.783871591,28688254.715968281,33967017.773335934,33292918.831320345,27830611.133165162,19914539.842256825,12195124.195275193,6789391.3524083914,4585875.7350659277,5100072.0811089911,6620379.1467619045,7014336.7081028158,4650043.3258511992,-962276.36159807025,-8916939.2903833091,-17028556.690036964,-22593043.982542042,-23359228.419039253,-18303527.621238023,-8130751.1983973663,4860649.5455739573,17390428.731078129,26126591.941822808,28628071.894728839,24048576.703879502,13453669.341287401,8377129.2912806021,5102390.8013632819,2965342.0605013119,1554497.544284146,615612.38473355805,-9783.9859884051311,-421955.99166773853,-685443.87107590761,-842538.09833946556,-921383.11895289272,-940864.61999384104,-913579.92294545565,-847816.18748370092,-749413.83410737,-624290.90100487031,-481643.49710680608,-335872.25332462863,-204416.33254067288,-102505.31288931088,-37861.780734091088,-7189.3621641279087,1696.9651423928894,1858.4783350236464,707.91547874863193,159.66272960170181,23.312828330859819,2.4517860574840156
0,37.219800346237847,332.47158608756433,2003.1026141758043,8094.6559717352056,21308.873675640782,32504.109153895814,7255.2669618771797,-105476.95661528465,-337900.44450006349,-673331.15043099108,-1049481.0050094393,-1388355.9911952277,-1629222.8701796615,-1746965.474287783,-1751211.5806360061,-1674187.1583755049,-1556984.880173672,-1438883.6723066047,-1350533.281936713,-1310224.0842038039,-1322371.9748480259,-1378067.549063463,-1458254.8427457809,-1539272.7428407772,-1598919.4744991281,-1620877.6261277322,-1595332.5457056107,-1513835.3182908157,-1356533.065782808,-1069299.4007386875,-526153.54111436079,532587.71587980574,2605819.0495581655,6618260.3807075052,14258181.670255745,22234058.448969785,28903143.400837183,32397864.997566361,30789762.97699438,22794193.277582683,8421140.8773299884,-10549445.104525873,-30764543.512573823,-47989246.450493053,-58162523.773892015,-58631897.904986143,-48970849.148596384,-31181533.55941439,-9151838.3696577642,12379045.93753892,29136994.130406633,38455474.21412807,39878819.48306071,34926203.734362289,26434484.64243694,17400025.404878926,9948698.3810523637,4753941.1923082601,1024761.055533562,-2866751.6270382269,-8430393.3733548354,-16224290.903398653,-25450553.296790879,-34061971.49703867,-39301496.608091824,-38664369.4321528,-30931665.070582211,-16699319.422386171,1592176.6952834327,20268695.050026037,35372472.020354189,43605655.112377666,43199898.860474668,34339649.666367672,19036915.186137684,10732481.780853236,5799351.4731537178,2847342.2748309299,1071252.2969061167,4287.078935652441,-626352.33272831875,-982243.16600921168,-1160709.2157635582,-1221493.2342774968,-1201968.7310094004,-1125987.6488000345,-1009231.2798147482,-862686.94854917948,-695422.67809189821,-517430.52443774982,-342370.60842598038,-187990.77491139428,-71375.382451877435,-1401.6371112868876,25711.472087564787,24895.308896794966,14243.285451231057,5528.1149958009701,1486.622492371459,276.88292762930718,35.665271063201466,3.4129159974602272
0,37.333804100783389,338.52976446215257,2083.1407251113487,8691.3731355292839,24190.224556552374,42128.053626405548,30615.346145877931,-62394.030873104239,-274765.19304610771,-595735.34662944172,-962819.59397792281,-1290072.0912375597,-1506221.6198349523,-1580403.6683523159,-1525497.1822919692,-1385610.4177264175,-1218815.0074672769,-1081852.3747510849,-1019157.6688075667,-1056070.872784429,-1195639.4984785477,-1419279.9883680847,-1692320.1375417388,-1973721.772637225,-2227014.0125340726,-2429065.5167606524,-2573461.121672838,-2665851.203243007,-2709198.6116407495,-2676644.5432144077,-2467571.7743760487,-1836712.7436444033,-274102.30878549285,3208685.2457470885,10469321.663471498,19998119.178531356,30136917.777425099,37908784.692882396,39894822.650799885,33502518.081771929,18057438.217006877,-4518650.5766746802,-29978338.683842,-52712031.995273702,-67330063.993636027,-70280628.712368593,-60912061.86646992,-41760524.783439361,-17599602.4404644,5964846.5607910734,24047363.697615843,33804591.591143832,35119906.055552505,29992170.148802105,21643939.868975025,13122397.675487688,6224677.4940767959,1078886.1080888198,-3613654.8932694187,-9588652.7191355806,-17993978.872430556,-28581167.409098789,-39508323.163494088,-47776775.015229359,-50308446.654123642,-44964421.907289758,-31515355.662879284,-11908366.362562081,10178493.486366902,30341736.155454539,44631612.046533994,50421267.589346431,47068259.633781008,35812731.259359404,19286149.583173867,9919211.9937898815,4595100.6292602401,1577979.0632866863,-114436.82092590896,-1037412.8267873136,-1506495.7819589628,-1702865.4338707181,-1732010.4374490585,-1656388.3364144277,-1513650.4226684785,-1327116.8372417032,-1112128.4408379768,-880197.82847721013,-642179.38542045606,-411106.8334841397,-204277.90442878363,-42083.237599909575,59268.369623396422,97457.656460501472,87632.965271766705,56031.993446057306,26374.784700080654,9063.1330357344814,2233.7482602091654,388.84761123000999,47.403664832238299,4.3208289734666696
0,37.735921225794662,348.53880776834262,2199.5669536409805,9517.7466943678064,28080.039262156752,54868.3255642855,60743.16553071879,-9419.0322313456527,-204011.20203178923,-522719.11924249883,-901922.69409467478,-1239423.3762246931,-1441629.8360593135,-1463223.57847672,-1319089.7849798941,-1071601.0492596384,-806883.12168145913,-611060.16016126191,-551861.70559511788,-666617.92450159544,-956327.36233222007,-1386578.1773814396,-1897006.4448523934,-2417974.6108793113,-2889716.7382370606,-3278711.2413369827,-3586479.9067705157,-3847497.5313841649,-4114657.7154457532,-4431911.218629742,-4793080.3977565495,-5081526.9062307775,-4974594.2849428682,-3775341.3251106753,-96165.709698914579,8502945.9738784432,20662637.888218492,32710167.736845035,39994700.697343029,38623915.132137753,26939874.131684951,6384211.4631749708,-18760942.849544819,-42418183.277262412,-58661461.466774806,-63520435.963495247,-56172939.763675742,-39298039.383992516,-17916177.495279253,2226351.8225883949,16498385.365594067,22615825.818770465,21185996.84460428,14880815.196690677,7257647.8901322708,1178406.8430471949,-2230250.9401873499,-3768524.8326404928,-5559154.672672323,-9787957.4079151042,-17599542.971323632,-28193075.478626151,-38996489.359656319,-46406725.43368613,-47220588.760089323,-39741220.437605858,-24534417.478700161,-4471614.508111571,16169777.929827837,33000842.479214188,42791871.594172277,44219158.778854325,38105157.675124325,26748203.898251127,13016561.758875478,5320133.9498298718,1179429.9756426585,-989866.74499525025,-2064705.4220422965,-2528649.8324867999,-2648801.1364503736,-2573621.3218092406,-2386444.271005149,-2134659.003006265,-1845643.9970157498,-1535852.7112207618,-1216424.934440868,-896976.81333614385,-588543.76801756979,-306028.37605710904,-69403.644749962215,99113.183724755465,184737.62613165614,191789.91116866644,146377.93685069546,85409.271833368664,37757.577439132387,12360.650509271169,2926.2170524139256,491.8671275686437,58.112335542180425,5.1404600534812017
0,37.959514232133515,358.80546315650616,2335.6201880287831,10550.825578030877,33181.804806175482,72218.192327577184,102830.82445894518,64811.023532796477,-109261.37588961658,-440235.8669530499,-865559.17685785145,-1254234.3304781425,-1468905.0898192776,-1432251.0504450798,-1156854.24989588,-733209.1909131573,-294186.80036467058,24263.670556060522,114762.33402620465,-80542.615236995145,-559557.04061930475,-1261658.4397550365,-2083570.3255920962,-2907438.2984388205,-3633453.0717924968,-4208709.8585206298,-4644859.5427983375,-5020217.4209817015,-5465860.2897115508,-6138853.8074983992,-7188398.9905306576,-8719986.0391695928,-10756539.107821835,-13179729.586182903,-15600858.675742224,-10142129.032070989,2308686.0614598906,17865782.357175138,31121015.314131591,37061236.814596742,32879390.259505827,19043897.498532582,-823353.78767105064,-20995142.34073022,-35709664.138039455,-41118515.481398605,-36487573.690690868,-24363869.826054033,-9456078.6409412567,3068859.6388704954,9548023.3836386688,8869135.6746622287,2706250.0013800878,-5508491.3577667233,-11963624.729957214,-14172171.259603415,-11895686.083589563,-7056294.9676810727,-2878470.6382572753,-2315098.0078030694,-6780337.8405411877,-15261731.856581984,-24779296.799196236,-31409841.139865696,-31897007.233786765,-24948072.492793288,-11773382.518123262,4241760.0082919803,18767969.573218949,28089945.274684116,30359698.712981459,26048503.741010107,17593216.006977707,8268280.6544509316,846493.62311729894,-2637655.8773768707,-4150901.1893443945,-4647976.0818064995,-4631874.4670533994,-4363581.2921269853,-3976707.2415836225,-3538747.3626101119,-3083264.6280298582,-2626613.6894127326,-2176574.4804522106,-1737228.8991698134,-1312200.7354418132,-907131.92249432008,-531824.94117211422,-201956.94694116991,60783.95772651818,233194.81758901678,302437.59313464758,279400.20473237702,200455.26627616835,112224.21328343882,48058.144443702695,15317.03949472662,3540.6014484213683,582.16602646308809,67.362501751481361,5.8352724396456184
0,36.865402503460807,358.80510935260429,2427.5637940082001,11554.492330451023,39109.249648206031,94972.356972571026,163328.51449441758,178837.95832577161,41027.623893679527,-315772.59750442085,-841098.68214293651,-1356454.8635376105,-1640979.836680989,-1550244.733599796,-1083753.16418429,-375992.93711114704,361136.07073519466,906360.70775203849,1084371.501194091,802054.53641453106,66195.383640415152,-1018959.0681259374,-2278046.9226156967,-3511318.2140101665,-4549202.6041571451,-5301342.6961426027,-5787694.0393450437,-6145510.623247657,-6613110.2430419317,-7498028.2931634327,-9145324.9475946277,-11926275.423285421,-16269732.764372265,-22755078.593081374,-32273777.888312262,-31318039.447289605,-20185876.402371019,-2554207.6654500491,15888745.951828601,29365683.226799544,34042191.730986506,29292641.98229254,17719860.52873674,4092781.2032360155,-6572761.5482390681,-10940858.026246466,-8554222.2564702705,-1782342.5018668287,5268792.7473921943,8445807.2235384677,5435607.6595375976,-3393728.2989013935,-15114523.512742337,-25434595.003531028,-30379487.402220707,-27965227.836747222,-18985024.975929312,-6670162.8518401952,4598420.1750571635,11044578.748432038,10910070.261420961,5247900.4806421064,-2719921.6078975941,-8916477.6939587928,-10157739.340632834,-5538312.6194013851,3206433.8658109279,12476708.263454195,18241934.620384082,17819923.990919847,11063631.337557537,440955.8414907484,-9911159.036619693,-15843139.931877863,-14892925.227672588,-12546975.284273615,-10535846.331963692,-8862354.7795278225,-7478520.8483088082,-6325054.2400404252,-5347909.603822167,-4503410.7122077467,-3758391.457234398,-3088571.8904655944,-2476662.8469652333,-1911221.8288983528,-1386483.0702069732,-902908.80619148083,-468166.47195055452,-97890.66159250401,185347.60387603319,358141.83912622777,410046.86437700957,358272.80899120285,248475.53662989647,135721.29252349131,56960.253148781012,17833.389558109458,4054.4012256243327,656.0960982204432,74.737269385079614,6.3694666120690346
0,32.424384813613571,327.36338063934846,2324.9572499404885,11820.424190384976,43828.321451956421,120658.28921471315,247003.81736558847,359942.7890886715,304561.00663909153,-80436.300106392591,-790296.26518376952,-1571598.8310249627,-2044419.9456761915,-1926927.4107799057,-1181927.6527880183,-14992.03164917458,1225877.6940953594,2171848.0431353608,2530722.5535670361,2148820.8430056758,1040189.4643251847,-618194.75496346573,-2529775.8700990011,-4355862.8634370891,-5806019.1188388364,-6720206.6090216199,-7120070.3905215114,-7220258.1065026438,-7402445.8884753222,-8163018.1645861594,-10063776.715608789,-13723262.336913159,-19898602.461798951,-29718333.523524534,-45140542.345413551,-48795473.579020604,-40243691.101925932,-22624432.145918686,-1409871.9705926566,17431214.287332524,29513723.507605691,33343312.587101858,30441697.147762835,24388571.276636031,19094268.479033992,17098778.672541194,18492698.946936395,21038805.78829373,21261448.620790571,16097192.973053604,4623908.3903282927,-11374527.492973387,-27819012.707266465,-39667258.737723425,-42930384.397955135,-36206099.534238711,-21243559.06980915,-2453446.0265088547,14782198.03824899,26012210.382407822,29265564.518585414,25687773.123230699,18718567.559661474,12535106.290883806,10146892.685255371,12058363.121324476,16096189.758565634,18513910.986228544,15690015.607036464,5950451.0867515597,-9294529.1647987869,-25709032.151433326,-37567887.370051295,-39945470.777568027,-30721393.338369638,-22363437.807005443,-16757193.028417127,-12896017.808697673,-10151517.505958503,-8129713.8621524535,-6582158.631451522,-5351052.0154212015,-4335359.912040459,-3469857.8456679541,-2712230.1541463779,-2035661.5909699427,-1425112.7569321163,-875858.57831623883,-393238.86803113646,7570.0736554118548,303733.68963237351,472308.03090291447,505577.32083991863,426649.80599033902,289215.75715944392,155231.50662182868,64182.605948870601,19821.36890154631,4447.4479790938858,710.37527975085629,79.860201601288665,6.7105581208765495
0,22.418873503501615,235.43991745586652,1769.685181683581,9821.8141215275482,41604.281842403623,137169.34375613165,347034.14508649497,641409.96660616226,783112.4988571764,406498.25354506425,-619064.92530161503,-1925625.3266090651,-2825717.9218667243,-2758542.2782809064,-1602651.0906195559,315550.25991751754,2408927.2040491374,4051349.4293198725,4749327.27300872,4245715.1457406897,2566493.7895295122,9835.9128070192419,-2923960.9695988307,-5661325.9786661742,-7704115.2173598371,-8768524.1390563026,-8866840.0653722733,-8320916.8243171358,-7715327.4882400641,-7795476.6918928111,-9363545.629279742,-13223545.099922553,-20254564.178285617,-31709929.043010846,-49959268.469362542,-57122851.50599426,-51848243.762510784,-36511591.622427709,-15899000.857288556,4473406.5841781255,20241426.538456481,29448349.557442188,32850309.519923028,33041941.007461846,32880738.587858304,34025697.553142227,36086520.361353792,36794423.94584357,33107447.513956819,22859021.857050341,6176006.28314305,-14086849.087186098,-33004063.069125589,-45176570.776193731,-46744948.309902392,-36848929.852671303,-18061206.472923636,4406903.378357349,24523841.359708801,37545299.695765108,41635909.995999992,38219181.832504347,31111681.482735392,24630343.705948751,21601833.799763277,22133101.045413442,23528559.276680414,21649295.109463442,13038163.119342607,-3250140.1726397332,-24644634.512812499,-45370715.036428526,-58447140.319980606,-58291656.399534255,-42998687.12273255,-29956769.261718225,-21554852.983708933,-15993470.281295314,-12190978.341272881,-9493067.8216234595,-7500555.529004503,-5967385.3478697194,-4740145.8291456765,-3722054.0452395733,-2851524.7328627813,-2089917.5376468343,-1415069.6960840558,-818282.59392245568,-303101.88020521303,115749.71070819777,415558.90462656523,574369.85252872901,587410.61366948264,483097.35137638374,321678.38983557624,170209.38066706964,69495.924881589308,21208.997576007248,4703.308643024322,742.32935115497173,82.424542851520755,6.8320454999511622
0,8.4017375043531874,79.987369954687765,543.80120838508867,3228.467592940242,19949.353654198931,108512.34805352405,416734.4474880441,1043980.684381382,1650082.4789638559,1429068.3540243481,-112966.97547878331,-2436138.173444761,-4241842.2721775873,-4402888.0059923846,-2625608.3167123199,543988.94092662528,4090663.5285186758,6937420.449035638,8245534.4919963321,7582922.5075501548,4997573.0277466374,988520.26733878534,-3600944.5032315184,-7801893.5947385058,-10759763.004078757,-11978896.536218438,-11448622.477325514,-9651616.7317948546,-7489090.4090629937,-6076565.911634462,-6532697.5793465525,-9798896.1863101311,-16607073.84856868,-27633080.477608573,-44307253.052312821,-52822151.107072748,-50801347.912034571,-39713383.433373593,-23274138.197667629,-5961221.6508732056,8503982.1069806069,18309608.235477746,23959988.897187568,27400626.039418485,30725720.961266696,34881453.861556888,38969628.240618691,40550022.913038112,36767124.65884117,25926695.33689981,8604017.8052993249,-11908505.267405041,-30404449.35400499,-41477025.732866503,-41527844.645549856,-30171945.956696346,-10560154.025450222,11737246.696190936,30586148.076561745,41477247.994667098,43181721.176879033,37688202.554411665,29299366.129390948,22533785.63235382,20094169.034678541,21627454.775142562,23802497.518638544,21923077.254270971,12219565.872712409,-6132397.6706198864,-30021643.90995064,-52930968.249364592,-67101476.270623304,-66417155.813867956,-48893985.832805738,-33681665.941412084,-23958947.836765394,-17574375.915191069,-13244074.671429584,-10197029.772781231,-7966064.3748616204,-6264971.6287088599,-4916238.2379708746,-3808344.8193752673,-2870562.3728646175,-2058564.5241499562,-1346766.5498907138,-724643.13128901832,-195038.91429016538,227442.98220038682,520401.50280871143,663269.90713107656,654323.37062481407,526560.45856977277,345142.01728258166,180265.31955380071,72738.059469452826,21945.794638416301,4810.5450726543413,750.11008892308496,82.219732279440009,6.7158445067246966
0,6.338726222640898,11.030287848225189,-696.11304550008447,-8600.0961287436076,-41429.223276746619,-53664.963592094682,294603.49376891879,1507800.5300898717,3188379.5650406852,3562610.9933765223,1201707.5245230689,-3092456.8230388644,-6761052.2314572837,-7521936.832204096,-4766750.2274591252,529148.57672821963,6573547.3441019626,11499064.123658629,13881483.506366218,12996420.872571582,8939979.2039341107,2536953.9846194633,-4788053.0724190045,-11406747.375860719,-15844999.036473051,-17255790.483643755,-15596163.529329216,-11597209.643313542,-6699906.7437358554,-2628375.2799768406,-1028278.3714299059,-3040547.3051142674,-9120053.7498997785,-18581139.730102923,-28864675.265725244,-36020136.319768675,-36730802.080862917,-31095676.443588693,-21497436.191714752,-11106332.934466267,-2539867.7593878955,3130854.4854080766,6628950.0331957499,9702188.3925488442,14088327.593676602,20320595.590835478,27097305.694732685,31734487.266425725,31285526.508397877,23987448.023466244,10327511.329032196,-6565495.5703783194,-21850265.549379237,-30522440.594396126,-29397925.020482216,-18455440.13771091,-1039826.6782498749,17386284.473608579,31195273.084774654,36567252.807781391,33112003.505465075,23659679.990003809,13140140.163410209,6349872.845644963,5911890.6743558925,11000007.879663622,17604794.629730117,20274966.430619821,14518419.774931245,-1025667.1777658069,-23473101.746105067,-46309609.59764351,-61519938.658548675,-62606679.18087811,-47209483.267876476,-32831682.102340125,-23547602.261479404,-17382428.384204753,-13152095.379090795,-10141433.093113396,-7914357.385954123,-6201911.3584785378,-4836102.7116021682,-3710620.0247776709,-2757562.3546111141,-1934160.5406143572,-1215778.4551956595,-592621.89042922494,-68179.010464235063,342577.20920606336,617648.91298847843,738178.79362631531,705510.20113620104,556407.24456813955,359201.28576945991,185190.86355270245,73825.73010165515,22006.771783144308,4763.6905479769093,732.86430987764447,79.151940691598682,6.3541737938978171
0,13.190960218133151,62.455433468192403,-702.29911839829902,-11763.817295337356,-65039.772530100025,-127166.21942665742,223445.47825419073,1681006.7141321346,3800740.9901826777,4285389.8236906622,1224209.1536325885,-4382765.9974501897,-9239819.8148135617,-10403312.908478301,-7066607.5187314292,-431120.21783346543,7227234.8619529167,13597672.127600383,16901684.624039199,16262749.320221763,11789480.922774049,4504837.4271360282,-3858259.2789088883,-11291781.468659684,-15988186.189669497,-16837029.338290643,-13760236.08755848,-7609008.068515067,-56271.937590896334,6923614.452372862,11453999.187685682,12366120.449919155,9345366.7867247127,3271491.2358539426,-3969800.478798457,-10023200.017451448,-13098560.831810717,-13047761.281195,-11260235.924109079,-9652536.5100702979,-9633213.174455408,-11325065.475507975,-13419132.845947031,-13849104.880502539,-10848160.789759934,-3985800.6962701748,5272738.4767450793,13995752.746908538,18922311.437876873,17855875.032144178,10715519.281802248,-42617.702110042825,-10337774.773286274,-15903998.538402095,-14079476.234774465,-5064822.4094764143,7995931.2232678402,20178687.171886157,26676049.392167702,24651775.639100567,14668369.011682488,432209.24743862305,-12465701.080569252,-18923272.698744595,-16342803.751558784,-5930178.4741014317,7700708.8254666021,18216610.271575116,20160553.571460471,11207912.88408914,-6591879.2670387281,-27374321.637245208,-43449964.691766411,-48187977.06665986,-38665417.850283578,-27815742.693906631,-20550843.041421171,-15546072.273691596,-11986202.956042163,-9365373.0678078718,-7366761.5007188553,-5789833.505580144,-4506191.5951796202,-3432658.2192878556,-2514984.7297554286,-1718548.6794404166,-1023664.9299740938,-423621.79687789257,76215.37585994089,460069.04663955473,706447.03834476869,798498.49618945073,740612.00262360345,572462.18824947707,363793.46038410405,184974.63142956881,72761.739956574034,21394.842099487214,4563.8305977315385,690.83323926611433,73.256017338497969,5.7506411402728821
0,11.897640756317008,60.862066784536808,-567.44477448389159,-10038.383182472844,-54642.55181511835,-92217.51465263807,286844.49185903108,1712023.0787390401,3650079.8000794519,3778527.3322353,271989.90405181149,-5728149.4351630583,-10839784.210525075,-12100594.616484206,-8701324.6410383247,-1865295.8985970598,6080032.632533526,12789505.216906585,16481529.172891507,16280513.664502319,12282594.056083463,5509039.3770472556,-2274032.8187671257,-9053140.4036098607,-13030151.270741798,-13067289.084578576,-9058927.0439316276,-1807174.577712842,7097959.524865021,15779769.050474254,22497811.552182686,26231277.35708094,26755220.675959006,24798681.458378281,21424394.213925377,17254031.10785627,12991787.731453856,8752865.7228718307,3827156.5149812875,-2661894.369525224,-11079833.974185571,-20672570.659397077,-29474450.909128901,-34927445.760226533,-34964493.256004758,-29014124.770141896,-18449373.587040432,-6214398.8618317135,4155929.8192549385,9887881.5221644305,10054397.741619773,6106937.9345964789,1119905.9264148837,-1487281.6472736516,440865.38362398592,6683624.8562743571,14590864.218147257,20026995.446540583,19126290.762083601,10058357.717316991,-5787930.1568019763,-24059441.667343274,-38762070.283668041,-44651607.763461679,-39084938.916570067,-23384608.856335875,-2484020.6962021915,16660992.209957603,27696620.741251312,27169384.706891902,15881343.998803066,-1480791.8058624379,-18011465.617177371,-27246445.150564939,-25697868.222234853,-20031685.890563492,-15775734.027423307,-12534934.845398182,-10022262.831933685,-8032746.3372557051,-6422004.4616732998,-5089223.6284056455,-3964324.5553897391,-2998671.4917843076,-2158724.1160552632,-1422407.1299146041,-777709.36068908137,-222606.63891725172,234857.92696308251,577904.90638844937,785761.50133449247,843907.39292073506,759747.2045435732,575025.9996068374,359209.49981677084,179807.50154564829,69636.918254760254,20141.377822181286,4218.7205413952624,625.3701589121199,64.697345412389112,4.9203885428689533
0,9.5778076731570536,69.043760535943292,-20.168356609001759,-3547.0377402025724,-17704.362696391818,12917.121815962117,385151.85714793205,1451914.3518466393,2630345.3789748857,2109749.6777791642,-1336082.3752167835,-6586698.265090297,-10881424.983640345,-11873748.994207289,-8950716.2039091941,-3159073.7433395679,3588624.9006657829,9357858.3174731936,12723604.161811143,12964737.703374198,10139345.977364091,5067432.0301681943,-769181.72117074335,-5743118.7569917645,-8389260.1546898,-7776028.7803656943,-3776505.0553488885,2991193.9765960621,11277971.672591815,19598579.795254838,26649772.136344224,31739505.233193599,34864910.20097959,36781545.27172482,38106304.132828377,36859659.403965816,33148840.280614369,27165799.70825306,18631016.022528823,7257592.7556303814,-6720742.5620100051,-21988848.030302748,-36163126.601699039,-46307415.798126459,-49956859.191864111,-46135282.301061735,-35845822.134074032,-21846085.29631047,-7784076.3633660842,3082068.9546928685,9066454.3401862569,10609014.090384129,9756549.4128867481,9155154.6746808775,10577892.972608048,14002886.79252472,17454153.118922822,17627884.778028253,11554076.600333216,-1900555.4602714633,-21019190.954969853,-41286889.847282171,-56721510.924689576,-62084221.565459669,-54670004.77439484,-35646035.700884871,-9786369.3786680605,15899673.533073293,34588907.966042422,41858709.138268612,37196402.166324757,23886845.890832737,7686910.4956646897,-5475682.124919218,-11746819.842991356,-11458292.142102048,-10371802.032061879,-9024411.266402347,-7662325.5837451695,-6386514.8446649574,-5229452.1924281958,-4193689.1005181042,-3270392.5849490836,-2447781.7241256838,-1714807.1845477812,-1063258.7977559732,-489711.02717540401,2637.9329325971066,402889.59377274755,693412.42620665696,854532.2260774388,874438.55870631489,763542.01536890317,564879.66967929155,346088.26592379966,170076.42641298284,64626.596553084571,18304.866222583463,3742.4296951351994,538.8748962246018,53.763464374925839,3.8892865182894591
0,20.480949343130945,179.47946975129275,1069.2626046536761,4774.2038953427291,19838.838776121433,83136.670540603896,278154.44687283912,591544.79532621836,584599.06907725008,-532966.81467764848,-3089876.9066195213,-6313016.9090975318,-8728138.7967856452,-9133285.7105347048,-7237319.5985294441,-3643768.3716948763,556222.01450097165,4236128.0983369006,6541045.9195159953,7030246.2348968713,5734897.4452405153,3149164.747954098,128870.62786638972,-2355254.7335278001,-3439153.4981837827,-2576574.2645502514,322761.49840724032,4896122.401098419,10426922.493118856,16068630.35974204,21115926.461369142,25277496.684918661,28891228.834338337,33228282.677541845,40634008.755193628,42694489.796790212,40889925.525934413,35916031.731533572,27762686.356490992,16230492.083182735,1534473.7547489912,-15066987.793924764,-31240100.973251872,-43989949.519520871,-50590845.77336099,-49529446.584677041,-41222372.804042824,-27965380.026067555,-13165790.855930377,-247373.36858410822,8576594.9241051208,12927127.375549283,14019140.669676565,13887890.343241895,14236123.645613894,15440987.379365835,16190989.376488708,14011372.552528415,6560603.058546734,-7103895.9623017488,-25550607.006575394,-44808086.638215795,-59537678.916956663,-64776992.667383783,-57708029.108018398,-38983935.571651094,-12595466.207300376,15122841.154852577,37592229.979984678,49950722.167876221,50627558.270253427,41468674.304786555,26786333.516691387,11604154.474544585,-232008.11602030636,-4082055.8684814377,-5504581.5349753834,-5707863.4677551799,-5325727.1001407281,-4685086.238044207,-3951659.2525179619,-3207742.4023162993,-2493067.3937540273,-1826002.8051493457,-1214512.855785029,-662479.54285798385,-174139.78644500705,242640.49179466296,574569.20128519658,803662.72933615802,911887.06134400237,890571.11034076824,753149.19220911898,543269.13391747419,325393.65503958677,156347.46522774521,57982.033945282579,15967.833502288833,3154.5594094558537,434.65419934702066,40.846654981972577,2.6922969504982848
0,31.770521220361076,275.51644261450286,1618.389020033185,6558.0442648095704,18878.359106953245,39126.280736816589,45035.286960574464,-72393.27246537598,-576534.67907319742,-1761865.9652131265,-3607249.3935122723,-5581262.631872193,-6887394.8328259187,-6927287.8574421722,-5594434.3089512801,-3258717.742187487,-555342.98469044932,1855937.8396766123,3465063.5836613602,4005348.8392990213,3493158.2972508441,2221130.010605427,690353.99202235928,-523201.55103365658,-909853.29858437332,-152324.76606186933,1795806.7114195328,4706519.8628924498,8143489.981704805,11596119.201726804,14652946.090692218,17194334.080315977,19608765.370679334,23126814.202624936,30456411.321949627,33453625.299461622,33664387.197084531,31846631.696788795,27843875.504989691,20977829.827859033,10789978.59479318,-2202263.023111626,-16256495.881021099,-28716451.528838009,-36803048.605029494,-38508799.948285133,-33526662.464396656,-23373892.485727414,-10891529.473249573,688015.24032055424,8946256.9277578034,12961148.675561219,13447284.564414365,12158605.151000932,10986502.412964037,10847963.067534879,11095922.603913654,9941234.9486952629,5283767.655676052,-4126059.3712832043,-17755037.088594262,-32899302.919297729,-45426397.206196234,-51052891.419738047,-46897261.69938761,-32725712.241689794,-11126552.262703381,13020191.326836102,34174243.887818158,47742087.868543357,51548536.407211885,46146954.570476614,34333984.89567738,19949117.437848657,6376089.5802178867,652987.94640884455,-2036885.6466590464,-3112177.2388693215,-3341718.0983925792,-3139267.2452288284,-2726983.3992291116,-2224392.5686496506,-1696220.3639947984,-1177915.1433203164,-689217.42164490814,-242079.19569185103,153879.05309487204,487498.66222301673,744034.95653451118,905906.6939422508,957360.82472828252,893309.16251583956,730246.43555227702,511869.4943092672,298376.16187795531,139339.5978331684,50017.692820900702,13232.387466767888,2479.1290161470261,316.72544804321501,26.419729621212557,1.3712225953525579
0,35.750681260915883,288.87664625325925,1484.9416863222691,4422.4927245871613,3853.8120380902078,-28277.426495254178,-163159.56556738078,-521760.52418902999,-1243946.3215230566,-2388917.036129294,-3805236.5745299589,-5111068.5707108751,-5855627.7789790248,-5744779.7283142041,-4766750.7363672666,-3167537.6511966144,-1333379.5037819524,340143.62980225822,1545648.3442322433,2120214.4921089867,2069994.7180394586,1565393.7281843571,898750.12756039936,406925.15257035877,384352.11581030657,1006047.8325720996,2279578.8108024881,4039369.6110150679,5984024.653097135,7751542.9737854125,9018360.5039028618,9611447.6248413902,9638301.8765292242,9673155.0104566254,11062616.884754768,12092014.119727561,13459703.425227396,15743467.665834956,18288828.700066596,19520899.192740239,17837331.642292645,12464320.606923722,4033523.7699341476,-5465126.1608770788,-13411377.62349203,-17415210.530339912,-16340235.463645199,-10776358.730626822,-2805177.0322988904,4805072.4281825786,9748696.3897588849,10899782.319762252,8771711.5908177588,5113946.7738972325,2101341.2226590798,1297276.419943765,2833874.8407608829,5444412.5828155689,6965879.3284349339,5385912.3695869641,-183579.94806049106,-8831821.6225973479,-18023117.418927718,-24469104.886585977,-25356357.864697628,-19355925.410104014,-7237961.0475772992,8232725.8172402419,23296531.017941523,34311019.113560267,38981224.104040317,36848334.595116623,29241074.907980826,18569983.737026993,7322460.837029906,2246884.2745273118,-305371.22579413198,-1469664.0985363782,-1874578.7418572083,-1867767.0898202998,-1642721.3180740513,-1308664.8502045213,-928645.07196428021,-540159.73230791476,-166221.25887992056,177995.7958075123,480310.34995269007,727992.66295171273,905989.62744281383,997962.46800161025,991077.78132096166,884229.93469669251,697008.82146523858,472729.31382346328,266521.34150047321,119891.54840086855,41095.598301226404,10214.841545277428,1743.2504025542382,189.58569164733825,11.007819560904419,-0.027888349678716347
0,34.109531481730528,249.61847130299938,1021.4368745433713,1000.7937682366919,-13253.826909847296,-88790.64942152414,-318306.60109094891,-811533.43012215709,-1629150.3937380507,-2716368.5027993484,-3877935.9194193794,-4826192.4677613545,-5292463.856123371,-5137026.1611668076,-4393304.667181761,-3237339.2475546966,-1916574.9697963027,-676634.55000316247,292628.5847742646,888817.72257178987,1110722.5037133666,1054502.8865024764,887455.54504280188,801414.03642144741,958893.83349403343,1444599.8349807053,2233360.6036124127,3181289.4869660228,4040055.907891009,4488227.6298212651,4167872.4478881476,2712707.5056776474,-244170.61295570616,-5092371.6423053006,-12314487.005925024,-15229525.905394787,-13848353.431740025,-7749729.0016197609,1811108.0364154573,12193965.837852336,20471791.810348749,24441786.28194483,23415133.786354411,18451121.542402193,11839720.470824927,6236199.7455767319,3555598.5312068122,4171671.4638296585,6905240.5180193046,9617697.1609151773,10229366.122540606,7551436.4281346314,2005162.0011121116,-4555828.5439748866,-9568623.3484680858,-10796364.693106368,-7322606.8703286452,86958.015470243306,9147815.2967217881,16945652.425442636,20977438.396099672,20100719.33529108,14937880.675679943,7561049.8366020396,642069.40724246006,-3411077.752812997,-3401196.7191141886,366582.83685380575,6315829.9309166707,12201529.715585023,16042286.504052714,16706653.460942093,14195604.827785583,9412546.3269820046,3649950.642041198,1219382.1018628506,-69802.807765088262,-685705.14427179296,-902823.84539979498,-883504.9019745338,-725851.83685536089,-491188.97567540035,-219535.20338006684,61790.768474390534,333562.35179826379,581508.52076747257,793358.71587523038,956360.74503969215,1056188.5952381084,1078485.5491400957,1013861.0985114239,865485.569072288,656052.10521637509,428197.33086278272,231488.7225391464,98924.22329741891,31608.093878976892,7039.8956373161182,975.71370490839161,57.968133877316895,-4.8410581943663136,-1.4574181529567616
0,30.105925240624579,193.80023725209873,505.84304953140821,-2252.9478117689887,-27635.368545405901,-134389.9004346373,-424032.98832234589,-991940.74058871309,-1850451.9386824893,-2889156.5424188185,-3902173.4436175819,-4661325.0716307973,-4996321.6796955932,-4846192.1052183928,-4263941.8068081401,-3383782.4859353513,-2373972.2302088495,-1394318.8731112459,-566779.72742604511,41097.622876904396,422694.66983311926,628901.85724156839,751567.7010989812,894632.13598608796,1140041.3156575018,1515901.4055060218,1972970.8758047887,2372383.4614331936,2482649.6640685797,1978491.7683584355,427833.85416154785,-2753566.5944760987,-8409702.6031930633,-17860397.912714284,-33304081.119475961,-40586548.286455087,-40077190.535537504,-31445070.422708165,-16435829.768907279,1498421.0054783789,18300792.657566138,30491465.999969508,36222016.028889939,35657076.451301038,30737000.860129178,24237603.919044077,18669051.374271829,15294959.760077028,13761605.289235739,12516717.115762476,9655570.3428894598,3886371.1166353254,-4497964.3016529586,-13610550.481067579,-20578583.509381756,-22541329.270576458,-17763202.688249368,-6451408.2759555234,9132181.676612651,25390806.477723278,38391576.901282124,45040658.788036525,44028536.611060321,36108174.0076866,23711599.425493952,10129002.484224617,-1665511.0475938153,-9643215.0424541719,-13225480.300588604,-13112402.318614099,-10738649.758885343,-7656693.8512854176,-4987528.2585407458,-3194654.4285875931,-2188272.91384274,-1115278.6131453733,-639209.13486179174,-408081.87027362309,-256611.58069851797,-113285.75705866508,47036.972623792848,227145.23854198831,419641.22459198936,613155.10447637737,795774.78140714776,956335.88615383208,1083902.517894007,1166660.683461881,1191690.2956150777,1147101.5475158952,1027262.9833016521,839758.76924677694,610349.53785612329,380835.25634278078,195044.55716967912,77401.071095049134,21960.140497718534,3834.7825554952951,205.58735536611485,-73.39560839927826,-20.584377993869989,-2.8707225835752705
0,25.908836295286072,142.25706950350698,72.403238485526742,-4785.1708359391032,-38073.2876004235,-165326.81810883278,-491122.62151773804,-1099044.655714585,-1972999.7319675239,-2975917.4981649746,-3903353.5529471133,-4564801.0741845574,-4844158.7864441574,-4720565.0444909669,-4253945.4408125663,-3552220.7903855988,-2737280.8989734957,-1919158.7574453205,-1180403.3849741099,-568498.97917378368,-93835.556872572357,267070.59915087029,560899.66178222944,839247.47494768177,1136554.0140842274,1448407.9426332226,1713282.9014529902,1798249.7379433862,1485352.0985652998,450172.54441607534,-1782824.1299040853,-5933562.0363006331,-13149495.396428522,-25346798.936304402,-45823701.266948923,-56305407.968099974,-57179170.431402847,-48028541.551346354,-30698277.959541969,-8924688.0017820168,12602987.080290169,29582381.277276754,39379367.71579396,41501974.81058792,37636251.642797358,30653545.739470191,23476139.198610432,18003544.920823384,14509541.903522644,11769853.944084266,7857268.9095173161,1289247.0920490103,-8061346.2577234861,-18572402.436250508,-27278678.635045014,-30802213.519497771,-26571717.231866907,-14020716.644336151,5009481.5298949815,26611501.411559153,45914207.330623038,58398943.597089872,61145852.180484504,53683079.05853343,37977647.162945777,17767681.23256395,-2703100.9815332056,-19605932.699166782,-30586923.988592472,-34976085.415739104,-33643766.43898759,-28419849.517291028,-21312976.225176737,-13936600.840613866,-7171525.2662945706,-3121690.1712537608,-1136776.1534860167,-174731.74368955829,300179.64050147496,556913.38929333165,725037.50379716954,861951.38204938418,988255.19653323642,1106429.3128559592,1211049.3345210287,1293854.0249391194,1345322.9681519298,1354771.5297152258,1310888.8353302381,1204406.8985833321,1033515.4910246367,810173.14618437761,563125.39888394554,333320.49459145399,158991.47526254418,56288.187292757291,12551.986352198233,723.66110274437312,-539.09827030384508,-199.99536964484452,-35.710942781161975,-4.2244050161821667
0,22.482953134410714,102.9443919120051,-239.28945974645598,-6510.3401575368989,-44817.639967240466,-184246.01570880009,-529749.58774169313,-1156453.212103473,-2032262.2916310993,-3008313.6738204588,-3885618.2425023764,-4497823.9919940941,-4759159.2018818902,-4668912.5896628629,-4287918.784330708,-3706780.3453671685,-3019380.5465189302,-2306281.3709797589,-1626810.8098323215,-1016664.6361215055,-488497.94917853299,-34899.741980406092,364670.69778106303,732248.56114656699,1077009.2574441857,1380449.0806983132,1582470.8962004012,1567812.1656524788,1149180.6034467309,38971.514712777687,-2205198.5662808199,-6286315.9301429605,-13367502.774000293,-25436653.409607269,-45956646.322062358,-57327245.785485767,-59519143.72726164,-51872458.944179326,-35941041.748367183,-15168442.219601722,5872628.355847883,22833658.27288403,32833616.030556075,35097098.94128561,31122513.007217698,23803541.100479227,16325083.820737869,10949503.535494177,8295619.2293629609,7198497.3854488926,5462915.886202869,1103452.7775766684,-6763018.6046513505,-17079042.719154172,-27035781.159812633,-32971045.775804818,-31591613.360316876,-21393427.228479046,-3348038.9964277023,19029330.922289811,40693836.844112575,56403334.674242511,62144909.870151319,56445251.247062013,40580835.416589372,18213399.423953861,-5795130.1613500891,-26626773.748568252,-40879204.6449797,-47055073.41466938,-45659749.641630858,-38701747.842496693,-28788608.0095107,-18310417.271781307,-8755205.020448992,-3419757.4349224875,-819742.93062918412,408127.3120191865,970639.1768558271,1226648.2637256605,1352287.2834576848,1428532.4551132955,1487436.2786338718,1536603.2129217873,1572587.9138292028,1587776.7259606384,1572988.3327298975,1518177.3066346603,1413411.050208885,1251884.7875485215,1035428.6371490281,780171.85055352782,517731.39525706857,288341.86691363313,125096.86428765942,36515.192395933998,3762.657562514049,-2177.6002032735878,-1232.5501044255716,-317.73881953543315,-49.763518069789008,-5.4802645013944922
0,20.039767328646214,76.609602916394564,-435.86446697930063,-7534.3493685054045,-48567.958558676197,-193988.84480619148,-547707.11071645771,-1179026.3927085784,-2047485.9320859069,-3000411.9983760496,-3845511.6524306447,-4432457.1244197926,-4692779.4020913104,-4635520.6840804545,-4319690.1002499163,-3823897.1959240134,-3224425.272668615,-2583841.1283843131,-1947391.9542008073,-1343500.7204840141,-785750.5638272533,-275474.70505928819,193887.55514650189,629631.13685515209,1030841.5387146376,1378944.5517112236,1628421.5546347573,1697031.4305483659,1452742.7849827639,691322.43898483925,-906433.48344223725,-3856825.9915587646,-9027000.3224611357,-17914922.575217724,-33147854.707046501,-42741648.974686749,-45813017.018555008,-41377050.59848889,-30292797.159702282,-15065022.587619534,631413.16499646683,13068213.640818207,19617901.561655194,19577215.51771633,14322715.209234012,6678406.9619378271,-90941.245926029631,-3579784.6108951471,-3079152.808694955,156512.22890610035,3485495.1194594651,4087193.7796845734,122706.15432880081,-8260088.0549176671,-18752481.455059499,-27685876.821328264,-31214289.756206833,-26797488.668310102,-14178023.659014575,4272594.7670877799,24119344.034627981,40135845.158303037,47870311.355249107,45110824.094789132,32359866.452050623,12716745.919076201,-9114979.9208528288,-28268225.024307676,-41105864.377512194,-45917040.782372765,-43196194.343032934,-35095302.342937157,-24533803.061412293,-14211367.367031768,-5755806.3933481006,-1369045.1483251886,652517.22767817555,1516740.7977568374,1841488.2834326657,1934477.813292108,1942072.0119753631,1927576.6990537422,1912273.4524283935,1896998.200374411,1874006.8658454022,1833086.1158718497,1763741.3192372615,1655715.7921402995,1499964.4398105524,1291773.0894935271,1036249.5425437727,753370.05329479696,477509.54261093633,248490.82504410078,95021.308930277315,18937.39187422836,-4065.5849333051719,-4766.2147735580556,-1852.2881777499476,-423.12351665626727,-62.358191562503855,-6.6069174442430629
0,18.429585323884364,60.876324497356265,-541.13011737021259,-8016.247027689712,-50056.182899067739,-196934.18901943523,-550548.21543132933,-1176066.3808464177,-2029296.6639608627,-2958311.4743775418,-3778025.2996214181,-4349490.5396088194,-4614457.6752456725,-4586297.1523091365,-4321016.2826617276,-3888432.2273051236,-3353180.6102397777,-2766349.1345633208,-2164264.3813124052,-1570521.7273697346,-998582.8824681507,-453848.75628408906,63914.002982388884,556650.77773527231,1023192.4929363697,1454433.6748344195,1829141.2348997591,2110364.5256554754,2241376.7424356886,2138558.9549092925,1676451.852026314,656835.77582152688,-1251667.9894456496,-4625679.8029359654,-10486879.328070695,-16129632.95722582,-19550176.463462152,-19401869.566340551,-15445580.608356457,-8752766.5284103621,-1540285.1772268319,3532939.4462742535,4424656.4709957754,670876.43572091218,-6457235.0633071838,-14320887.728644922,-19788840.841284957,-20486591.957464818,-15732488.641859332,-6932027.823968743,2820841.3599872659,9890152.7835113313,11426455.198735001,6432076.5540263969,-3643490.9528877637,-15461283.090216616,-24863005.599199172,-28284508.141143788,-24093471.079206929,-13161522.428842088,1354159.3642362668,14998555.63006464,23527216.717634372,24344861.605787035,17206410.095463507,4263685.9093239494,-10665899.384969212,-23489935.314900428,-31064345.688856617,-32002079.677481491,-27077345.911978278,-18603164.715507392,-9570538.7463291138,-2522648.5139456172,1268282.5370901255,2709306.3341620192,3092668.9873581566,3039073.3630573689,2843407.7111173822,2635760.467313183,2464456.5499648526,2338327.7315749386,2248103.8352741944,2177298.9903491447,2108330.9706746396,2025537.3429991584,1915655.8637357245,1767437.4539418148,1572218.130101535,1326930.6406143233,1039508.2351982209,733394.16181957629,445646.73785978463,216149.88438599641,70247.586222090671,4299.3495809479073,-10641.799535962236,-6956.8476163436881,-2380.1008748987579,-513.38550666158301,-73.200609938059486,-7.5811139327183241
0,17.376663263767945,52.473636518448657,-581.94084656983068,-8110.3079901569808,-49909.913103292987,-194916.8158814229,-542172.40888351644,-1153566.0112890082,-1983940.0927996554,-2884920.4426840479,-3679128.433898055,-4236588.6973750144,-4505530.3081666734,-4500857.4161406131,-4275119.4221719457,-3891270.6709694574,-3405730.1094820001,-2861839.4736852068,-2289961.0048825056,-1710247.1728994939,-1135382.1433867575,-572064.71694729116,-21928.444081900729,516963.24980078841,1048520.4465273655,1577798.2624001855,2111867.2734182775,2663311.3842297201,3257378.9407042549,3944172.7699207352,4818277.1114000222,6050338.7821522653,7939261.9228787636,11001212.756759774,16124604.415393481,15249957.849808244,11717192.639855161,7333382.8303434234,3618255.541796457,1116478.7504702234,-743677.67280645191,-3314414.5603245534,-7975751.7980130697,-15087241.594264552,-23664890.986880191,-31461992.276219279,-35638467.859695882,-33913775.290639073,-25554237.183588702,-11938020.127423942,3654353.1854061219,16985380.857487645,24309294.27304161,23528320.582157187,14976737.763712985,1322727.2986592718,-13304873.729430173,-24673259.954534691,-29850199.095084015,-28043778.414542422,-20770979.009355098,-11215102.003553307,-2945350.9330201163,1361546.793141929,791182.05132735451,-3586328.0652201329,-9254089.8541175742,-13343310.916962946,-13695609.182714045,-9707583.4887277149,-2552124.2948421496,5381798.3135572169,11291871.477746962,13104919.974305565,10174078.369674731,7625898.1262385072,5838773.8644611184,4604948.5937383352,3768010.0888175685,3212232.8706997172,2851723.9039095477,2621707.4788729944,2472329.2960384618,2364624.6696369629,2268623.5544004487,2162015.3180241184,2028209.2428944884,1854644.709262412,1632742.7139769425,1360707.7437094341,1048850.0537642678,723708.19657788554,425023.07464281732,193380.28616716943,52011.340021328011,-6799.6983326682875,-15739.802244829396,-8685.5316264467765,-2802.8739266752773,-586.62383937041852,-82.099069303877855,-8.3887539260105743
0,16.596077818217193,48.255012619655055,-582.48442568045073,-7947.2042422937257,-48630.671127748465,-189324.51450081231,-525384.45961146464,-1115656.1856045369,-1915607.2362861333,-2782284.7187878108,-3546684.7476507095,-4086804.599226288,-4355523.6025392516,-4367905.7854613978,-4172914.6679256787,-3827808.8321062541,-3382788.6926562698,-2875632.0211315313,-2332503.2210804983,-1771013.5014341916,-1202850.3870435772,-634675.56620244146,-67891.588729039126,501634.80704711482,1084384.3743075388,1699486.8425805012,2379796.3624529354,3181564.4373517106,4201545.788579775,5606323.5207675667,7682374.9847868811,10922324.231999975,16175449.246716762,24913196.089579158,39701532.541292951,42760630.909890972,38856372.010705575,30374776.143777344,20096091.515891809,10133228.097563062,1358138.77489996,-6476460.157696872,-14323636.015152449,-22777637.798472688,-31418464.683511082,-38594548.815124497,-41916109.544790186,-39202940.190424204,-29467729.882614397,-13709243.067327363,5107962.142475496,22662274.440433409,34658004.730407327,38073723.848654293,32126078.420641094,18546585.819348283,961631.85868404072,-16228404.094732163,-29184328.028108213,-35684826.917021886,-35671265.611363754,-30846967.82059624,-23822637.66959827,-17041812.887501195,-11841397.076607425,-8190540.7040199982,-4966824.9727056175,-661564.27495289838,5709013.9507608544,13876599.46854387,22373992.086185146,28889955.92371485,31052133.777827177,27393032.168631326,17920179.261397928,11710214.869936766,7971420.9352534404,5707628.9314626707,4335923.5173476338,3510159.4559830367,3019766.4065039819,2732309.3640659098,2561129.7745513087,2447263.1061342321,2350031.6511324947,2241610.9784124349,2102796.1826432054,1920074.1016658705,1684996.8398984387,1396822.752542452,1067862.0346377206,727434.66311543551,418058.69784631039,181811.71655234729,41235.13415128288,-13937.63609743911,-19210.070224784722,-9912.9988113594718,-3113.2642447862777,-641.89660916826813,-88.973997067557121,-9.0255681344564902
0,15.842309934867785,45.573749254116386,-562.61888287614443,-7631.6641744186309,-46611.208771566664,-181222.38161856896,-502309.89936024783,-1065484.4975635884,-1827675.6439391952,-2652665.1245475812,-3380635.3401201484,-3897412.7783863712,-4159801.3540353267,-4182435.5363176623,-4010720.4909671922,-3696935.7021253132,-3286250.9438338908,-2812204.2867269316,-2297902.3812060929,-1759132.54564703,-1206767.1709017563,-647153.80033516116,-81072.283087126067,497691.20060548553,1104694.9296323087,1769109.6507493879,2541383.0477881962,3506602.0459339395,4807378.9172849916,6682881.1541928155,9535843.0285387821,14048904.34770971,21388783.491693582,33566977.23113168,54077032.555459052,58833169.237985857,53874105.468411833,42195049.996049196,27693558.797268197,13768480.789282443,2289400.5946248788,-6487696.749990562,-13579717.974240433,-20199553.532749336,-26862727.66846611,-32767188.508268073,-36031929.541189812,-34484183.619985767,-26621676.391407765,-12606717.721838705,5467722.6210866598,23880093.686357874,38361075.283233367,45293122.504538164,42869517.59526889,31672377.101348404,14435296.575079117,-4795082.3910447303,-21936141.347249202,-33925239.558702469,-39425212.454154663,-38814514.434821956,-33681734.229203954,-25997074.954521425,-17297473.517289929,-8337263.8931894917,890000.75067329162,10683846.52021905,21036643.682814717,31171473.872272123,39525500.243248641,44022343.806001656,42868119.501790844,35217959.772474229,21600454.598877661,13376799.62950515,8626834.1227927115,5877811.4701660452,4293761.260606884,3394474.2203083793,2898337.1638886826,2635287.6730842451,2498855.310414169,2419842.5565535501,2352569.3944309675,2267047.7925302149,2143380.7786041251,1968108.9515140073,1733297.4335791243,1439211.1355543763,1099878.6272101754,747167.0793522537,426562.57687649573,182538.7940163929,38469.430394041847,-16896.539823304258,-20989.315471211288,-10627.181139853734,-3310.1637812071526,-679.27984340722787,-93.862861470236425,-9.4973824839482344
0,14.923855683183071,42.361540822700242,-537.88412598359935,-7245.7734235076932,-44160.416715411833,-171455.27836810757,-474669.26704044832,-1005719.0426964274,-1723336.0679584269,-2498971.9022629936,-3182859.9948188267,-3668996.4353402904,-3918012.2311382201,-3943965.3899430842,-3788813.9244376305,-3500319.1426599189,-3119353.9768822347,-2676067.3351420094,-2191316.5095271068,-1679718.5373999178,-1151806.4623897255,-614033.16253537324,-67260.616394291268,495222.4011427855,1090700.0846830504,1751957.8946532339,2535516.9718642561,3535380.7338637114,4905979.0808925591,6900702.2752668727,9937405.7753440067,14711443.32420391,22393593.183836896,34980858.184311941,55924057.617762193,59445427.734331153,52529370.640263662,38772427.871707618,22934688.165946983,9167950.0548859052,-229346.56986216974,-5137076.7217074195,-7190688.8398383697,-8643765.1857456136,-11252768.436483735,-15277185.109270832,-19371587.399826385,-21210303.042185139,-18533183.538570128,-10243009.546104621,2931547.7482579532,18437778.280786715,32635432.616211526,41828906.209551677,43420576.57712353,36822254.828824259,23559707.340825666,6707542.6854302799,-10110325.300692951,-23642225.702344529,-31801160.787993059,-34013626.268759355,-30990711.413835082,-24173571.811906394,-15046227.885834107,-4735407.0338990754,6106604.4820496868,17055985.438617881,27569096.764068101,36745799.69685518,43228072.51580523,45465113.808238626,42266926.571741074,33316381.137839042,19437260.567622829,11675268.651804395,7300969.2834600946,4851939.8502148483,3507437.3102819906,2800579.5498713683,2459798.7356485547,2322265.1399273425,2286757.6431270167,2288037.9396394696,2283561.3735007187,2245852.2358765202,2156957.7419578484,2004854.9326991888,1782699.9185343212,1491823.9300488532,1147767.0062348086,784782.39191134553,451591.85117529641,196031.26055576597,43845.223486043156,-15682.413593863179,-21106.63380394096,-10844.546276438865,-3398.8798106597951,-699.87769514898105,-96.919224698722488,-9.819856310101537
0,13.70312187876503,37.091283751087438,-520.05083539337522,-6853.2792807819305,-41524.653724314398,-160719.00500217752,-443943.20440206432,-938815.20466628508,-1605871.2727001645,-2324865.7918764353,-2956901.6156779551,-3404714.5999609162,-3633006.0020976714,-3655362.7225575307,-3510462.6074842215,-3241873.5552978809,-2886653.3211282962,-2472143.7738099806,-2017567.0311302592,-1536975.5095409052,-1041181.2744635908,-537508.63549255417,-28118.690152732921,492009.84830261051,1037944.2443777405,1639187.6884080681,2346598.398675703,3243382.8888275563,4462672.160387801,6215873.8694842067,8839111.3903414253,12870824.711743081,19184519.94022534,29221262.69861744,45404514.912529998,44967227.635908306,35423146.722762369,20884637.768091217,6517048.7778578717,-3401627.5688716709,-6744979.921638431,-4037278.0210289024,2074440.6786298905,8020278.1549043655,10750028.307603572,8963159.2245860416,3430029.3309502392,-3347419.2704447601,-8242306.9066712093,-8661112.1110983752,-3592128.305486822,5965465.2854481535,17393853.405155614,27350718.069502182,32874323.263541956,32326371.409991238,25815137.521992095,15085286.428994086,2800032.8296065889,-8243918.577536691,-15926168.185321543,-19195461.958167955,-18141646.661664709,-13676317.655245731,-6972282.0525443861,832141.99817754608,8908402.3519561943,16681302.728175558,23597839.683439698,29044683.116837259,32182944.337729234,32208090.561206352,28599104.562993497,21410087.997532256,11422748.896504778,6643123.7767577078,4042600.4520963989,2677842.5210999828,2020033.1648896851,1766069.2936594903,1736475.7706202636,1820745.9747896779,1947992.8644461986,2071115.1605908836,2158814.8633531067,2190767.9803430978,2153559.1861997615,2037945.2452583492,1838724.0739699127,1558348.1862504755,1213685.0980454343,841257.40605998668,493330.74746462924,222066.69780555871,57044.361918895025,-10534.509070109782,-19685.035325277633,-10609.920623342701,-3390.9572358015457,-705.772479410458,-98.404686124082147,-10.017588574435301
0,12.091168878410121,28.708276709588581,-517.72530567773663,-6503.2204289668443,-38902.808247033463,-149604.00325641781,-411461.14387183572,-867136.14848137414,-1478738.8389001186,-2134688.7867006306,-2707643.0631266008,-3109701.8557754541,-3310039.1181715578,-3322016.7358980784,-3181243.6970835575,-2927354.7226545447,-2593934.8116497346,-2205936.4532124279,-1781419.7765492494,-1334393.0479693227,-876551.32872118801,-416888.83495782729,39909.101936322135,495148.39234236919,958292.28533616452,1449988.7834280701,2006404.7635085769,2685436.393971019,3575492.6085135322,4807680.5728990417,6572353.7398519246,9141268.9728263244,12897759.336986981,18381935.077816617,26372441.249051809,20549630.085166134,8390865.1844143178,-5723142.7565591102,-16718008.519573523,-20678633.060354821,-16081789.446641646,-4335396.997049747,10797659.228537288,24523120.330226824,32680819.114304703,33037704.606314216,25881006.442472093,13836700.292594286,823409.52616575337,-9187855.4203618746,-13511579.909577729,-11467179.989267079,-4404247.0865674829,4976110.2765881885,13672855.643840671,19285355.002602659,20655440.199743416,18120532.359378163,13068510.014124302,7369589.2568637216,2668300.6454599197,3215.2862756193072,-407095.36592167121,982788.42634934606,3410203.9001032389,6060549.5524902185,8358084.4248079024,10007989.541513681,10899840.305555958,10997941.618380222,10160736.421918459,8372352.7435402237,5748448.0898057362,2572549.3826741427,-578731.01100930909,-656165.37238716101,-531774.3238828691,-279749.06739995,53479.196187960435,430888.51241540251,820224.31259867235,1193453.4419706529,1526872.4625797453,1801161.0710574517,2001868.3414720336,2119049.9456475028,2145616.8877825206,2075987.7941352676,1906898.1687181513,1641853.6423507978,1298829.0136439058,916507.54945015919,551003.64194017171,259695.585358874,77293.230275254842,-1921.5325039858037,-16937.361012647569,-9994.5258030861132,-3303.588126668526,-699.90671714332825,-98.672924639515458,-10.122530713472463
0,10.041517995831736,16.563811767700297,-536.84366993971014,-6232.4904780028783,-36455.567569399645,-138618.54481402534,-378439.65243293287,-792985.09289893555,-1345544.2344044149,-1933307.9639403298,-2440971.6030546664,-2790557.6975822975,-2956156.1620767061,-2951221.0004583779,-2808540.4088884727,-2564053.4699824536,-2248136.685253358,-1883658.5585456227,-1487862.1642426308,-1075100.6049641788,-658409.44173628523,-249049.91130933294,144903.8618760971,519714.42227366247,877199.55574636324,1226083.8779793037,1583389.1885080291,1975457.4912976436,2437542.5026810528,3009475.0257592043,3722023.1511568837,4562888.2778639523,5401029.045870712,5832112.5952194557,4891238.7766560223,-5948737.4432812165,-19813408.853376545,-32429749.435725417,-39233149.038236938,-37029121.53492339,-25135576.432022419,-5776170.6242433097,16488333.81856419,36110103.607423417,48284556.29931961,50153836.981422119,41681244.291286141,25518537.796029534,6073547.968387411,-11825203.417366648,-24348562.82646706,-29420070.651139483,-27170600.045386422,-19431947.965347808,-8958873.0638820529,1498044.2342689519,9916157.516427489,15387791.975811645,18040768.932045281,18615839.425554,18062541.979683049,17120130.513912953,16030293.98550435,14619762.362749247,12499097.906285241,9368517.9231484625,5129698.4888105271,-19253.536433534417,-5579666.5708047738,-10949176.062332122,-15493236.068843069,-18524044.526238088,-19469259.406440925,-17885260.059478346,-13433659.34992728,-8452115.7822093479,-5414963.7832659287,-3439255.6993732527,-2048222.9017086879,-994973.06669463776,-156112.55970086716,527492.65062520083,1082349.8549420224,1519024.7471264089,1841357.0593952646,2050687.9051435553,2146728.9447924313,2127698.7559816968,1992157.227731175,1744392.7496475996,1403190.6492191094,1009264.0820373287,622834.74683470349,307247.09422180272,103384.27251130521,9477.0680419170731,-13156.049981018734,-9092.116042020376,-3158.5930797494461,-685.89614273520215,-98.145877969471897,-10.171722224799232
0,7.5445699177934831,0.36143943475786139,-581.02662866588196,-6067.4406099018615,-34310.277477994423,-128197.91414743192,-345989.12985368172,-718586.08281407016,-1209955.0318100827,-1725919.8319149739,-2163450.8420697274,-2454901.8010104303,-2579683.2628909023,-2551682.1464118883,-2401144.1623938507,-2160549.6921152016,-1857288.1933143856,-1512363.3084628596,-1142422.7729446394,-762388.00561367231,-386869.4504580319,-29658.028369328182,297462.12933678925,585319.5407766212,827668.28658964974,1021057.9766218986,1163782.1555407788,1252878.1396426675,1277019.147022173,1200859.9018739134,931716.19568866363,249845.69605141241,-1336119.0584583031,-4885817.8472083909,-12617430.473407334,-26237798.956448015,-40035710.790414624,-50262406.35189148,-53204220.419771902,-46547682.110579237,-30369681.026253052,-7374149.0583844762,17792402.805221729,39584183.714556634,53183520.802291237,55661032.623741716,46800983.794083446,29038230.332422938,6676822.1262360662,-15318509.148356479,-32649729.267544113,-42512162.053379588,-44205572.175758466,-38713956.043713346,-28257625.613179367,-15492176.529129278,-2773818.5770744104,8215208.5467325673,16714831.330441827,22553190.477472439,25922249.164452057,27069043.089830857,26089447.075350355,22955828.805045776,17566357.494450524,10041261.399702579,789678.34002591704,-9486285.1044301726,-19816625.22284577,-29052579.312730018,-35998654.045358509,-39591400.869246036,-39041269.506784908,-33792850.925596379,-23698666.430896189,-14809142.137152206,-9517365.9638001267,-6176337.3922788603,-3916500.4879305363,-2286078.7781789848,-1049568.0548615926,-83413.540726531748,677542.94561578555,1267959.1685221412,1707042.6150298107,2005864.6554922021,2170008.318775773,2200831.2313726926,2098167.6681583659,1866605.306675694,1525361.5364401047,1117013.537502879,706067.64953031542,362381.45561029285,133727.17125244511,22804.96183666883,-8696.8892236613829,-8013.3158618828083,-2981.0090414440765,-667.78116262207868,-97.283125209922915,-10.204459727530546
0,4.6229630284610765,-19.883892541375566,-651.81804596384006,-6024.7744128011491,-32562.827600401499,-118704.79533335239,-315101.86528409971,-646036.32986375003,-1075585.3370693796,-1517838.9384896958,-1882005.6735303265,-2110976.4452225934,-2189794.5622054376,-2133111.174803901,-1968929.3609003015,-1726519.877192053,-1430483.3119924944,-1100111.6237874515,-751562.90334783995,-400381.13827978115,-62741.524996953762,245128.66348768279,507966.67398540088,711653.87048630347,842881.8638005323,888058.4498257041,830858.45004845981,647254.26224595215,295807.08505508024,-301054.0072004408,-1293051.2106378514,-2972046.3668090911,-5911959.1138343476,-11267492.957685661,-21501557.857334856,-34409389.721709043,-45870272.663769715,-52977912.847159363,-53129245.587158598,-44943355.446033388,-28913632.635508731,-7619876.4105613371,14958596.187934095,34164299.653711215,45990481.241868481,48060321.322900675,40138261.593691833,24144558.783176236,3571798.0977856438,-17359065.707623266,-34780607.499480128,-45979120.570134178,-49890820.407409519,-46858162.670228645,-38351782.896207869,-26462242.310360961,-13307888.899981685,-685541.83783469524,10244765.623529609,18802799.407782119,24587548.191778325,27390410.621768463,27130024.871639501,23799417.299367789,17471833.830754727,8454252.5504754838,-2579369.2468180764,-14625196.683256438,-26482884.363819581,-36802642.947575249,-44273170.756932475,-47789026.575817138,-46616049.098510243,-40297789.827415302,-28745040.082805261,-18224005.174792968,-12014750.014910419,-8018232.4176235134,-5264583.4844237287,-3260057.8915937697,-1739890.9520556792,-557858.53917626105,368495.97304083593,1086766.6405865415,1625535.5020505311,2002248.6957006773,2226366.7307354994,2301108.957199492,2226701.0220459746,2007396.169128231,1662418.6653298507,1236015.5728046065,797050.48340054229,422189.53265370039,166428.35614445712,37076.521871185389,-3957.5739974959065,-6878.4790105604789,-2797.3694105903087,-649.73270051307099,-96.54652660202612,-10.259098596488887
0,1.3277155063791919,-43.877198604723091,-748.84503557448807,-6111.9957106169377,-31277.763781975707,-110424.70089902176,-286630.27286867134,-577245.11089945037,-945869.25877964322,-1314287.0886163607,-1603626.006637614,-1767285.0175065522,-1796124.1172968724,-1705855.3631069639,-1522553.1724805122,-1272544.4111876502,-977831.63704477169,-656098.86953758635,-323025.58677884593,5316.8749031603629,311408.52824511577,576976.70618232759,783933.635040169,914318.51471366687,949650.01283044077,869481.26306105801,648649.55780916731,252345.93694085884,-372492.64060177695,-1311887.9047910539,-2709235.568856399,-4803606.4707495598,-7981605.5577490367,-12812697.748079572,-19892880.715543341,-28570178.738203198,-35667127.024061106,-39272453.3670929,-38007753.326364696,-31362845.942841969,-19968682.231935903,-5615216.9016741626,9107993.0525229536,21331133.017189249,28613717.972740341,29517765.888703972,23910610.775236361,12962224.460077627,-1173360.8325972927,-15865401.115553886,-28612759.763870943,-37532641.387478091,-41659190.239694513,-40921883.047874436,-35997409.017656982,-28044747.524896104,-18397082.420736652,-8321559.8150942558,1148282.757930151,9212206.1480842326,15256139.030005731,18831637.582463931,19655797.178812746,17612226.486670598,12778478.176536409,5500092.6288809385,-3569389.7827054663,-13505778.324091384,-23216699.338171348,-31550077.879167587,-37459095.825391591,-40155121.261881769,-39257517.68461594,-34809823.657892883,-25458256.132696677,-18007147.802855592,-12646855.18633393,-8797777.4572200812,-5965108.1655196697,-3818924.9894298855,-2153004.3391648452,-840784.53865686839,195466.41923730454,1004251.6095612146,1616717.2047580201,2052685.2614656817,2323051.39760597,2431342.1645649686,2377154.73494825,2163739.7006120938,1809919.5299872218,1361410.4963963102,891387.84075047867,483335.82752950536,199394.38631351935,51235.094816723082,647.46629939072807,-5809.5726391242497,-2633.8022208545904,-635.73469799924101,-96.362885385434154,-10.369746953650059
0,-2.2651409761003123,-71.069292381233225,-869.93539080504979,-6327.6286854545169,-30487.55745823964,-103559.23288917451,-261261.32394657712,-513868.62020689179,-823933.95011506719,-1120190.8150602477,-1335090.8734630274,-1432262.4438477969,-1408414.7978224726,-1280565.0518242754,-1073177.6328226058,-809921.53818231472,-510394.36615048558,-190747.47822974069,133876.51877172675,447080.36142187484,730367.20573592419,963995.27606641536,1127938.9427629248,1201772.8641049974,1164016.8019382595,990825.81519672857,653728.54314912099,115957.3588930749,-673229.03095025418,-1786837.0748321151,-3330983.487058463,-5455497.6672674455,-8352811.6269791257,-12210252.693496296,-17030551.12619995,-22199461.569521289,-26281489.649242703,-28065197.398553036,-26731333.428172134,-22039930.910623848,-14455753.203848878,-5125966.207921044,4329821.4784654016,12150533.751680441,16837218.581751764,17494217.58679989,14019311.818124661,7107620.0970563618,-1927538.7942826347,-11457489.51351442,-19893101.647683039,-25989196.293786936,-29034082.883024227,-28882292.572103243,-25881664.548853736,-20724502.180148866,-14268089.622330373,-7377181.676511188,-814044.18981723022,4799103.4306869898,8980779.8679324221,11387974.127143063,11817664.050293559,10211331.17867869,6670042.1644069431,1480488.0239572073,-4876502.3741696607,-11754834.164158409,-18406820.668488126,-24064553.321107648,-28041824.430708941,-29834981.396164373,-29206947.974629365,-26215119.700567156,-21172884.358259372,-16213285.632989362,-12042997.438852644,-8706147.1669972166,-6061627.8308096481,-3955739.1778237722,-2266923.2443926237,-908531.12900476204,178934.9400806163,1036240.0732679645,1691608.2849080903,2163740.0099382633,2462710.8816137821,2590892.0988290245,2546315.9059851319,2330659.8097492857,1962025.1753153536,1487416.7985990241,984151.48101617233,542235.57727007999,230452.03428796129,64217.800278961062,4714.1359762312886,-4921.6961875843854,-2514.0930464246903,-629.26838353104063,-97.087658143814409,-10.56312873157718
0,-6.0577078105880133,-100.68046701659117,-1011.2207004852305,-6661.3746746524312,-30191.698404553328,-98219.107253588809,-239491.30176888959,-457247.4586301719,-712480.36957056622,-939994.12330307462,-1082715.2486709424,-1113971.3394048759,-1036189.1206398675,-867867.47455424827,-632176.98992265249,-350433.78757409478,-40037.129501441756,284330.4070556988,608157.02665966249,914981.72018116969,1185768.9120864361,1399954.3646955376,1536502.0510283832,1573871.1980266706,1489550.5371850384,1259166.8601831039,855059.66143496288,244233.04994599987,-614305.22620329086,-1772406.6421084336,-3294393.0361001641,-5253481.9899621578,-7714074.6368553983,-10682902.356983958,-14007661.662948517,-17236566.754133474,-19617343.516405284,-20444264.854101431,-19249428.160124645,-15934173.049061818,-10835688.791855104,-4700353.4675701428,1446820.5444068364,6507687.2022564607,9549484.1446199827,10009482.942533894,7813070.9383194651,3380198.9802404307,-2477359.6905189981,-8736749.4646646231,-14377031.093014993,-18569109.548361067,-20801192.734984357,-20919040.779931363,-19094876.067492366,-15745006.618680807,-11423491.356628956,-6720876.8411715841,-2187490.3056482016,1708436.4134825366,4598479.8604119048,6222109.7069568029,6431771.8292419137,5197529.4353903662,2613833.1597249662,-1093604.4385730852,-5571934.5877743205,-10365108.40740216,-14957612.577173008,-18831879.488606557,-21535448.583667338,-22747964.036176652,-22338374.875013892,-20405415.535012055,-17327534.730360262,-13951083.257106479,-10785776.087954471,-8020525.6665079268,-5678856.6797055732,-3722534.6746324548,-2100133.0612901174,-764985.76757751044,320465.28991556901,1185366.4608520591,1851872.6094030396,2335237.3401370789,2643084.017621709,2775537.2854247042,2728391.6103601954,2501390.5494299508,2111744.4509566291,1607606.4777062128,1070136.029872125,595253.81038590276,257476.58003446131,75022.191485564763,7875.6670156489581,-4314.8562248947301,-2457.8559526390909,-633.0219554579129,-98.972467746716802,-10.855859576939828
0,-9.9333276311806955,-131.72424678894984,-1167.2438796198844,-7094.3149803264532,-30356.060400184644,-94418.258829157203,-221603.63630242585,-408350.85766418919,-613676.09717286553,-777489.60814961977,-852121.32117783988,-819826.74500564986,-688447.15263618587,-478061.36137926165,-210849.26103748567,93902.781227818763,420769.22920651367,756464.63399876119,1087211.026991311,1396758.5221988566,1665977.1687918676,1874095.4052537933,1999895.455225525,2021834.6486989304,1917862.6865663882,1665023.6651212401,1238879.8863487043,612865.91579586477,-242130.69035568324,-1357283.3159615044,-2762984.9125018241,-4480910.5475657769,-6506522.4598631253,-8776796.606230218,-11123042.74293709,-13230463.764994044,-14667974.576042959,-15030188.65679322,-14059257.297632495,-11729955.82339545,-8287133.6678989315,-4223668.7831677208,-197454.17152619892,3096197.3578863977,5068886.266998969,5363469.3449328709,3927493.2074397085,1019510.9863526392,-2850830.0306554209,-7031635.7595912395,-10858967.920888165,-13776697.288889393,-15420601.796980197,-15653744.580101065,-14556154.539830998,-12379879.426179698,-9485443.1855403874,-6276670.1879279744,-3146664.4200470438,-441324.33490571787,1562082.3146323625,2667116.19867313,2765250.382124695,1840105.5082917544,-30050.926059025875,-2672943.9349996718,-5830616.9366792981,-9179242.4306690246,-12360601.396522343,-15022351.110646578,-16863316.802705783,-17677957.189076658,-17393807.121320028,-16097018.315934824,-14044832.154338909,-11646612.324601492,-9226537.4684310183,-6968201.9555178294,-4950735.4962702077,-3194870.1945216586,-1694434.4707445987,-433351.1687400653,606605.36069654732,1442892.893757642,2090663.8155135717,2560688.3822072581,2857281.8804621622,2977738.313606903,2915306.5019458109,2667711.3309602048,2251285.8417606051,1715239.1227444119,1144140.7971204927,638911.74091809639,278519.24062699475,82770.254374236669,9827.7604916297241,-4066.5283830362901,-2478.9283958715578,-648.64368748100753,-102.13838648845257,-11.252298643180865
0,-13.75971094482987,-163.03208261255364,-1331.079543649008,-7599.2136472616976,-30912.777614408005,-92069.779492228074,-207651.61179022744,-367730.9314654753,-529064.67849724542,-635672.12136503239,-648035.38464808324,-556344.00802150159,-373379.31390680105,-120808.78491156742,179897.3788413156,511148.03417081572,859243.82779819216,1212207.2390694127,1557080.6548823803,1878080.9843260995,2156382.4170165658,2371528.9582666405,2502766.9643460149,2529344.3940798193,2430608.6183437202,2186052.970595004,1775406.0174647088,1178954.3395741771,378424.03250008792,-640993.63349262637,-1886527.2878819359,-3350242.7138359966,-4996514.3544744719,-6744245.4003374865,-8447920.5776840504,-9890835.0092039313,-10812885.050415548,-10979956.133941822,-10254415.845218867,-8646405.9048700035,-6334456.1786543876,-3648712.6370917177,-1017486.1333712485,1112647.9821132277,2365727.8346278779,2512983.559811587,1518792.3020249638,-454147.55277241592,-3080351.245542726,-5937965.1666131383,-8589655.9045186434,-10659230.203176178,-11888340.962287894,-12164564.974208143,-11520557.112027919,-10109913.664861031,-8168956.6095342161,-5974544.8297666619,-3806129.534597253,-1916663.5266201796,-512695.5035556847,258331.58432401641,315631.23644347402,-351127.17430177698,-1681182.5214459081,-3545876.9615741423,-5757514.4011766659,-8085383.1212590104,-10278829.268121663,-12095600.036576426,-13332589.674098803,-13855016.651857831,-13619511.091063082,-12686438.903510589,-11215827.432282159,-9434179.0333232395,-7548320.1380372411,-5704644.3228046345,-3990278.3222328997,-2449650.4199086009,-1100960.9113484803,52168.24119057988,1013724.5561952913,1791522.2663251848,2394301.2029756485,2828347.7108129328,3094523.4803415863,3187216.1155837532,3097206.3568680827,2820408.0927797901,2372476.923268748,1803624.2909263421,1201256.0408772165,670086.50247065816,291925.79995615652,86766.017384110906,10350.519692140637,-4225.3679863923526,-2584.0579389789591,-676.54710925030179,-106.55571014863615,-11.743016855587864
0,-17.391974879313075,-193.27820114904381,-1494.4639782496383,-8140.9173001387444,-31760.674947564166,-90983.952827207031,-197446.73774669395,-335488.46718664485,-459493.67431756266,-516617.63454377319,-474114.22780567675,-328917.70674384217,-98106.844467730552,195151.89966365873,529853.13254656666,889762.18473956885,1262639.2389662184,1637699.071453956,2002862.7507024298,2343025.5036474261,2639994.2453793241,2874026.3351584077,3025276.1226133765,3074249.3269533361,3002135.6293570055,2791180.515317596,2425211.7203525016,1890493.3080792346,1177169.0175378297,281656.7381399193,-789535.86902212037,-2014124.4211265289,-3346410.0387879945,-4708804.5095315157,-5986059.0589156393,-7029027.0343840914,-7675725.5524199344,-7789541.5617885701,-7299534.8750284333,-6230115.8302750001,-4711693.1933560325,-2968104.259600468,-1281760.3281424188,56970.427277290401,805308.65184788289,815834.28973920573,65468.729204896234,-1340657.4894569679,-3190675.2628990435,-5207124.2246752419,-7097983.0473616831,-8606284.3520527929,-9548546.9072456304,-9836081.5363142174,-9477956.20925235,-8568311.684715867,-7263241.3164284611,-5753306.4390894566,-4236978.6396091208,-2898415.5016545705,-1890752.1689731632,-1324598.9872941198,-1260951.697584664,-1707818.7057859569,-2620239.7814438115,-3903927.5605417113,-5423182.2022095816,-7013520.9733783929,-8498660.6693000738,-9710535.0285908189,-10510225.686162308,-10806988.941561423,-10572136.400560822,-9844324.0023428854,-8722602.3188991658,-7343400.0668899613,-5842535.0263174698,-4330305.661013945,-2884762.0947386492,-1555656.0025881692,-371711.20895614324,652651.35578613705,1512350.8436340299,2208317.7266174913,2744242.0867615272,3122586.4090987993,3341140.5858571739,3391733.6750612883,3263099.2917989055,2949813.6512397756,2467216.9385702848,1866484.9586607486,1237133.6345182522,686191.43183852849,296439.7970806415,86544.1239223515,9326.4270190610805,-4806.1932889003401,-2771.8833317025337,-715.76439536641521,-112.02928328654933,-12.303760895443355
0,-20.675243951611755,-221.00147360258526,-1647.9159656834499,-8676.7773833204155,-32766.058330680138,-90868.090689042889,-190552.72422605596,-311251.19690184656,-405063.92520955339,-421390.81036821386,-332802.89160904416,-141627.66667484029,131560.04729615847,462291.25594361924,829829.69424047717,1218968.6924213432,1618647.3685745099,2019133.5584160942,2409248.7194213253,2774727.5939879827,3098256.4782973845,3361081.106240599,3544518.6352686584,3630531.7153144339,3602222.2907036939,3444408.9593041153,3144378.1563342283,2692946.877955474,2085992.126579223,1326625.6163832613,428149.37024062418,-582218.94028495078,-1659267.4615989611,-2736536.5647933516,-3726191.012101206,-4525227.5190630052,-5030546.1778300032,-5161503.8512982251,-4883181.0271829385,-4223151.7093124054,-3276432.7421011701,-2196047.3604132193,-1169984.0780881436,-388718.79562935734,-10035.555919474282,-128874.89899550815,-758923.08282377943,-1829889.4835841313,-3200754.285913697,-4685683.2786675589,-6086711.1495261071,-7226274.7835420854,-7973410.1395729696,-8259554.1918176571,-8082631.7441240624,-7500607.6732857581,-6617417.9677156806,-5564948.060940003,-4484481.8353303643,-3510114.3296930669,-2755424.4365016092,-2303771.985246243,-2202093.5619544829,-2457950.2024317449,-3039662.0749238981,-3879558.8267735536,-4880480.8589647161,-5925504.0698279832,-6890410.1073382944,-7657860.9622004237,-8131711.2041177219,-8249474.1116669672,-7990738.0160371521,-7379379.8031021105,-6477842.8273987481,-5373009.2496752711,-4156789.9687561658,-2911009.5751457005,-1700314.582068742,-571398.92770677526,444549.96735975909,1328500.3336398161,2070516.2088521989,2667284.3057461604,3119025.5948977591,3425354.2270270884,3581694.7466235566,3577967.7080427618,3401548.5583938747,3046361.9619028145,2527914.0799938873,1898289.7111976496,1248222.6273501704,685326.56320199696,291285.75707862916,81908.038056640027,6754.300004123269,-5786.089143559786,-3032.1323752375911,-763.82800145930321,-118.18622171561175,-12.894575179128095
0,-23.445984277422582,-244.61681826796439,-1780.8030888219319,-9156.9095602812376,-33763.354327622459,-91327.213516069314,-186283.82945834417,-294163.5536590839,-365100.17173475347,-349983.8318743438,-225230.81170965711,2913.8536789487107,311326.17188793415,674542.53004400013,1071965.4739069291,1489112.9022510874,1915822.608412469,2343256.9364948748,2761127.5799439624,3156117.4329536199,3511964.9249218157,3811069.2529055998,4036018.0689764163,4170232.7798891929,4198559.3868430443,4107943.0551259932,3888255.7160987472,3533357.7916788175,3042475.1243691654,2421932.3815866848,1687212.1433440403,865140.10640279402,-4280.835931077786,-867280.68374466593,-1658290.7203728198,-2305882.7776633729,-2743316.761997235,-2922381.2096011797,-2826997.5528356526,-2482537.2827609857,-1957680.0322818572,-1357319.2247384866,-807123.85804597673,-432435.6334336017,-335719.63682543521,-577338.28938772646,-1163793.1727984478,-2045907.2469200159,-3127201.2161599658,-4280504.9051036267,-5369213.5341604324,-6268885.7610007944,-6885220.7274088375,-7165634.6855552169,-7103286.0934786461,-6733976.1992458291,-6127540.5316818049,-5375951.4647968207,-4580362.7943797214,-3838889.9375104336,-3236280.9539450319,-2836054.9565102546,-2675296.6801171335,-2762105.7566352161,-3075640.7932480774,-3568711.1071326518,-4172844.6694006175,-4805620.924588507,-5379780.6626124214,-5813284.3006546982,-6039169.8468107237,-6013834.3713124515,-5722305.5702420715,-5179256.1696219444,-4425057.9059721977,-3517248.6527161542,-2519596.2245612754,-1492658.6406034911,-488018.62824409391,453918.77503615944,1303744.2851421884,2041706.803485052,2656056.6078342656,3141398.1719195643,3495953.1665655277,3717533.6515581626,3800055.5840236661,3732363.5995490826,3501346.0724780299,3101109.9477233174,2547877.4665608178,1894532.4462484668,1231954.8639425919,666390.41419052728,276228.78299725504,72957.436168401968,2759.8104626957384,-7101.1649515301115,-3344.8560947623414,-816.63772942924868,-124.45945149672939,-13.458398669323122
0,-25.530010600178315,-262.39824864858929,-1881.2493451430673,-9523.8802653087587,-34554.500756406036,-91863.562330197397,-183705.13481470279,-282886.28375784383,-338143.13745692547,-301287.69176512246,-151146.07911263269,103678.09203134043,438583.41220261145,827532.21764083579,1250014.9179974273,1692016.6859791214,2144009.5148330987,2597886.7363769053,3044213.6418722901,3470687.4501342308,3862206.6608333183,4202406.756039774,4475147.3877215711,4665190.8240451077,4758830.9395313971,4744593.5524960551,4614042.327919771,4362736.9205762492,3991363.5403351937,3507015.4896028889,2924515.3013997683,2267552.5410849671,1569235.9116238533,871479.44977879117,222524.32625880069,-327956.14432262938,-736154.72799538937,-972803.04759913811,-1031204.8847927285,-932316.69389964675,-725039.91670208913,-480898.27014530759,-283573.96473741281,-215042.22180937487,-340970.86269544018,-698366.30605289666,-1288049.6591605397,-2073523.62500417,-2986423.7838741764,-3937376.6305915653,-4830044.0205046861,-5575646.5056569278,-6105390.9559434755,-6378903.5498860804,-6387738.002009742,-6154041.2220130749,-5725254.3238567365,-5166204.1418383215,-4550038.9642168386,-3949290.0993866213,-3427997.1186934994,-3035488.9472000985,-2802123.0868050391,-2737101.1826867624,-2828363.269531229,-3044499.8125911946,-3338546.0961356806,-3653402.4690506253,-3928442.4069840699,-4106659.770512539,-4141518.3674256583,-4002561.0144945323,-3678860.2695244267,-3179610.0454946095,-2531600.1827546377,-1774022.7930779255,-951915.72796990222,-110089.12402741064,711219.83408242906,1478698.8748540173,2166711.5160449771,2757040.4191858917,3238143.0684217392,3604143.7913090698,3852478.7951937173,3980126.5821694667,3980378.2756169359,3841917.3769725203,3552118.229327681,3106187.2681892728,2521631.0815997082,1851934.5303379269,1186862.9156353099,629142.55899698369,251606.22236411096,60104.447836752755,-2396.4088674325262,-8643.1454889983306,-3679.3630619544806,-868.22857490264335,-130.05328411370454,-13.917520866424502
0,-26.734290709240156,-272.41194255793192,-1935.7790918837773,-9711.4980648805613,-34906.503126487965,-91874.483681980768,-181635.20860975917,-275607.86421430652,-321966.79349960102,-273101.9786802617,-108897.6901353712,161282.81103590201,512528.74083271652,918755.99143009586,1359587.4016877373,1821286.1194906633,2294732.3538938398,2772395.3699290613,3245644.0110694095,3703220.6680378583,4131243.9779546633,4514608.0423812615,4838384.3842799431,5088496.9144429537,5252351.9529454447,5319514.204116988,5282445.8828704935,5137320.1347166169,4884904.3931122404,4531457.7316881428,4089526.01377388,3578433.5031769709,3024184.5447307043,2458423.0586734773,1916111.3124325227,1431762.1241370954,1034436.2389276585,742254.48043275741,557636.57670262235,464609.218330934,429230.10070900002,403559.9444334482,332812.03356260661,164538.2479850972,-141853.66629731478,-607132.04793466209,-1227451.3630797341,-1973726.2549797201,-2795309.5147921271,-3627245.9540855191,-4399713.5929763354,-5047919.378768093,-5520765.2980283936,-5786978.1512934361,-5837991.9200143414,-5687512.0534124449,-5368235.718877228,-4926553.1039536856,-4416185.8110570554,-3891665.8835378927,-3402386.8419735408,-2987748.7162119239,-2673716.1493080324,-2470950.4277638989,-2374552.9241749663,-2365370.5716931857,-2412727.3922629496,-2478345.9063524134,-2521093.9067611322,-2502060.6435460243,-2389356.2855543406,-2161989.3177638571,-1812234.483529886,-1346089.9284503907,-781741.09783323668,-146370.44211418729,527919.71591886145,1208104.8474348884,1863414.4390603567,2467397.5722793639,2998952.0173565717,3442587.6013333001,3788214.6180749778,4030577.9037565016,4167247.2058643876,4195188.325963988,4107899.2762860982,3894824.4497377486,3544829.7516735964,3055160.9732520976,2445150.5113914241,1768573.7152172597,1112633.1704066126,574218.11841601715,218332.43973599336,44080.277618879205,-8311.5684247657973,-10254.851409108214,-3992.4670101476327,-910.33546525300039,-133.8726126113404,-14.164317640797044
0,-26.853150905800351,-272.58660610482849,-1929.8556619435153,-9647.6378933162614,-34561.74789859118,-90679.327559373836,-178697.82343035479,-270120.30143340334,-313665.67392471194,-262216.17691378423,-95498.257315446725,177952.7443059228,534149.29252848704,947593.14584857866,1398196.8301633731,1872404.783144637,2361336.2315902845,2857904.9455293762,3354226.7865661806,3840095.5417806129,4302872.3856257377,4728696.9920271812,5103763.1778760804,5414966.9755109437,5650508.3261819147,5800519.644113047,5857718.2783083124,5818079.7698591854,5681508.8615339156,5452453.1706248969,5140353.898013697,4759783.3507850887,4330075.4773237463,3874253.0880078771,3417102.8285192284,2982399.2460735911,2589515.0553688388,2249948.8260693555,1964517.9304609976,1722005.3081044171,1499849.0634684667,1267081.5270674936,989230.9850130229,634427.85514810053,179617.72176240367,-384317.6479550256,-1049562.3367080712,-1791119.0226903143,-2569400.8274236009,-3335205.1741052992,-4036181.465262874,-4623673.7991340309,-5058820.8928013099,-5317018.5641665924,-5390209.0560787814,-5286881.1265508924,-5030025.5918219676,-4653556.0206654295,-4197820.8833256364,-3704844.9611028875,-3213850.2349579055,-2757487.1215702491,-2359063.7700798148,-2030938.2292277329,-1774128.6783832659,-1579110.9248113632,-1427694.1005264181,-1295781.654695384,-1156733.0821034664,-984953.91275780078,-759277.84687769134,-465697.40295280743,-99059.369178476598,336513.15863272751,828500.66966980719,1357941.6157509442,1902013.7621180371,2436693.4320549979,2939039.9300108105,3388860.0523552024,3769719.0376413763,4069400.7050152184,4279974.7140057003,4397504.8740011565,4420341.757577545,4346090.4760173,4169195.3392590135,3880737.3598509911,3472049.1832217728,2943310.799783261,2316132.4826161843,1644119.8684207411,1010283.5046585486,503240.91478630458,177958.16089826898,25959.882554697433,-14432.921711085455,-11728.382075277979,-4228.1729651498226,-932.35036459975447,-134.51775561851963,-14.059360069715611
0,-25.71489616006032,-261.14496275241424,-1850.6167635435957,-9266.2561978717204,-33275.046781849567,-87601.290415905096,-173454.86032721525,-263981.85669690574,-309808.90035376261,-264527.6767303425,-106709.12528049819,157442.65378820352,506130.20980397228,915183.68128395302,1365095.6902275572,1842506.9414283119,2338679.0609926051,2846870.015988267,3359887.1714102915,3868561.9930456453,4361496.8449997744,4826046.9286867501,5249442.4578551752,5619387.533994521,5924617.8786804881,6155468.1352602672,6304440.0213166615,6366754.3031993061,6340862.473012438,6228867.2127266526,6036773.2905688128,5774461.8230563318,5455268.0938179288,5095058.0179940108,4710752.6367024397,4318360.2188179223,3930722.5172206517,3555343.1089349911,3192764.2794383783,2835957.7332843868,2471052.6045345748,2079485.2894137087,1641348.881493551,1139436.957363799,563268.89549141622,-87668.398249356847,-802120.19123975316,-1557099.5877563811,-2319812.6732505024,-3051173.3847072884,-3710333.0582823688,-4259487.9547372786,-4668221.8069388317,-4916765.2931662127,-4997781.8712896481,-4916556.6995075643,-4689713.5557625107,-4342772.4312381335,-3906963.2542393063,-3415740.811779052,-2901408.7800353356,-2392190.7301555583,-1909989.4390364899,-1468984.3491892754,-1075129.0974247744,-726539.58210459619,-414694.69206772285,-126307.78281550283,154345.2423405275,442913.05878981523,752584.46936265426,1092138.83090107,1464688.3356651252,1867264.7458093252,2291266.4978617528,2723628.9879934834,3148453.4210387375,3548771.7022040989,3908157.530136324,4211998.8834915264,4448362.2638101066,4608477.663233459,4686919.8866073778,4681470.9366797581,4591681.6265270673,4416288.2056015702,4151308.8280143584,3790246.9542489685,3327777.0169801572,2767765.9074978502,2134354.7161386129,1480288.1684296404,882575.90588645218,419105.7372120826,132805.04228481132,7193.7360190104346,-20066.735416619136,-12816.669994892189,-4322.7214719550739,-922.59877032762051,-130.48981256604557,-13.454851619223378
0,-23.263864463312309,-237.35047325454775,-1691.5185439495876,-8527.3395114397808,-30873.496771893682,-82095.057470253363,-164602.9369537431,-254736.01035522754,-306606.29796889093,-275098.15941122378,-136979.39843582877,105182.58540368483,433037.46568317566,824600.61881237337,1261383.8434013098,1730367.0817361893,2222941.7779858434,2732650.5266232491,3252942.5966078355,3775662.7784174094,4290640.8680625688,4786423.5930953128,5251222.442481962,5673447.5927272113,6042206.6678204294,6347807.6103140479,6582248.8558811257,6739678.0390900057,6816792.5008791117,6813143.9282461395,6731290.220392542,6576727.1527134134,6357527.6897323625,6083639.2553292103,5765831.5470785787,5414365.8101466773,5037545.3934414787,4640396.8022814216,4223772.3765462805,3784146.367240841,3314276.6579815093,2804750.3990425849,2246245.4529015995,1632167.5670356713,961202.92476388765,239295.83268917611,-519363.51673490769,-1292588.9287906149,-2051709.5622245467,-2764142.4850392151,-3396642.3968272535,-3918741.1072299425,-4305876.4855931541,-4541787.7543969415,-4619893.1243381836,-4543543.2861653809,-4325208.1629561186,-3984792.4444993269,-3547353.9323400464,-3040535.9312510286,-2492009.2112693791,-1927180.6730021534,-1367361.7858543682,-828524.39571351907,-320708.17385761003,151913.35356711168,590353.81169132586,999620.75525038783,1387159.989550435,1761132.9197652726,2128747.8367916439,2494858.6256179283,2861007.6056251531,3225018.1935528717,3581157.7947243606,3920794.5044170446,4233395.6908477368,4507671.551469163,4732677.4908223944,4898736.6318206144,4998113.9326114217,5025435.0722197015,4977883.9373807292,4855135.9089022074,4658175.1575150397,4387210.5856936937,4040331.0413646847,3614106.6591764577,3107236.2423768598,2527748.1813284107,1902206.2228566676,1281454.6514402553,734529.03308820375,326276.14163339313,86051.32750834692,-10427.93840641347,-24436.841531299593,-13268.619605800886,-4217.1575363028878,-871.23586882594805,-120.63199215867778,-12.244255340563026
0,-19.650455807995467,-202.339407022833,-1457.6071245378153,-7440.0395147290501,-27327.626057676007,-73902.6674384324,-151220.07281827315,-240190.74873189387,-300110.16944310354,-288168.04163833859,-179209.72849916824,28771.324304269259,322034.29566684057,681730.78677162982,1090981.8296667943,1537386.2804350308,2012549.6186400296,2510290.3958520028,3024666.696057748,3548511.1198781845,4072871.6138696214,4587488.7375726402,5081559.8143101912,5544191.0730420873,5964826.8863444934,6333683.5164319947,6642171.1082371529,6883281.5660248762,7051919.7868444622,7145148.0407949947,7162307.6434444832,7104976.22417292,6976722.2384267524,6782635.1515953355,6528641.4630443845,6220667.0496612359,5863760.0749621214,5461338.0708376449,5014737.6166283889,4523223.0274853101,3984538.7062423029,3395992.7826311681,2755944.4381753402,2065468.4850914255,1329900.2973358708,559952.7269708165,-227854.59814054007,-1011602.4450089488,-1765221.3839776332,-2460441.9649069691,-3069186.3270347733,-3566073.5959884664,-3930703.134445129,-4149424.6960847764,-4216394.9067197843,-4133832.8932683729,-3911499.7219565073,-3565522.8320975676,-3116747.6306962152,-2588831.3201551246,-2006290.0742382577,-1392689.5672876365,-769128.13561340212,-153118.81363409536,442068.78929907782,1007585.2533236918,1538718.4901105342,2034211.7427816505,2495286.6335858167,2924505.0327761965,3324624.0699378452,3697591.3218879104,4043805.5769068627,4361722.1810739916,4647830.4273646381,4896968.0833414551,5102888.6878597196,5258961.8691571876,5358885.166449042,5397307.6873578299,5370307.062099183,5275700.8192071784,5113202.7140597925,4884374.9915219266,4591702.1338119274,4237051.9389920803,3820913.0303295562,3343346.0893965238,2807435.9580826228,2225391.6731906673,1625545.6076093705,1055355.5404435361,573828.1536894344,230882.46852101391,41614.277029622805,-24955.132925877697,-26817.071901590549,-12891.344627469276,-3876.8976489757965,-774.39844064861018,-104.72673014720168,-10.427714863325951
0,-15.278452069234422,-159.60916324480939,-1168.9918569731378,-6079.8496506571319,-22811.162971581358,-63202.485121302547,-133036.46560955659,-218778.19531011474,-286541.67947143188,-297268.80685923056,-224473.07931813778,-61236.905749272017,184207.61770678163,497115.35115990409,862933.90356302133,1270298.1703609233,1711218.4254131098,2179844.3443017937,2670836.4702352281,3178000.9354377226,3693612.9093431477,4208655.1999302553,4713394.7098731082,5197740.0024829339,5651589.7355778795,6065194.1590737849,6429512.6611420857,6736547.7832690831,6979634.0451423144,7153660.0238653878,7255199.4502521493,7282528.8946738839,7235512.2980514476,7115346.3430494042,6924179.5594183421,6664649.3167811679,6339411.4549557036,5950764.0728245266,5500471.2920650383,4989872.50533609,4420314.4511647271,3793880.1559769791,3114321.4287465601,2388044.1383634512,1624960.1280348441,839015.50913399074,48240.581093929359,-725763.95538708952,-1458895.9951984782,-2126074.7280735294,-2703038.283294565,-3168196.2949108919,-3504310.5323089133,-3699806.8033580706,-3749578.6283642654,-3655216.4935911549,-3424670.7697708849,-3071423.706407465,-2613290.4873196618,-2070995.9315554088,-1466675.0887247357,-822433.81441963278,-159082.54698642489,504871.40697854105,1153915.9535148777,1775882.2266926004,2361950.4273530482,2906346.8789367955,3405796.6794335246,3858820.2948004855,4264976.5584469736,4624153.4953053193,4935996.4334206525,5199536.9618408838,5413054.7433583457,5574163.9400261436,5680081.1357956957,5728003.568514064,5715519.8282471159,5640984.1912083207,5503809.458253867,5304657.3197285328,5045524.2360614128,4729682.1976631442,4361015.1860277243,3943053.8933712952,3478780.7725571906,2971832.8414952829,2429551.7299381751,1867699.807360196,1315045.8896659312,813756.62842643342,410900.05126062979,140406.12456229981,3708.0367482508932,-34635.442812346315,-26729.243575471788,-11627.031847860906,-3312.5256377658648,-638.09278448244561,-83.996468972281264,-8.1629616028921674
0,-10.754796289957964,-114.67642725946276,-859.61196384986761,-4588.0880124321966,-17717.695635710326,-50695.372854168796,-110673.86919858995,-189998.28309085732,-262869.04308604152,-295711.8339596304,-262093.01886934959,-150697.39057158315,36108.48844272834,288481.58545757539,594967.65553199779,945775.64210862946,1333620.9860630527,1753109.7259251841,2199531.650474716,2667667.4161552689,3151052.7667016815,3642010.4731165399,4132042.7981535783,4612083.9487653319,5072761.1324019646,5504678.8755663447,5898713.0561030665,6246296.8298969483,6539681.0704036001,6772151.5372786513,6938187.4134233491,7033547.8708486771,7055278.3323157877,7001635.6752324533,6871943.393073028,6666403.6922426578,6385910.3100414313,6031919.145340397,5606434.4469229979,5112153.6030976912,4552782.2307975171,3933492.3061221787,3261456.6336197136,2546362.7851712462,1800793.2950784822,1040361.5565521064,283517.11218778312,-449021.72246830404,-1135191.6123144624,-1752789.6718307652,-2280838.0115712183,-2700959.6290763188,-2998614.4873341103,-3164065.3816503533,-3192979.6658414816,-3086619.3720138585,-2851620.9975013379,-2499411.273826221,-2045336.2626081463,-1507601.0829442863,-906121.27373403218,-261381.1064217801,406618.61423468479,1079255.5736537599,1739974.1987836587,2374735.1709492961,2972216.6252514794,3523779.0398286767,4023229.3074953929,4466436.208359424,4850862.5076958751,5175081.0177620212,5438339.7255332582,5640227.1716198334,5780471.9885777961,5858882.7943083914,5875411.132019314,5830297.2631296907,5724252.7310018353,5558634.4691997729,5335579.4976582378,5058079.7237101309,4729989.1089773141,4355937.0300925765,3940926.7759675863,3489931.9154868429,3008197.4693681216,2502538.9220730746,1983762.5307622852,1469790.0281795298,987863.33959887049,572795.33811983955,258371.96604423097,62788.897274434945,-23947.072087226599,-38395.419655726088,-24147.879938486378,-9611.9154702732139,-2590.6186770617733,-479.30049153203504,-61.131299381161718,-5.7582394554768506
0,-6.72541600666026,-73.702350007777895,-569.68530978786237,-3145.299760530344,-12605.269135563691,-37561.643643630305,-85756.519480899238,-154881.17966374557,-227721.10054973533,-277815.84700119763,-280803.47583662736,-222462.95933405164,-99802.548334164749,82547.698434304926,316871.1433049558,595538.1504414106,912358.62518343341,1262585.9463595031,1642195.7941859805,2046952.7989901819,2471695.3437394798,2910208.3568410855,3355442.1092126979,3799658.4343348234,4234602.2861256106,4651707.2524286099,5042323.3742217757,5397954.0668447381,5710487.9086653152,5972412.0303087058,6176995.4680573791,6318434.2854536027,6391953.7865816411,6393868.357684481,6321604.9793619933,6173703.8408722011,5949816.8247997686,5650730.4703640249,5278439.8315266632,4836290.6024459228,4329189.1616110345,3763857.3782672887,3149088.0887050652,2495942.0934069059,1817822.8521001239,1130370.2098218123,451131.86242252059,-201002.036306133,-806580.97913834231,-1346538.5586457036,-1803216.6995512019,-2161372.7139024492,-2409071.7113676458,-2538380.981925407,-2545806.0797040514,-2432437.1052987115,-2203804.815259716,-1869473.699557482,-1442420.3349579249,-938258.06016693229,-374374.07163359586,230957.2918913328,859426.72532127181,1493456.911740642,2116843.0103717786,2715236.4949693084,3276455.8574354751,3790622.5315022604,4250135.6688318765,4649512.5032709101,4985131.6395974662,5254922.8680475494,5458049.1692194669,5594621.9867531322,5665480.3227193179,5672047.5659182994,5616262.7609036556,5500568.3527926663,5327929.7626762707,5101861.6166577591,4826439.8527586218,4506282.9501144607,4146488.9823330254,3752519.5818061107,3330036.2821092098,2884982.3741058651,2424235.2574827345,1956809.2187902899,1495467.5085901159,1058238.542431199,668580.53357099392,352245.24659886613,129531.13865308647,4910.1125639908732,-39133.742907066648,-36285.961904216885,-19608.957281157149,-7175.0671545864316,-1823.0427545656139,-322.19196839404776,-39.585303441201042,-3.5818558947135517
0,-3.6573896702273321,-41.511359451257512,-333.59572639320862,-1921.6734039155813,-8063.0121484624724,-25240.247313817974,-60760.391512978458,-116262.62473691079,-182486.81136604885,-241023.1237465585,-271724.35446774721,-259735.69311671576,-198221.77615841286,-87120.832732666036,69762.282575318444,267389.56363080424,501052.42662924516,766880.19601120951,1061613.557831584,1382002.9822935401,1724202.7390379121,2083545.4520071985,2454611.3750207983,2831279.3197339722,3206815.6956013469,3574004.2238654634,3925307.1155976662,4253048.2059960356,4549608.1084938534,4807621.5513364123,5020168.2787516462,5180950.8695071833,5284455.5280039124,5326094.4727004748,5302331.1747641293,5210791.8365075039,5050368.9124259166,4821323.9585454147,4525396.9627121063,4165924.984792544,3747964.8378607021,3278403.4436487234,2766029.8699340797,2221537.0504583432,1657421.7067315811,1087756.8264459835,527822.80307010817,-6401.2786305782347,-498865.95873471658,-934161.0882467333,-1298253.8769757401,-1579195.2392602814,-1767735.2556845455,-1857797.8608929149,-1846778.8217443381,-1735648.7077955657,-1528860.2992042124,-1234075.5304320769,-861739.9518906069,-424540.36171376973,63214.668111260267,586251.2955643743,1128985.4807363255,1676141.0253521628,2213299.1474314057,2727353.7828101618,3206854.1476187776,3642224.8277924317,4025863.1797052496,4352123.491202659,4617206.4782372899,4818980.1316589266,4956762.4852253618,5031096.4814542001,5043542.0071762344,4996500.3827871997,4893076.4528858336,4736974.0286468845,4532415.8566725655,4284076.3946662061,3997015.6269146157,3676599.9380648383,3328394.1625765194,2958026.5295773628,2571209.5904540545,2174156.7421359261,1774382.4570909727,1381630.0613843529,1008631.9168894822,671249.74147741939,387212.41519048961,172518.26827141846,35448.470613075311,-29389.895677029974,-42041.143208851528,-29656.743480638786,-14121.49310116617,-4752.0193397981902,-1132.3984003524874,-189.91902861928747,-22.325256903009844,-1.9192661403751519
0,-1.6892054111983401,-20.022636765101826,-168.75966341767582,-1023.4207394032442,-4536.1845408169047,-15046.259933680652,-38488.525135014555,-78509.218771572152,-131982.12952267355,-188235.31691454008,-232832.26509745093,-252724.13518395089,-239494.23853980663,-189830.0461338436,-104202.09823908164,14927.263709426734,164531.25379534336,341799.69629138929,544310.63837908977,769768.97025869566,1015578.0594280787,1278587.8260817854,1555056.6801753722,1840631.4924992602,2130370.857441267,2418810.1910475437,2700061.3136601006,2967940.0231714239,3216115.3139845114,3438273.8074064264,3628293.226071333,3780419.3477989286,3889441.9898962528,3950866.5097037381,3961078.1073949174,3917496.2833344731,3818716.8556751469,3664638.7176944204,3456572.4025451294,3197326.3690247992,2891264.7283038525,2544326.7104736166,2163995.3565453826,1759201.902003292,1340154.5049130062,918084.86117397272,504913.35556050768,112841.52270935236,-246110.84692006139,-560598.75282238249,-820444.0595248288,-1017092.9108539554,-1144006.4048069164,-1196957.8591834467,-1174218.0543346626,-1076619.3368316391,-907498.51476102648,-672526.19114007382,-379436.938996532,-37678.668730489953,341997.76573814359,747986.39055443509,1168288.6341031024,1590968.0168632264,2004575.367865805,2398524.7223833743,2763403.0206256877,3091200.96878222,3375457.9832466119,3611320.8442488709,3795522.8994280035,3926297.4005464008,4003243.2369604725,4027163.0003879559,3999891.4421052374,3924128.1498955814,3803282.9689363777,3641338.0274936515,3442726.5682076905,3212225.8414684655,2954858.2657281766,2675790.8452286157,2380216.2883085147,2073222.1247347496,1759920.9518709879,1446003.6980716174,1138474.8662770509,846199.41294759838,579935.29848257697,351550.65436860826,172121.54393617157,48797.482040892239,-18874.203095181794,-41071.586348172685,-35558.468287262796,-20851.09154025144,-8857.2277127898451,-2735.4567747141791,-607.62469209611356,-95.999219426032099,-10.716184774976,-0.86399042592456032
0,-0.64579071507505648,-8.0633166594961594,-71.912856739535613,-463.22392547756249,-2187.8704196780072,-7751.9909946675789,-21218.519259386299,-46376.1639148135,-83681.515767240635,-128518.8385079976,-172336.4710859409,-205640.38845496209,-220751.22029442724,-213096.99771893228,-181077.01326269595,-125152.99564676201,-46810.875242148759,52221.441258289611,170356.11203753477,306148.14401671942,458064.10175943543,624268.58593915834,802532.52576268069,990175.1871099862,1184046.5693120097,1380546.6681928006,1575675.8252743997,1765111.76422056,1944309.5140918037,2108620.5355231795,2253427.1186489239,2374287.8891614527,2467090.0892803855,2528204.1737744347,2554636.0259756679,2544171.5900044004,2495508.1260772753,2408365.8167360621,2283573.4910288164,2123122.6245720503,1930184.4085689203,1709085.1956819636,1465236.3384067211,1205015.6666181975,935600.11075765674,664752.12668636139,400566.20094747626,151185.19080942223,-75500.833162195093,-272158.40112598886,-432301.1212228816,-550550.86619391723,-622855.29937442846,-646650.25521107228,-620959.36867930146,-546427.49936429504,-425288.28168957139,-261269.21918893993,-59440.263486091484,173986.53178904305,431897.27523616044,706546.26146633748,989844.49288891256,1273654.4591257637,1550078.0738785125,1811724.3697289149,2051943.9374757821,2265018.7099081278,2446298.5317346733,2592280.1687358692,2700629.2728992398,2770150.7275932971,2800716.5300997286,2793162.5556934602,2749165.7699354296,2671112.464218304,2561966.1481093308,2425141.66619058,2264389.6890843157,2083693.1995147113,1887174.3876755182,1679006.0820135248,1463314.1555280918,1244077.4065897232,1025289.5229987295,811459.78173299227,608127.23971347732,422032.29403072665,260692.56183838646,131271.17591377671,38805.524955987828,-15843.588331287019,-37478.561380834064,-36215.819694834579,-24478.982416182535,-12408.373228856792,-4730.7225024334311,-1336.5739360014086,-274.96644383113346,-40.615393298867872,-4.2719452664020228,-0.31830349185779461
0,-0.19892470239477472,-2.6386334661866377,-25.113990201050218,-173.26958553362107,-878.97411425447604,-3350.3885665166322,-9869.7654195849136,-23203.966822494116,-44993.552986074988,-74210.427659852052,-106950.93064345332,-137674.34923689507,-160949.90710505904,-172741.89423688786,-170852.92558233361,-154677.43757630786,-124625.14790587076,-81538.264885240351,-26298.695570153697,40308.905774112711,117523.92995185577,204469.39522107266,300056.030803231,402918.98067555844,511385.90179679403,623472.27970268356,736899.76173576829,849134.5970713956,957444.05908562941,1058968.9450231215,1150810.0292156606,1230125.8394183875,1294238.5165591375,1340743.8843491261,1367621.260477447,1373337.9617398547,1356942.9774991092,1318144.0496105016,1257362.63885715,1175762.0871825565,1075245.6406158947,958422.65548193059,828543.04342642426,689401.73606722441,545216.63503086648,400485.13973122375,259825.70850557528,127811.82813187566,8806.0616802817622,-93198.409613208438,-174722.05001484804,-232923.32532495228,-265698.66069304041,-271754.85755724041,-250652.2171888781,-202817.84010548607,-129529.56007338705,-32871.655764699986,84336.117266191926,218634.23487751052,366041.40567250072,522191.69565148395,682486.60405776859,842256.70849733951,996926.22773008666,1142172.7991397427,1274074.2078051432,1389234.0691083488,1484879.6872697654,1558927.4678756248,1610014.0061152668,1637493.8648920734,1641407.5759175846,1622425.2642570722,1581772.3551615295,1521144.1802181602,1442616.0048569045,1348554.2090316298,1241533.0809171177,1124260.0832609895,999510.40136770823,870068.55312928243,738668.82532237447,607939.58246672456,480538.15299174981,359484.95458380878,248415.27577132487,151495.94296126493,72874.506198871211,15699.339928537314,-19045.642576839939,-33441.377173461711,-32687.549393333084,-23869.297738619163,-13653.436834714821,-6105.3705359142941,-2095.7060083171618,-539.87460973727173,-102.24559725894753,-14.019432513792701,-1.3790212996615479,-0.093446966605434542
0,-0.048063434339533355,-0.68264075059628904,-6.9869062700690767,-52.004947487376413,-285.21110593126343,-1176.0827651643538,-3744.5796649074678,-9493.1704310414207,-19785.674191125454,-34953.963656445711,-53794.881631510318,-73830.354400461947,-92109.595860726782,-106044.60972879932,-113905.17674750023,-114891.74640937135,-108913.70784726126,-96263.200400060916,-77337.858986228661,-52493.001045513374,-22031.310207757688,13726.809952593823,54373.515650558948,99366.649869054032,148002.80613172622,199406.68292039895,252534.04455005573,306186.6058741383,359037.76629179617,409668.33294856956,456611.25798105291,498404.0471963305,533646.97785395687,561064.69146267313,579568.19049558265,588313.83717663772,586755.68225535087,574687.42398768128,552270.59376255365,520046.26226630795,478928.63135228847,430180.21133153443,375369.67206594674,316314.72341568535,255013.37838286339,193567.6243687887,134103.81749769807,78694.013613240328,29281.961094175556,-12383.295802372371,-44804.179615595196,-66780.582270487401,-77444.726566968049,-76285.02785848717,-63159.385443067556,-38298.386995771296,-2298.7986233557131,43892.506929796902,99004.286492627623,161476.5453186071,229506.17970803662,301102.43191733252,374151.30408500915,446487.20791093353,515969.1580277328,580557.91806905123,638389.88561958016,687843.32088111097,727592.88023465395,756649.27711173287,774382.13271367596,780525.4946180504,775166.8992537515,758722.06888042891,731898.25674895616,695649.81604108494,651129.73744018201,599640.70544219948,542588.73523892218,481441.77968996257,417694.80244748568,352841.33347216441,288348.21214195626,225636.90372489442,166166.48550495243,111594.21404674188,63837.68105881699,24907.667379076116,-3521.4652194874229,-20705.621400719883,-27356.421340536239,-25793.692174224347,-19491.345974361346,-12052.030502359172,-6049.3153288263366,-2415.4104512910321,-748.13443150271326,-175.29201576418538,-30.413563163706986,-3.8476447472015276,-0.35162065156751726,-0.021306210272455307
0,-0.0088855486173706651,-0.13605260942316344,-1.5068686292646085,-12.167970835342238,-72.488988125975638,-324.56762057020126,-1119.6460805039937,-3063.6933619176125,-6857.8199685612635,-12940.460221076577,-21159.082544423683,-30714.202028610842,-40406.982115142353,-49017.687185989278,-55608.789732245998,-59647.50980907349,-60961.335020955084,-59604.164973535517,-55715.043053571899,-49423.493737338336,-40821.165558935762,-29987.710272944005,-17028.047329046305,-2097.4897988206344,14583.124287456627,32719.906332608771,51944.588372792474,71818.604820763183,91842.140535788523,111467.82693866616,130118.7223022291,147210.03425117547,162173.77112465075,174485.19597994859,183689.6552846595,189428.12035282989,191459.65551810287,189679.05270016595,184128.07240187089,174999.12406930036,162630.78715379009,147495.26517358911,130178.58094574325,111354.95350272763,91757.250281759465,72145.628320173666,53276.451491235654,35873.318613133764,20601.606287806437,8047.3903179901972,-1298.9505905093617,-7054.6346660170975,-8952.4088274069927,-6845.1989789541249,-708.14020241061132,9361.5274344138543,23146.483593073164,40313.362560974987,60419.158705600654,82920.536870896176,107186.61736233172,132515.66881534774,158155.83788755926,183329.60779611024,207261.17381883739,229205.43776926468,248476.94828304081,264476.92179031594,276716.51236562227,284834.75398489652,288610.04018657719,287964.56875427125,282961.7918698492,273797.49690100783,260785.63348600836,244340.34261091583,224955.81200526285,203185.5904359454,179622.89003410476,154883.23751184653,129590.59821623373,104367.63663799742,79829.600144880038,56583.830305282267,35267.63620293155,16599.267603098033,1362.1873367918784,-9723.9339474229346,-16234.862331363696,-18295.166624401343,-16717.151955153458,-12895.704831771813,-8430.3865275202952,-4616.0957738767102,-2074.3811041094968,-746.00858631506549,-209.03122074971955,-44.503044564870244,-7.0517908340131319,-0.81951529141000545,-0.069221022087427517,-0.0036867047691127195
0,-0.0012308782794470672,-0.020429715682305484,-0.24598799201411581,-2.1629917526933116,-14.035460057252847,-68.350621420617472,-255.59603637005799,-754.36516494992088,-1810.0629427584081,-3636.5631419339707,-6288.8094551979802,-9596.7185015719951,-13207.828863478302,-16706.11892577204,-19733.683403701401,-22059.863663700955,-23585.955761882069,-24306.436662844604,-24257.266007085535,-23475.116630671317,-21979.774368687005,-19780.78243896081,-16892.006691336541,-13341.361283306624,-9176.7356904070621,-4469.252730535055,685.57344129988462,6168.4975809144034,11838.882984321432,17538.632231433141,23097.606063960371,28340.363956333553,33093.961684983689,37196.424733248474,40505.401862443927,42906.413165463498,44320.061950737349,44707.595614952756,44074.28565575523,42470.25163892885,39988.568676390605,36760.751235136639,32949.964462075193,28742.537421671212,24338.503811210998,19941.950574213344,15751.908164324812,11954.379977211571,8715.9086338987581,6178.8464096416646,4458.2732323931323,3640.3224311372337,3781.5591936784222,4909.0228933722119,7020.5902891573623,10085.425291323882,14044.428036053954,18810.751230320231,24270.586093521677,30284.511256434842,36689.72775822426,43303.463451753116,49927.724309544632,56355.412352282066,62377.644106891115,67791.919581271184,72410.640120088065,76069.378735777325,78634.283794915755,80008.04983250954,80134.010670032876,78998.083249629941,76628.492505602291,73093.410445292349,68496.820417065814,62973.049930557136,56680.495389101881,49795.094863471924,42504.107571111068,35000.747105701637,27480.1955711919,20137.468058253038,13167.395404925743,6767.7182464706148,1151.6882239274873,-3443.6907456241033,-6779.4194137653767,-8676.2227439678099,-9102.2641718282812,-8246.6786534020321,-6525.8472696301769,-4489.3720078339029,-2648.9521589371043,-1314.8086703095519,-536.1215953308365,-174.95303793972255,-44.50545045835473,-8.6172799445890806,-1.2457723200357282,-0.13267408163865357,-0.010323270832705468,-0.00047516029726138079
0,-0.00012577113297528985,-0.0022722325629653058,-0.029832388926879842,-0.28618490741108477,-2.0243293425315967,-10.719310693961889,-43.398402981856641,-137.85829751163277,-353.53599618721404,-753.46662188083837,-1372.0466619175804,-2189.8729362337986,-3134.2664316230967,-4104.5632504040668,-5005.1010556148212,-5768.3280855437688,-6360.8999957426186,-6776.1044367254881,-7020.4966635478941,-7101.8775348786039,-7023.0090945065358,-6782.7224078901208,-6379.998891030983,-5816.64337344059,-5098.9038431757263,-4238.4095130282094,-3252.5942697731593,-2164.6798832438985,-1003.2505342352623,198.56432418100724,1404.2780658168278,2575.5687448716462,3674.0721049785743,4663.3528811847855,5510.9314662102834,6190.2190144291872,6682.2020796524084,6976.7225318408391,7073.2221893236756,6980.8638180202734,6717.9975137942083,6311.0076248819159,5792.641530409207,5199.9774985874674,4572.224967301624,3948.5602997128185,3366.1827247320402,2858.7323009566935,2455.1522117009404,2179.0116670457237,2048.2438495372035,2075.2050841030473,2266.9335775025856,2625.4818341771875,3148.2152690077405,3828.0057175227566,4653.295140981425,5608.0531803282647,6671.6940019047242,7819.0466025942569,9020.4837204885553,10242.306114760742,11447.452495448782,12596.564734960448,13649.389372204292,14566.447262797117,15310.860892172535,15850.199577283804,16158.190740116224,16216.152381659018,16014.026837895466,15550.935309945584,14835.220779683108,13883.996860913287,12722.26529739539,11381.700504792303,9899.2240716085289,8315.5068664576502,6673.5451058686294,5017.4640811441805,3391.7137135056,1840.8364513697559,410.01026430321707,-853.25945358432159,-1896.1417545560425,-2660.9983418076531,-3095.0748438755195,-3170.070679429964,-2905.2687804329034,-2381.1900293616463,-1729.8708907151663,-1098.007467321449,-597.73752626244357,-273.00747630422603,-102.074853851771,-30.446028413276419,-7.0649586728421641,-1.2474562976138124,-0.16470338190863937,-0.016068970855654487,-0.0011501254122753086,-4.5019620199709566e-05
0,-9.3821362038177837e-06,-0.00018507251454714417,-0.0026538836303464397,-0.027785768930783248,-0.21408151131463302,-1.2304228423945545,-5.3791409748821861,-18.330656540565865,-50.053529849341359,-112.69858116664093,-215.16062575560355,-357.53913881998994,-529.60068176553398,-714.33058495019486,-893.99764490700045,-1055.1350624463496,-1190.4592662053324,-1297.9305453785519,-1378.347661933195,-1432.9236089910564,-1461.8504938932406,-1464.4024624203075,-1439.7401864359249,-1387.4243374029102,-1307.7222071687297,-1201.7906663605975,-1071.7697537169176,-920.80090008022535,-752.97489987723009,-573.21179017993541,-387.07544928631353,-200.52877738498037,-19.639975358087963,149.74404697575841,302.3356112998689,433.72962155968025,540.6841521550682,621.33096035983147,675.29305756105236,703.69440042114957,709.05744700855917,695.0964797753785,666.42655000465993,628.21778120076613,585.83086922466464,544.47074595468598,508.89121131116656,483.17455887450848,470.59835708513464,473.58864364159524,493.7469652498213,531.92977292061812,588.35390462555574,662.70176710215924,754.20409848481756,861.68588308529502,983.57062829761378,1117.8481249299614,1262.0193868687843,1413.0384103947615,1567.2728740670618,1720.5046608353632,1867.9863951246923,2004.5628094733795,2124.8568112624257,2223.5109207655773,2295.4665968285644,2336.2579913863683,2342.2936926574062,2311.1004275005484,2241.5063958247738,2133.7483188853685,1989.4944023058174,1811.7840656670985,1604.8933575288465,1374.1416868230892,1125.6605461380855,866.14847572038832,602.63922791245739,342.31296306605856,92.384883251910651,-139.88522097786532,-346.99863547533243,-520.73970512867481,-651.67282338695031,-729.71922057783252,-746.64281527809169,-700.22091727243651,-598.44996702049821,-460.96947475963071,-315.26929996045544,-188.02130501970774,-95.764293503056351,-40.70127532607755,-14.081627917966435,-3.8673438833958298,-0.82333634784951792,-0.13313420721752042,-0.016098582169296424,-0.0014409412566071993,-9.4899756020142269e-05,-3.1125991613786071e-06
0,-5.0768184084775007e-07,-1.0962581479232704e-05,-0.00017183923698631893,-0.001962424819160181,-0.016440194573129029,-0.10228165862397967,-0.48120906679077308,-1.752409404023308,-5.074286687130118,-12.019992350167692,-23.96012760516199,-41.284611989391209,-63.032918056422538,-87.211165189126035,-111.55030917443234,-134.21822817323948,-154.15664861051894,-171.01617708389927,-184.85691930857604,-195.81434736771362,-203.88276077026788,-208.91713357051472,-210.7434959366048,-209.22726949405202,-204.31331309961587,-196.05026485925788,-184.60400678764191,-170.26209354128915,-153.42972904696245,-134.6174603890212,-114.42083576797202,-93.492666964940369,-72.509134547336956,-52.131677488456475,-32.967307132367822,-15.530548007485093,-0.2104956732924054,12.753625739572129,23.285594500751881,31.472222278897071,37.549874405735302,41.878626331809826,44.906715893780728,47.129177772587745,49.045271284979748,51.119389076343644,53.749523780245859,57.2461609375572,61.822861573195063,67.598071270814827,74.606131159217625,82.814315158546378,92.142138525744187,102.4792345776449,113.69873411789651,125.66417099197456,138.22927803388259,151.23140671222762,164.48048802429005,177.7462795044197,190.74700881878275,203.14239711206139,214.53346358755826,224.47057678624574,232.47006995746611,238.03854143942979,240.70287994197955,240.04323427232609,235.72569480767177,227.53142514779427,215.37936919468055,199.34039208988452,179.64167494177701,156.66123438252015,130.91344866105138,103.02734949658736,73.720140147197867,43.768940312479998,13.984212813816759,-14.811146715238541,-41.792178898962788,-66.124870275003246,-86.930017942526717,-103.20016457632266,-113.74033905458519,-117.3018099008865,-112.9864069413258,-100.84768165001712,-82.41632528570193,-60.740630842336131,-39.657684338920681,-22.480508977947338,-10.820847745645178,-4.3182687546555591,-1.3936975431519245,-0.3549786106193763,-0.06976766390820735,-0.01038472519285118,-0.0011546264923495411,-9.5080113996124299e-05,-5.7717670398817849e-06,-1.5654881858060827e-07
0,-1.1180776370430799e-08,-2.983302684285719e-07,-5.6827478597099024e-06,-7.749064225176786e-05,-0.00076094560979810574,-0.0054445299421206394,-0.028901595734044622,-0.11657476530308374,-0.36743378690898848,-0.93261878531412756,-1.9647037265076008,-3.5362674268187639,-5.5867534552012348,-7.9395730065672598,-10.374489673957804,-12.704557987766901,-14.817487780994755,-16.673907605358725,-18.278388744607003,-19.644218959557854,-20.768660795609282,-21.632806189858595,-22.214118624825694,-22.493077959830092,-22.45695148345035,-22.102142654047661,-21.435575281178114,-20.475279172392675,-19.250220685952112,-17.799381484420515,-16.17009663886801,-14.415701761296049,-12.592596898670678,-10.756902828502859,-8.9609526233001482,-7.2499156563973886,-5.6588795110441943,-4.210705811480592,-2.9149218130469396,-1.7678111966253631,-0.75373441639508332,0.15244140622329122,0.98206800149505502,1.7689775702694734,2.5457268263073387,3.3402716327069299,4.1734551384151075,5.0575688064783106,5.9960839231612608,6.984478446217663,8.0119293163663841,9.0635283393988679,10.122626496981956,11.17292235662973,12.199979752438123,13.191973951943378,14.139603906491397,15.035248456858145,15.871565448318034,16.639817776275429,17.328249423428232,17.920824684384616,18.396589086490522,18.729820809281193,18.89103031281045,18.848748968931336,18.571940437051957,18.03278528372838,17.20954039238925,16.089165503731873,14.669439341743081,12.960351048864188,10.984638690664202,8.7774431423241506,6.3851412082873713,3.8635075662792686,1.2754263467503504,-1.3115697245829316,-3.8276045921095894,-6.2022203791417949,-8.3651016371116693,-10.24503649554384,-11.765615609912023,-12.834124661597217,-13.334846431327867,-13.14748887605705,-12.195010426330928,-10.509724405595973,-8.284874267472345,-5.865646091982879,-3.6534736339334306,-1.9568871546998596,-0.87945963818394235,-0.32314687211990273,-0.09454970494684084,-0.021474694837741278,-0.0037006503192024347,-0.00047499440046018483,-4.4825795585559785e-05,-3.0878165092200528e-06,-1.5478918482959109e-07,0
